[13:07:59] [Client thread/INFO]: Setting user: Player359
[13:07:59] [Client thread/INFO]: (Session ID is token:0:Player359)
[13:08:02] [Client thread/INFO]: [OptiFine] *** Reflector Forge ***
[13:08:02] [Client thread/INFO]: [OptiFine] (Reflector) Class not present: net.minecraftforge.client.model.Attributes
[13:08:02] [Client thread/INFO]: [OptiFine] (Reflector) Class not present: mods.betterfoliage.client.BetterFoliageClient
[13:08:02] [Client thread/INFO]: [OptiFine] (Reflector) Class not present: net.minecraftforge.fml.common.asm.transformers.BlamingTransformer
[13:08:02] [Client thread/INFO]: [OptiFine] (Reflector) Class not present: net.minecraftforge.event.world.ChunkWatchEvent$UnWatch
[13:08:02] [Client thread/INFO]: [OptiFine] (Reflector) Class not present: net.minecraftforge.fml.relauncher.CoreModManager
[13:08:02] [Client thread/INFO]: [OptiFine] (Reflector) Class not present: net.minecraftforge.common.DimensionManager
[13:08:02] [Client thread/INFO]: [OptiFine] (Reflector) Class not present: net.minecraftforge.client.event.GuiScreenEvent$DrawScreenEvent$Pre
[13:08:02] [Client thread/INFO]: [OptiFine] (Reflector) Class not present: net.minecraftforge.client.event.GuiScreenEvent$DrawScreenEvent$Post
[13:08:02] [Client thread/INFO]: [OptiFine] (Reflector) Class not present: net.minecraftforge.client.event.EntityViewRenderEvent$CameraSetup
[13:08:02] [Client thread/INFO]: [OptiFine] (Reflector) Class not present: net.minecraftforge.client.event.EntityViewRenderEvent$FogColors
[13:08:02] [Client thread/INFO]: [OptiFine] (Reflector) Class not present: net.minecraftforge.fml.common.eventhandler.Event
[13:08:02] [Client thread/INFO]: [OptiFine] (Reflector) Class not present: net.minecraftforge.fml.common.eventhandler.EventBus
[13:08:02] [Client thread/INFO]: [OptiFine] (Reflector) Class not present: net.minecraftforge.fml.common.eventhandler.Event$Result
[13:08:02] [Client thread/INFO]: [OptiFine] (Reflector) Class not present: net.minecraftforge.common.property.ExtendedBlockState
[13:08:02] [Client thread/INFO]: [OptiFine] (Reflector) Class not present: net.minecraftforge.fml.client.FMLClientHandler
[13:08:02] [Client thread/INFO]: [OptiFine] (Reflector) Class not present: net.minecraftforge.fml.common.FMLCommonHandler
[13:08:02] [Client thread/INFO]: [OptiFine] (Reflector) Method not present: net.minecraft.world.biome.BiomeGenBase.getWaterColorMultiplier
[13:08:02] [Client thread/INFO]: [OptiFine] (Reflector) Method not present: net.minecraft.block.Block.addDestroyEffects
[13:08:02] [Client thread/INFO]: [OptiFine] (Reflector) Method not present: net.minecraft.block.Block.addHitEffects
[13:08:02] [Client thread/INFO]: [OptiFine] (Reflector) Method not present: net.minecraft.block.Block.canCreatureSpawn
[13:08:02] [Client thread/INFO]: [OptiFine] (Reflector) Method not present: net.minecraft.block.Block.canRenderInLayer
[13:08:02] [Client thread/INFO]: [OptiFine] (Reflector) Method not present: net.minecraft.block.Block.doesSideBlockRendering
[13:08:02] [Client thread/INFO]: [OptiFine] (Reflector) Method not present: net.minecraft.block.Block.getBedDirection
[13:08:02] [Client thread/INFO]: [OptiFine] (Reflector) Method not present: net.minecraft.block.Block.getExtendedState
[13:08:02] [Client thread/INFO]: [OptiFine] (Reflector) Method not present: net.minecraft.block.Block.hasTileEntity
[13:08:02] [Client thread/INFO]: [OptiFine] (Reflector) Method not present: net.minecraft.block.Block.isAir
[13:08:02] [Client thread/INFO]: [OptiFine] (Reflector) Method not present: net.minecraft.block.Block.isBed
[13:08:02] [Client thread/INFO]: [OptiFine] (Reflector) Method not present: net.minecraft.block.Block.isBedFoot
[13:08:02] [Client thread/INFO]: [OptiFine] (Reflector) Method not present: net.minecraft.block.Block.isSideSolid
[13:08:02] [Client thread/INFO]: [OptiFine] (Reflector) Method not present: net.minecraft.entity.Entity.canRiderInteract
[13:08:02] [Client thread/INFO]: [OptiFine] (Reflector) Field not present: net.minecraft.entity.Entity.captureDrops
[13:08:02] [Client thread/INFO]: [OptiFine] (Reflector) Field not present: net.minecraft.entity.Entity.capturedDrops
[13:08:02] [Client thread/INFO]: [OptiFine] (Reflector) Method not present: net.minecraft.entity.Entity.shouldRenderInPass
[13:08:02] [Client thread/INFO]: [OptiFine] (Reflector) Method not present: net.minecraft.entity.Entity.shouldRiderSit
[13:08:02] [Client thread/INFO]: [OptiFine] (Reflector) Class not present: net.minecraftforge.event.ForgeEventFactory
[13:08:02] [Client thread/INFO]: [OptiFine] (Reflector) Class not present: net.minecraftforge.common.ForgeHooks
[13:08:02] [Client thread/INFO]: [OptiFine] (Reflector) Class not present: net.minecraftforge.client.ForgeHooksClient
[13:08:02] [Client thread/INFO]: [OptiFine] (Reflector) Method not present: net.minecraft.item.Item.getDurabilityForDisplay
[13:08:02] [Client thread/INFO]: [OptiFine] (Reflector) Method not present: net.minecraft.item.Item.getModel
[13:08:02] [Client thread/INFO]: [OptiFine] (Reflector) Method not present: net.minecraft.item.Item.onEntitySwing
[13:08:02] [Client thread/INFO]: [OptiFine] (Reflector) Method not present: net.minecraft.item.Item.shouldCauseReequipAnimation
[13:08:02] [Client thread/INFO]: [OptiFine] (Reflector) Method not present: net.minecraft.item.Item.showDurabilityBar
[13:08:02] [Client thread/INFO]: [OptiFine] (Reflector) Method not present: net.minecraft.item.ItemRecord.getRecordResource
[13:08:02] [Client thread/INFO]: [OptiFine] (Reflector) Class not present: net.minecraftforge.common.ForgeModContainer
[13:08:02] [Client thread/INFO]: [OptiFine] (Reflector) Method not present: net.minecraft.potion.PotionEffect.isCurativeItem
[13:08:02] [Client thread/INFO]: [OptiFine] (Reflector) Method not present: net.minecraft.tileentity.TileEntity.canRenderBreaking
[13:08:02] [Client thread/INFO]: [OptiFine] (Reflector) Method not present: net.minecraft.tileentity.TileEntity.getRenderBoundingBox
[13:08:02] [Client thread/INFO]: [OptiFine] (Reflector) Method not present: net.minecraft.tileentity.TileEntity.hasFastRenderer
[13:08:02] [Client thread/INFO]: [OptiFine] (Reflector) Method not present: net.minecraft.tileentity.TileEntity.shouldRenderInPass
[13:08:02] [Client thread/INFO]: [OptiFine] (Reflector) Method not present: net.minecraft.client.renderer.tileentity.TileEntityRendererDispatcher.preDrawBatch
[13:08:02] [Client thread/INFO]: [OptiFine] (Reflector) Method not present: net.minecraft.client.renderer.tileentity.TileEntityRendererDispatcher.drawBatch
[13:08:02] [Client thread/INFO]: [OptiFine] (Reflector) Method not present: net.minecraft.client.renderer.vertex.VertexFormatElement$EnumUsage.preDraw
[13:08:02] [Client thread/INFO]: [OptiFine] (Reflector) Method not present: net.minecraft.client.renderer.vertex.VertexFormatElement$EnumUsage.postDraw
[13:08:02] [Client thread/INFO]: [OptiFine] (Reflector) Method not present: net.minecraft.world.World.countEntities
[13:08:02] [Client thread/INFO]: [OptiFine] (Reflector) Method not present: net.minecraft.world.World.getPerWorldStorage
[13:08:02] [Client thread/INFO]: [OptiFine] (Reflector) Method not present: net.minecraft.world.WorldProvider.getCloudRenderer
[13:08:02] [Client thread/INFO]: [OptiFine] (Reflector) Method not present: net.minecraft.world.WorldProvider.getSkyRenderer
[13:08:02] [Client thread/INFO]: [OptiFine] (Reflector) Method not present: net.minecraft.world.WorldProvider.getWeatherRenderer
[13:08:02] [Client thread/INFO]: [OptiFine] (Reflector) Class not present: net.minecraftforge.fml.client.GuiModList
[13:08:02] [Client thread/INFO]: [OptiFine] (Reflector) Class not present: net.minecraftforge.client.model.IColoredBakedQuad
[13:08:02] [Client thread/INFO]: [OptiFine] (Reflector) Class not present: net.minecraftforge.common.property.IExtendedBlockState
[13:08:02] [Client thread/INFO]: [OptiFine] (Reflector) Class not present: net.minecraftforge.client.IRenderHandler
[13:08:02] [Client thread/INFO]: [OptiFine] (Reflector) Class not present: net.minecraftforge.client.model.ISmartBlockModel
[13:08:02] [Client thread/INFO]: [OptiFine] (Reflector) Class not present: net.minecraftforge.client.ItemModelMesherForge
[13:08:02] [Client thread/INFO]: [OptiFine] (Reflector) Class not present: net.minecraft.launchwrapper.Launch
[13:08:02] [Client thread/INFO]: [OptiFine] (Reflector) Class not present: net.minecraftforge.client.model.pipeline.LightUtil
[13:08:02] [Client thread/INFO]: [OptiFine] (Reflector) Class not present: net.minecraftforge.common.MinecraftForge
[13:08:02] [Client thread/INFO]: [OptiFine] (Reflector) Class not present: net.minecraftforge.client.MinecraftForgeClient
[13:08:02] [Client thread/INFO]: [OptiFine] (Reflector) Class not present: net.minecraftforge.client.model.ModelLoader
[13:08:02] [Client thread/INFO]: [OptiFine] (Reflector) Class not present: net.minecraftforge.client.event.RenderBlockOverlayEvent$OverlayType
[13:08:02] [Client thread/INFO]: [OptiFine] (Reflector) Class not present: net.minecraftforge.fml.client.registry.RenderingRegistry
[13:08:02] [Client thread/INFO]: [OptiFine] (Reflector) Class not present: net.minecraftforge.client.event.RenderItemInFrameEvent
[13:08:02] [Client thread/INFO]: [OptiFine] (Reflector) Class not present: net.minecraftforge.client.event.RenderLivingEvent$Pre
[13:08:02] [Client thread/INFO]: [OptiFine] (Reflector) Class not present: net.minecraftforge.client.event.RenderLivingEvent$Post
[13:08:02] [Client thread/INFO]: [OptiFine] (Reflector) Class not present: net.minecraftforge.client.event.RenderLivingEvent$Specials$Pre
[13:08:02] [Client thread/INFO]: [OptiFine] (Reflector) Class not present: net.minecraftforge.client.event.RenderLivingEvent$Specials$Post
[13:08:02] [Client thread/INFO]: [OptiFine] (Reflector) Class not present: net.minecraftforge.fml.client.SplashProgress
[13:08:02] [Client thread/INFO]: [OptiFine] (Reflector) Class not present: net.minecraftforge.event.world.WorldEvent$Load
[13:08:02] [Client thread/INFO]: [OptiFine] *** Reflector Vanilla ***
[13:08:02] [Client thread/INFO]: [OptiFine] (Reflector) Class not present: optifine.OptiFineClassTransformer
[13:08:02] [Client thread/INFO]: LWJGL Version: 2.9.4
[13:08:03] [Client thread/INFO]: [OptiFine] 
[13:08:03] [Client thread/INFO]: [OptiFine] OptiFine_1.8.8_HD_U_H8
[13:08:03] [Client thread/INFO]: [OptiFine] Build: null
[13:08:03] [Client thread/INFO]: [OptiFine] OS: Windows 11 (amd64) version 10.0
[13:08:03] [Client thread/INFO]: [OptiFine] Java: 17.0.6, Eclipse Adoptium
[13:08:03] [Client thread/INFO]: [OptiFine] VM: OpenJDK 64-Bit Server VM (mixed mode), Eclipse Adoptium
[13:08:03] [Client thread/INFO]: [OptiFine] LWJGL: 2.9.4
[13:08:03] [Client thread/INFO]: [OptiFine] OpenGL: AMD Radeon(TM) Graphics, version 4.6.14761 Compatibility Profile Context 21.30.44.10 30.0.13044.10001, ATI Technologies Inc.
[13:08:03] [Client thread/INFO]: [OptiFine] OpenGL Version: 4.6.14761
[13:08:03] [Client thread/INFO]: [OptiFine] OpenGL Fancy fog: Not available (GL_NV_fog_distance)
[13:08:03] [Client thread/INFO]: [OptiFine] Maximum texture size: 16384x16384
[13:08:03] [Thread-5/INFO]: [OptiFine] Checking for new version
[13:08:03] [Client thread/INFO]: [Shaders] ShadersMod version: 2.4.12
[13:08:03] [Client thread/INFO]: [Shaders] OpenGL Version: 4.6.14761 Compatibility Profile Context 21.30.44.10 30.0.13044.10001
[13:08:03] [Client thread/INFO]: [Shaders] Vendor:  ATI Technologies Inc.
[13:08:03] [Client thread/INFO]: [Shaders] Renderer: AMD Radeon(TM) Graphics
[13:08:03] [Client thread/INFO]: [Shaders] Capabilities:  2.0  2.1  3.0  3.2  4.0 
[13:08:03] [Client thread/INFO]: [Shaders] GL_MAX_DRAW_BUFFERS: 8
[13:08:03] [Client thread/INFO]: [Shaders] GL_MAX_COLOR_ATTACHMENTS_EXT: 8
[13:08:03] [Client thread/INFO]: [Shaders] GL_MAX_TEXTURE_IMAGE_UNITS: 32
[13:08:03] [Client thread/INFO]: [Shaders] Load ShadersMod configuration.
[13:08:03] [Client thread/INFO]: [Shaders] Save ShadersMod configuration.
[13:08:03] [Client thread/INFO]: [Shaders] Shaders can not be loaded, Fast Render is enabled.
[13:08:03] [Client thread/INFO]: [Shaders] No shaderpack loaded.
[13:08:03] [Thread-5/INFO]: [OptiFine] Version found: I7
[13:08:03] [Client thread/INFO]: Reloading ResourceManager: Default
[13:08:03] [Client thread/INFO]: [OptiFine] *** Reloading textures ***
[13:08:03] [Client thread/INFO]: [OptiFine] Resource packs: Default
[13:08:04] [Sound Library Loader/INFO]: Starting up SoundSystem...
[13:08:04] [Thread-6/INFO]: Initializing LWJGL OpenAL
[13:08:04] [Thread-6/INFO]: (The LWJGL binding of OpenAL.  For more information, see http://www.lwjgl.org)
[13:08:05] [Thread-6/INFO]: OpenAL initialized.
[13:08:05] [Sound Library Loader/INFO]: Sound engine started
[13:08:08] [Client thread/INFO]: [OptiFine] Mipmap levels: 4
[13:08:08] [Client thread/INFO]: [OptiFine] Multitexture: false
[13:08:08] [Client thread/INFO]: [OptiFine] ConnectedTextures: mcpatcher/ctm/default/0_glass_white/glass_pane_white.properties
[13:08:08] [Client thread/INFO]: [OptiFine] ConnectedTextures: mcpatcher/ctm/default/0_glass_white/glass_white.properties
[13:08:08] [Client thread/INFO]: [OptiFine] ConnectedTextures: mcpatcher/ctm/default/10_glass_purple/glass_pane_purple.properties
[13:08:08] [Client thread/INFO]: [OptiFine] ConnectedTextures: mcpatcher/ctm/default/10_glass_purple/glass_purple.properties
[13:08:08] [Client thread/INFO]: [OptiFine] ConnectedTextures: mcpatcher/ctm/default/11_glass_blue/glass_blue.properties
[13:08:08] [Client thread/INFO]: [OptiFine] ConnectedTextures: mcpatcher/ctm/default/11_glass_blue/glass_pane_blue.properties
[13:08:08] [Client thread/INFO]: [OptiFine] ConnectedTextures: mcpatcher/ctm/default/12_glass_brown/glass_brown.properties
[13:08:08] [Client thread/INFO]: [OptiFine] ConnectedTextures: mcpatcher/ctm/default/12_glass_brown/glass_pane_brown.properties
[13:08:08] [Client thread/INFO]: [OptiFine] ConnectedTextures: mcpatcher/ctm/default/13_glass_green/glass_green.properties
[13:08:08] [Client thread/INFO]: [OptiFine] ConnectedTextures: mcpatcher/ctm/default/13_glass_green/glass_pane_green.properties
[13:08:08] [Client thread/INFO]: [OptiFine] ConnectedTextures: mcpatcher/ctm/default/14_glass_red/glass_pane_red.properties
[13:08:08] [Client thread/INFO]: [OptiFine] ConnectedTextures: mcpatcher/ctm/default/14_glass_red/glass_red.properties
[13:08:08] [Client thread/INFO]: [OptiFine] ConnectedTextures: mcpatcher/ctm/default/15_glass_black/glass_black.properties
[13:08:08] [Client thread/INFO]: [OptiFine] ConnectedTextures: mcpatcher/ctm/default/15_glass_black/glass_pane_black.properties
[13:08:08] [Client thread/INFO]: [OptiFine] ConnectedTextures: mcpatcher/ctm/default/1_glass_orange/glass_orange.properties
[13:08:08] [Client thread/INFO]: [OptiFine] ConnectedTextures: mcpatcher/ctm/default/1_glass_orange/glass_pane_orange.properties
[13:08:08] [Client thread/INFO]: [OptiFine] ConnectedTextures: mcpatcher/ctm/default/2_glass_magenta/glass_magenta.properties
[13:08:08] [Client thread/INFO]: [OptiFine] ConnectedTextures: mcpatcher/ctm/default/2_glass_magenta/glass_pane_magenta.properties
[13:08:08] [Client thread/INFO]: [OptiFine] ConnectedTextures: mcpatcher/ctm/default/3_glass_light_blue/glass_light_blue.properties
[13:08:09] [Client thread/INFO]: [OptiFine] ConnectedTextures: mcpatcher/ctm/default/3_glass_light_blue/glass_pane_light_blue.properties
[13:08:09] [Client thread/INFO]: [OptiFine] ConnectedTextures: mcpatcher/ctm/default/4_glass_yellow/glass_pane_yellow.properties
[13:08:09] [Client thread/INFO]: [OptiFine] ConnectedTextures: mcpatcher/ctm/default/4_glass_yellow/glass_yellow.properties
[13:08:09] [Client thread/INFO]: [OptiFine] ConnectedTextures: mcpatcher/ctm/default/5_glass_lime/glass_lime.properties
[13:08:09] [Client thread/INFO]: [OptiFine] ConnectedTextures: mcpatcher/ctm/default/5_glass_lime/glass_pane_lime.properties
[13:08:09] [Client thread/INFO]: [OptiFine] ConnectedTextures: mcpatcher/ctm/default/6_glass_pink/glass_pane_pink.properties
[13:08:09] [Client thread/INFO]: [OptiFine] ConnectedTextures: mcpatcher/ctm/default/6_glass_pink/glass_pink.properties
[13:08:09] [Client thread/INFO]: [OptiFine] ConnectedTextures: mcpatcher/ctm/default/7_glass_gray/glass_gray.properties
[13:08:09] [Client thread/INFO]: [OptiFine] ConnectedTextures: mcpatcher/ctm/default/7_glass_gray/glass_pane_gray.properties
[13:08:09] [Client thread/INFO]: [OptiFine] ConnectedTextures: mcpatcher/ctm/default/8_glass_silver/glass_pane_silver.properties
[13:08:09] [Client thread/INFO]: [OptiFine] ConnectedTextures: mcpatcher/ctm/default/8_glass_silver/glass_silver.properties
[13:08:09] [Client thread/INFO]: [OptiFine] ConnectedTextures: mcpatcher/ctm/default/9_glass_cyan/glass_cyan.properties
[13:08:09] [Client thread/INFO]: [OptiFine] ConnectedTextures: mcpatcher/ctm/default/9_glass_cyan/glass_pane_cyan.properties
[13:08:09] [Client thread/INFO]: [OptiFine] ConnectedTextures: mcpatcher/ctm/default/bookshelf.properties
[13:08:09] [Client thread/INFO]: [OptiFine] ConnectedTextures: mcpatcher/ctm/default/glass.properties
[13:08:09] [Client thread/INFO]: [OptiFine] ConnectedTextures: mcpatcher/ctm/default/glasspane.properties
[13:08:09] [Client thread/INFO]: [OptiFine] ConnectedTextures: mcpatcher/ctm/default/sandstone.properties
[13:08:09] [Client thread/INFO]: [OptiFine] Multipass connected textures: false
[13:08:10] [Client thread/INFO]: Created: 1024x512 textures-atlas
[13:08:12] [Client thread/INFO]: [OptiFine] *** Reloading custom textures ***
[13:08:12] [Client thread/INFO]: [OptiFine] Enable face culling: acacia_leaves, birch_leaves, dark_oak_leaves, jungle_leaves, oak_leaves, spruce_leaves
[13:08:13] [Client thread/WARN]: Unable to play unknown soundEvent: minecraft:gui.button.press
[13:08:14] [Client thread/WARN]: Unable to play unknown soundEvent: minecraft:gui.button.press
[13:08:15] [Client thread/WARN]: Unable to play unknown soundEvent: minecraft:gui.button.press
[13:08:16] [Client thread/WARN]: Unable to play unknown soundEvent: minecraft:gui.button.press
[13:08:16] [Client thread/WARN]: Unable to play unknown soundEvent: minecraft:gui.button.press
[13:08:18] [Server thread/INFO]: Starting integrated minecraft server version 1.8.8
[13:08:18] [Server thread/INFO]: Generating keypair
[13:08:18] [Server thread/INFO]: Preparing start region for level 0
[13:08:19] [Server thread/INFO]: Preparing spawn area: 35%
[13:08:20] [Server thread/INFO]: Changing view distance to 8, from 10
[13:08:20] [Server thread/INFO]: Player359[local:E:c2a5341b] logged in with entity id 195 at (287.7182119057061, 83.0, 238.30000001192093)
[13:08:20] [Server thread/INFO]: Player359 joined the game
[13:08:20] [Client thread/INFO]: [CHAT] A new §eOptiFine§f version is available: §eHD Ultra I7§f
[13:08:21] [Client thread/WARN]: Unable to play unknown soundEvent: minecraft:music.game.creative
[13:08:25] [Client thread/WARN]: Unable to play unknown soundEvent: minecraft:step.sand
[13:08:30] [Client thread/WARN]: Unable to play unknown soundEvent: minecraft:step.sand
[13:08:40] [Client thread/INFO]: [CHAT] §7[§4Base§7]§f > Scaffold is now bound to "B".
[13:08:41] [Server thread/INFO]: Saving and pausing game...
[13:08:41] [Server thread/INFO]: Saving chunks for level 'mcpworld'/Overworld
[13:08:41] [Server thread/INFO]: Saving chunks for level 'mcpworld'/Nether
[13:08:41] [Server thread/INFO]: Saving chunks for level 'mcpworld'/The End
[13:08:43] [Client thread/WARN]: Unable to play unknown soundEvent: minecraft:dig.stone
[13:08:43] [Client thread/WARN]: Unable to play unknown soundEvent: minecraft:dig.stone
[13:08:44] [Client thread/WARN]: Unable to play unknown soundEvent: minecraft:dig.stone
[13:08:44] [Client thread/WARN]: Unable to play unknown soundEvent: minecraft:dig.stone
[13:08:44] [Client thread/WARN]: Unable to play unknown soundEvent: minecraft:dig.stone
[13:08:44] [Client thread/WARN]: Unable to play unknown soundEvent: minecraft:dig.stone
[13:08:45] [Client thread/WARN]: Unable to play unknown soundEvent: minecraft:dig.stone
[13:08:45] [Client thread/WARN]: Unable to play unknown soundEvent: minecraft:dig.stone
[13:08:45] [Client thread/WARN]: Unable to play unknown soundEvent: minecraft:dig.stone
[13:08:45] [Client thread/WARN]: Unable to play unknown soundEvent: minecraft:dig.stone
[13:08:45] [Client thread/WARN]: Unable to play unknown soundEvent: minecraft:dig.stone
[13:08:45] [Client thread/WARN]: Unable to play unknown soundEvent: minecraft:dig.stone
[13:08:46] [Client thread/WARN]: Unable to play unknown soundEvent: minecraft:dig.stone
[13:08:46] [Client thread/WARN]: Unable to play unknown soundEvent: minecraft:dig.stone
[13:08:46] [Client thread/WARN]: Unable to play unknown soundEvent: minecraft:dig.stone
[13:08:46] [Client thread/WARN]: Unable to play unknown soundEvent: minecraft:dig.stone
[13:08:46] [Client thread/WARN]: Unable to play unknown soundEvent: minecraft:dig.stone
[13:08:47] [Client thread/WARN]: Unable to play unknown soundEvent: minecraft:dig.stone
[13:08:47] [Client thread/WARN]: Unable to play unknown soundEvent: minecraft:dig.stone
[13:08:47] [Client thread/WARN]: Unable to play unknown soundEvent: minecraft:step.stone
[13:08:47] [Client thread/WARN]: Unable to play unknown soundEvent: minecraft:dig.stone
[13:08:47] [Client thread/WARN]: Unable to play unknown soundEvent: minecraft:dig.stone
[13:08:47] [Client thread/WARN]: Unable to play unknown soundEvent: minecraft:dig.stone
[13:08:47] [Client thread/WARN]: Unable to play unknown soundEvent: minecraft:step.stone
[13:08:47] [Client thread/WARN]: Unable to play unknown soundEvent: minecraft:dig.stone
[13:08:48] [Client thread/WARN]: Unable to play unknown soundEvent: minecraft:dig.stone
[13:08:48] [Client thread/WARN]: Unable to play unknown soundEvent: minecraft:step.stone
[13:08:48] [Client thread/WARN]: Unable to play unknown soundEvent: minecraft:dig.stone
[13:08:48] [Client thread/WARN]: Unable to play unknown soundEvent: minecraft:dig.stone
[13:08:48] [Client thread/WARN]: Unable to play unknown soundEvent: minecraft:dig.stone
[13:08:48] [Client thread/WARN]: Unable to play unknown soundEvent: minecraft:dig.stone
[13:08:48] [Client thread/WARN]: Unable to play unknown soundEvent: minecraft:dig.stone
[13:08:48] [Client thread/WARN]: Unable to play unknown soundEvent: minecraft:dig.stone
[13:08:48] [Client thread/WARN]: Unable to play unknown soundEvent: minecraft:step.stone
[13:08:48] [Client thread/WARN]: Unable to play unknown soundEvent: minecraft:dig.stone
[13:08:48] [Client thread/WARN]: Unable to play unknown soundEvent: minecraft:dig.stone
[13:08:49] [Client thread/WARN]: Unable to play unknown soundEvent: minecraft:dig.stone
[13:08:49] [Client thread/WARN]: Unable to play unknown soundEvent: minecraft:step.stone
[13:09:13] [Client thread/WARN]: Unable to play unknown soundEvent: minecraft:dig.stone
[13:09:13] [Client thread/WARN]: Unable to play unknown soundEvent: minecraft:step.stone
[13:09:13] [Client thread/WARN]: Unable to play unknown soundEvent: minecraft:dig.stone
[13:09:13] [Client thread/WARN]: Unable to play unknown soundEvent: minecraft:dig.stone
[13:09:13] [Client thread/WARN]: Unable to play unknown soundEvent: minecraft:step.stone
[13:09:13] [Client thread/WARN]: Unable to play unknown soundEvent: minecraft:dig.stone
[13:09:14] [Client thread/WARN]: Unable to play unknown soundEvent: minecraft:dig.stone
[13:09:14] [Client thread/WARN]: Unable to play unknown soundEvent: minecraft:step.stone
[13:09:14] [Client thread/WARN]: Unable to play unknown soundEvent: minecraft:dig.stone
[13:09:14] [Client thread/WARN]: Unable to play unknown soundEvent: minecraft:dig.stone
[13:09:14] [Client thread/WARN]: Unable to play unknown soundEvent: minecraft:step.stone
[13:09:14] [Client thread/WARN]: Unable to play unknown soundEvent: minecraft:dig.stone
[13:09:14] [Client thread/WARN]: Unable to play unknown soundEvent: minecraft:dig.stone
[13:09:15] [Client thread/WARN]: Unable to play unknown soundEvent: minecraft:dig.stone
[13:09:15] [Client thread/WARN]: Unable to play unknown soundEvent: minecraft:dig.stone
[13:09:15] [Client thread/WARN]: Unable to play unknown soundEvent: minecraft:step.stone
[13:09:15] [Client thread/WARN]: Unable to play unknown soundEvent: minecraft:dig.stone
[13:09:15] [Client thread/WARN]: Unable to play unknown soundEvent: minecraft:dig.stone
[13:09:15] [Client thread/WARN]: Unable to play unknown soundEvent: minecraft:step.stone
[13:09:16] [Client thread/WARN]: Unable to play unknown soundEvent: minecraft:dig.stone
[13:09:16] [Client thread/WARN]: Unable to play unknown soundEvent: minecraft:dig.stone
[13:09:16] [Client thread/WARN]: Unable to play unknown soundEvent: minecraft:step.stone
[13:09:16] [Client thread/WARN]: Unable to play unknown soundEvent: minecraft:dig.stone
[13:09:16] [Client thread/WARN]: Unable to play unknown soundEvent: minecraft:dig.stone
[13:09:16] [Client thread/WARN]: Unable to play unknown soundEvent: minecraft:dig.stone
[13:09:17] [Client thread/WARN]: Unable to play unknown soundEvent: minecraft:step.stone
[13:09:17] [Client thread/WARN]: Unable to play unknown soundEvent: minecraft:dig.stone
[13:09:17] [Client thread/WARN]: Unable to play unknown soundEvent: minecraft:dig.stone
[13:09:17] [Client thread/WARN]: Unable to play unknown soundEvent: minecraft:step.stone
[13:09:17] [Client thread/WARN]: Unable to play unknown soundEvent: minecraft:dig.stone
[13:09:17] [Client thread/WARN]: Unable to play unknown soundEvent: minecraft:dig.stone
[13:09:18] [Client thread/WARN]: Unable to play unknown soundEvent: minecraft:dig.stone
[13:09:18] [Client thread/WARN]: Unable to play unknown soundEvent: minecraft:step.stone
[13:09:18] [Client thread/WARN]: Unable to play unknown soundEvent: minecraft:dig.stone
[13:09:18] [Client thread/WARN]: Unable to play unknown soundEvent: minecraft:dig.stone
[13:09:18] [Client thread/WARN]: Unable to play unknown soundEvent: minecraft:dig.stone
[13:09:18] [Client thread/WARN]: Unable to play unknown soundEvent: minecraft:step.stone
[13:09:19] [Client thread/WARN]: Unable to play unknown soundEvent: minecraft:dig.stone
[13:09:19] [Client thread/WARN]: Unable to play unknown soundEvent: minecraft:dig.stone
[13:09:19] [Client thread/WARN]: Unable to play unknown soundEvent: minecraft:step.stone
[13:09:19] [Client thread/WARN]: Unable to play unknown soundEvent: minecraft:dig.stone
[13:09:19] [Client thread/WARN]: Unable to play unknown soundEvent: minecraft:step.stone
[13:09:19] [Client thread/WARN]: Unable to play unknown soundEvent: minecraft:dig.stone
[13:09:19] [Client thread/WARN]: Unable to play unknown soundEvent: minecraft:dig.stone
[13:09:20] [Client thread/WARN]: Unable to play unknown soundEvent: minecraft:step.stone
[13:09:20] [Client thread/WARN]: Unable to play unknown soundEvent: minecraft:dig.stone
[13:09:20] [Client thread/WARN]: Unable to play unknown soundEvent: minecraft:dig.stone
[13:09:20] [Client thread/WARN]: Unable to play unknown soundEvent: minecraft:step.stone
[13:09:20] [Client thread/WARN]: Unable to play unknown soundEvent: minecraft:dig.stone
[13:09:20] [Client thread/WARN]: Unable to play unknown soundEvent: minecraft:dig.stone
[13:09:20] [Client thread/WARN]: Unable to play unknown soundEvent: minecraft:dig.stone
[13:09:20] [Client thread/WARN]: Unable to play unknown soundEvent: minecraft:dig.stone
[13:09:20] [Client thread/WARN]: Unable to play unknown soundEvent: minecraft:step.stone
[13:09:21] [Client thread/WARN]: Unable to play unknown soundEvent: minecraft:dig.stone
[13:09:21] [Client thread/WARN]: Unable to play unknown soundEvent: minecraft:dig.stone
[13:09:21] [Client thread/WARN]: Unable to play unknown soundEvent: minecraft:step.stone
[13:09:21] [Client thread/WARN]: Unable to play unknown soundEvent: minecraft:dig.stone
[13:09:21] [Client thread/WARN]: Unable to play unknown soundEvent: minecraft:dig.stone
[13:09:21] [Client thread/WARN]: Unable to play unknown soundEvent: minecraft:step.stone
[13:09:21] [Client thread/WARN]: Unable to play unknown soundEvent: minecraft:dig.stone
[13:09:21] [Client thread/WARN]: Unable to play unknown soundEvent: minecraft:dig.stone
[13:09:21] [Client thread/WARN]: Unable to play unknown soundEvent: minecraft:dig.stone
[13:09:21] [Client thread/WARN]: Unable to play unknown soundEvent: minecraft:step.stone
[13:09:22] [Client thread/WARN]: Unable to play unknown soundEvent: minecraft:dig.stone
[13:09:22] [Client thread/WARN]: Unable to play unknown soundEvent: minecraft:dig.stone
[13:09:22] [Client thread/WARN]: Unable to play unknown soundEvent: minecraft:step.stone
[13:09:22] [Client thread/WARN]: Unable to play unknown soundEvent: minecraft:dig.stone
[13:09:22] [Client thread/WARN]: Unable to play unknown soundEvent: minecraft:dig.stone
[13:09:22] [Client thread/WARN]: Unable to play unknown soundEvent: minecraft:step.stone
[13:09:22] [Client thread/WARN]: Unable to play unknown soundEvent: minecraft:dig.stone
[13:09:22] [Client thread/WARN]: Unable to play unknown soundEvent: minecraft:dig.stone
[13:09:22] [Client thread/WARN]: Unable to play unknown soundEvent: minecraft:step.stone
[13:09:23] [Client thread/WARN]: Unable to play unknown soundEvent: minecraft:dig.stone
[13:09:23] [Client thread/WARN]: Unable to play unknown soundEvent: minecraft:dig.stone
[13:09:23] [Client thread/WARN]: Unable to play unknown soundEvent: minecraft:step.stone
[13:09:23] [Client thread/WARN]: Unable to play unknown soundEvent: minecraft:dig.stone
[13:09:23] [Client thread/WARN]: Unable to play unknown soundEvent: minecraft:dig.stone
[13:09:23] [Client thread/WARN]: Unable to play unknown soundEvent: minecraft:dig.stone
[13:09:23] [Client thread/WARN]: Unable to play unknown soundEvent: minecraft:step.stone
[13:09:23] [Client thread/WARN]: Unable to play unknown soundEvent: minecraft:dig.stone
[13:09:24] [Client thread/WARN]: Unable to play unknown soundEvent: minecraft:dig.stone
[13:09:24] [Client thread/WARN]: Unable to play unknown soundEvent: minecraft:step.stone
[13:09:24] [Client thread/WARN]: Unable to play unknown soundEvent: minecraft:dig.stone
[13:09:24] [Client thread/WARN]: Unable to play unknown soundEvent: minecraft:dig.stone
[13:09:24] [Client thread/WARN]: Unable to play unknown soundEvent: minecraft:step.stone
[13:09:24] [Client thread/WARN]: Unable to play unknown soundEvent: minecraft:dig.stone
[13:09:24] [Client thread/WARN]: Unable to play unknown soundEvent: minecraft:dig.stone
[13:09:24] [Client thread/WARN]: Unable to play unknown soundEvent: minecraft:step.stone
[13:09:24] [Client thread/WARN]: Unable to play unknown soundEvent: minecraft:dig.stone
[13:09:25] [Client thread/WARN]: Unable to play unknown soundEvent: minecraft:dig.stone
[13:09:25] [Client thread/WARN]: Unable to play unknown soundEvent: minecraft:dig.stone
[13:09:25] [Client thread/WARN]: Unable to play unknown soundEvent: minecraft:step.stone
[13:09:25] [Client thread/WARN]: Unable to play unknown soundEvent: minecraft:dig.stone
[13:09:25] [Client thread/WARN]: Unable to play unknown soundEvent: minecraft:dig.stone
[13:09:25] [Client thread/WARN]: Unable to play unknown soundEvent: minecraft:step.stone
[13:09:25] [Client thread/WARN]: Unable to play unknown soundEvent: minecraft:dig.stone
[13:09:25] [Client thread/WARN]: Unable to play unknown soundEvent: minecraft:dig.stone
[13:09:25] [Client thread/WARN]: Unable to play unknown soundEvent: minecraft:step.stone
[13:09:26] [Client thread/WARN]: Unable to play unknown soundEvent: minecraft:dig.stone
[13:09:26] [Client thread/WARN]: Unable to play unknown soundEvent: minecraft:dig.stone
[13:09:26] [Client thread/WARN]: Unable to play unknown soundEvent: minecraft:step.stone
[13:09:26] [Client thread/WARN]: Unable to play unknown soundEvent: minecraft:dig.stone
[13:09:26] [Client thread/WARN]: Unable to play unknown soundEvent: minecraft:dig.stone
[13:09:26] [Client thread/WARN]: Unable to play unknown soundEvent: minecraft:dig.stone
[13:09:26] [Client thread/WARN]: Unable to play unknown soundEvent: minecraft:step.stone
[13:09:26] [Client thread/WARN]: Unable to play unknown soundEvent: minecraft:dig.stone
[13:09:26] [Client thread/WARN]: Unable to play unknown soundEvent: minecraft:dig.stone
[13:09:27] [Client thread/WARN]: Unable to play unknown soundEvent: minecraft:dig.stone
[13:09:27] [Client thread/WARN]: Unable to play unknown soundEvent: minecraft:step.stone
[13:09:27] [Client thread/WARN]: Unable to play unknown soundEvent: minecraft:dig.stone
[13:09:27] [Client thread/WARN]: Unable to play unknown soundEvent: minecraft:dig.stone
[13:09:27] [Client thread/WARN]: Unable to play unknown soundEvent: minecraft:step.stone
[13:09:27] [Client thread/WARN]: Unable to play unknown soundEvent: minecraft:dig.stone
[13:09:27] [Client thread/WARN]: Unable to play unknown soundEvent: minecraft:dig.stone
[13:09:27] [Client thread/WARN]: Unable to play unknown soundEvent: minecraft:dig.stone
[13:09:27] [Client thread/WARN]: Unable to play unknown soundEvent: minecraft:step.stone
[13:09:28] [Client thread/WARN]: Unable to play unknown soundEvent: minecraft:dig.stone
[13:09:28] [Client thread/WARN]: Unable to play unknown soundEvent: minecraft:step.stone
[13:09:28] [Client thread/WARN]: Unable to play unknown soundEvent: minecraft:dig.stone
[13:09:28] [Client thread/WARN]: Unable to play unknown soundEvent: minecraft:dig.stone
[13:09:28] [Client thread/WARN]: Unable to play unknown soundEvent: minecraft:dig.stone
[13:09:28] [Client thread/WARN]: Unable to play unknown soundEvent: minecraft:step.stone
[13:09:28] [Client thread/WARN]: Unable to play unknown soundEvent: minecraft:dig.stone
[13:09:28] [Client thread/WARN]: Unable to play unknown soundEvent: minecraft:dig.stone
[13:09:28] [Client thread/WARN]: Unable to play unknown soundEvent: minecraft:step.stone
[13:09:28] [Client thread/WARN]: Unable to play unknown soundEvent: minecraft:dig.stone
[13:09:29] [Client thread/WARN]: Unable to play unknown soundEvent: minecraft:dig.stone
[13:09:29] [Client thread/WARN]: Unable to play unknown soundEvent: minecraft:dig.stone
[13:09:29] [Client thread/WARN]: Unable to play unknown soundEvent: minecraft:step.stone
[13:09:29] [Client thread/WARN]: Unable to play unknown soundEvent: minecraft:dig.stone
[13:09:29] [Client thread/WARN]: Unable to play unknown soundEvent: minecraft:dig.stone
[13:09:29] [Client thread/WARN]: Unable to play unknown soundEvent: minecraft:step.stone
[13:09:29] [Client thread/WARN]: Unable to play unknown soundEvent: minecraft:dig.stone
[13:09:29] [Client thread/WARN]: Unable to play unknown soundEvent: minecraft:dig.stone
[13:09:29] [Client thread/WARN]: Unable to play unknown soundEvent: minecraft:step.stone
[13:09:30] [Client thread/WARN]: Unable to play unknown soundEvent: minecraft:dig.stone
[13:09:30] [Client thread/WARN]: Unable to play unknown soundEvent: minecraft:dig.stone
[13:09:30] [Client thread/WARN]: Unable to play unknown soundEvent: minecraft:step.stone
[13:09:30] [Client thread/WARN]: Unable to play unknown soundEvent: minecraft:dig.stone
[13:09:30] [Client thread/WARN]: Unable to play unknown soundEvent: minecraft:dig.stone
[13:09:30] [Client thread/WARN]: Unable to play unknown soundEvent: minecraft:dig.stone
[13:09:30] [Client thread/WARN]: Unable to play unknown soundEvent: minecraft:dig.stone
[13:09:30] [Client thread/WARN]: Unable to play unknown soundEvent: minecraft:step.stone
[13:09:31] [Client thread/WARN]: Unable to play unknown soundEvent: minecraft:minecart.base
[13:09:32] [Client thread/WARN]: Unable to play unknown soundEvent: minecraft:step.cloth
[13:09:32] [Client thread/WARN]: Unable to play unknown soundEvent: minecraft:step.cloth
[13:09:32] [Client thread/WARN]: Unable to play unknown soundEvent: minecraft:dig.stone
[13:09:32] [Client thread/WARN]: Unable to play unknown soundEvent: minecraft:dig.stone
[13:09:32] [Client thread/WARN]: Unable to play unknown soundEvent: minecraft:dig.stone
[13:09:33] [Client thread/WARN]: Unable to play unknown soundEvent: minecraft:dig.stone
[13:09:33] [Client thread/WARN]: Unable to play unknown soundEvent: minecraft:dig.stone
[13:09:33] [Client thread/WARN]: Unable to play unknown soundEvent: minecraft:step.stone
[13:09:33] [Client thread/WARN]: Unable to play unknown soundEvent: minecraft:dig.stone
[13:09:33] [Client thread/WARN]: Unable to play unknown soundEvent: minecraft:dig.stone
[13:09:33] [Client thread/WARN]: Unable to play unknown soundEvent: minecraft:dig.stone
[13:09:34] [Client thread/WARN]: Unable to play unknown soundEvent: minecraft:dig.stone
[13:09:34] [Client thread/WARN]: Unable to play unknown soundEvent: minecraft:dig.stone
[13:09:34] [Client thread/WARN]: Unable to play unknown soundEvent: minecraft:step.stone
[13:09:34] [Client thread/WARN]: Unable to play unknown soundEvent: minecraft:dig.stone
[13:09:35] [Client thread/WARN]: Unable to play unknown soundEvent: minecraft:dig.stone
[13:09:35] [Client thread/WARN]: Unable to play unknown soundEvent: minecraft:dig.stone
[13:09:35] [Client thread/WARN]: Unable to play unknown soundEvent: minecraft:dig.stone
[13:09:35] [Client thread/WARN]: Unable to play unknown soundEvent: minecraft:dig.stone
[13:09:35] [Client thread/WARN]: Unable to play unknown soundEvent: minecraft:step.stone
[13:09:35] [Client thread/WARN]: Unable to play unknown soundEvent: minecraft:dig.stone
[13:09:36] [Client thread/WARN]: Unable to play unknown soundEvent: minecraft:dig.stone
[13:09:36] [Client thread/WARN]: Unable to play unknown soundEvent: minecraft:step.stone
[13:09:36] [Client thread/WARN]: Unable to play unknown soundEvent: minecraft:dig.stone
[13:09:36] [Client thread/WARN]: Unable to play unknown soundEvent: minecraft:dig.stone
[13:09:36] [Client thread/WARN]: Unable to play unknown soundEvent: minecraft:step.stone
[13:09:36] [Client thread/WARN]: Unable to play unknown soundEvent: minecraft:dig.stone
[13:09:37] [Client thread/WARN]: Unable to play unknown soundEvent: minecraft:dig.stone
[13:09:37] [Client thread/WARN]: Unable to play unknown soundEvent: minecraft:step.stone
[13:09:37] [Client thread/WARN]: Unable to play unknown soundEvent: minecraft:dig.stone
[13:09:37] [Client thread/WARN]: Unable to play unknown soundEvent: minecraft:dig.stone
[13:09:38] [Client thread/WARN]: Unable to play unknown soundEvent: minecraft:dig.stone
[13:09:38] [Client thread/WARN]: Unable to play unknown soundEvent: minecraft:step.stone
[13:09:38] [Client thread/WARN]: Unable to play unknown soundEvent: minecraft:dig.stone
[13:09:38] [Client thread/WARN]: Unable to play unknown soundEvent: minecraft:dig.stone
[13:09:38] [Client thread/WARN]: Unable to play unknown soundEvent: minecraft:dig.stone
[13:09:38] [Client thread/WARN]: Unable to play unknown soundEvent: minecraft:step.stone
[13:09:39] [Client thread/WARN]: Unable to play unknown soundEvent: minecraft:dig.stone
[13:09:39] [Client thread/WARN]: Unable to play unknown soundEvent: minecraft:dig.stone
[13:09:39] [Client thread/WARN]: Unable to play unknown soundEvent: minecraft:step.stone
[13:09:39] [Client thread/WARN]: Unable to play unknown soundEvent: minecraft:dig.stone
[13:09:39] [Client thread/WARN]: Unable to play unknown soundEvent: minecraft:dig.stone
[13:09:39] [Client thread/WARN]: Unable to play unknown soundEvent: minecraft:step.stone
[13:09:40] [Client thread/WARN]: Unable to play unknown soundEvent: minecraft:dig.stone
[13:09:40] [Client thread/WARN]: Unable to play unknown soundEvent: minecraft:dig.stone
[13:09:40] [Client thread/WARN]: Unable to play unknown soundEvent: minecraft:step.stone
[13:09:40] [Client thread/WARN]: Unable to play unknown soundEvent: minecraft:dig.stone
[13:09:40] [Client thread/WARN]: Unable to play unknown soundEvent: minecraft:dig.stone
[13:09:41] [Client thread/WARN]: Unable to play unknown soundEvent: minecraft:dig.stone
[13:09:41] [Client thread/WARN]: Unable to play unknown soundEvent: minecraft:step.stone
[13:09:41] [Client thread/WARN]: Unable to play unknown soundEvent: minecraft:dig.stone
[13:09:41] [Client thread/WARN]: Unable to play unknown soundEvent: minecraft:dig.stone
[13:09:41] [Client thread/WARN]: Unable to play unknown soundEvent: minecraft:step.stone
[13:09:41] [Client thread/WARN]: Unable to play unknown soundEvent: minecraft:dig.stone
[13:09:42] [Client thread/WARN]: Unable to play unknown soundEvent: minecraft:dig.stone
[13:09:42] [Client thread/WARN]: Unable to play unknown soundEvent: minecraft:dig.stone
[13:09:42] [Client thread/WARN]: Unable to play unknown soundEvent: minecraft:step.stone
[13:09:42] [Client thread/WARN]: Unable to play unknown soundEvent: minecraft:dig.stone
[13:09:42] [Client thread/WARN]: Unable to play unknown soundEvent: minecraft:dig.stone
[13:09:42] [Client thread/WARN]: Unable to play unknown soundEvent: minecraft:step.stone
[13:09:42] [Client thread/WARN]: Unable to play unknown soundEvent: minecraft:dig.stone
[13:09:43] [Client thread/WARN]: Unable to play unknown soundEvent: minecraft:dig.stone
[13:09:43] [Client thread/WARN]: Unable to play unknown soundEvent: minecraft:dig.stone
[13:09:43] [Client thread/WARN]: Unable to play unknown soundEvent: minecraft:step.stone
[13:09:43] [Client thread/WARN]: Unable to play unknown soundEvent: minecraft:dig.stone
[13:09:43] [Client thread/WARN]: Unable to play unknown soundEvent: minecraft:dig.stone
[13:09:43] [Client thread/WARN]: Unable to play unknown soundEvent: minecraft:dig.stone
[13:09:44] [Client thread/WARN]: Unable to play unknown soundEvent: minecraft:step.stone
[13:09:44] [Client thread/WARN]: Unable to play unknown soundEvent: minecraft:dig.stone
[13:09:44] [Client thread/WARN]: Unable to play unknown soundEvent: minecraft:dig.stone
[13:09:44] [Client thread/WARN]: Unable to play unknown soundEvent: minecraft:step.stone
[13:09:44] [Client thread/WARN]: Unable to play unknown soundEvent: minecraft:dig.stone
[13:09:44] [Client thread/WARN]: Unable to play unknown soundEvent: minecraft:dig.stone
[13:09:45] [Client thread/WARN]: Unable to play unknown soundEvent: minecraft:step.stone
[13:09:45] [Client thread/WARN]: Unable to play unknown soundEvent: minecraft:dig.stone
[13:09:45] [Client thread/WARN]: Unable to play unknown soundEvent: minecraft:dig.stone
[13:09:45] [Client thread/WARN]: Unable to play unknown soundEvent: minecraft:dig.stone
[13:09:45] [Client thread/WARN]: Unable to play unknown soundEvent: minecraft:step.stone
[13:09:45] [Client thread/WARN]: Unable to play unknown soundEvent: minecraft:dig.stone
[13:09:46] [Client thread/WARN]: Unable to play unknown soundEvent: minecraft:dig.stone
[13:09:46] [Client thread/WARN]: Unable to play unknown soundEvent: minecraft:dig.stone
[13:09:46] [Client thread/WARN]: Unable to play unknown soundEvent: minecraft:step.stone
[13:09:46] [Client thread/WARN]: Unable to play unknown soundEvent: minecraft:dig.stone
[13:09:46] [Client thread/WARN]: Unable to play unknown soundEvent: minecraft:dig.stone
[13:09:46] [Client thread/WARN]: Unable to play unknown soundEvent: minecraft:step.stone
[13:09:46] [Client thread/WARN]: Unable to play unknown soundEvent: minecraft:dig.stone
[13:09:47] [Client thread/WARN]: Unable to play unknown soundEvent: minecraft:dig.stone
[13:09:47] [Client thread/WARN]: Unable to play unknown soundEvent: minecraft:dig.stone
[13:09:47] [Client thread/WARN]: Unable to play unknown soundEvent: minecraft:step.stone
[13:09:47] [Client thread/WARN]: Unable to play unknown soundEvent: minecraft:dig.stone
[13:09:47] [Client thread/WARN]: Unable to play unknown soundEvent: minecraft:dig.stone
[13:09:47] [Client thread/WARN]: Unable to play unknown soundEvent: minecraft:step.stone
[13:09:47] [Client thread/WARN]: Unable to play unknown soundEvent: minecraft:dig.stone
[13:09:47] [Client thread/WARN]: Unable to play unknown soundEvent: minecraft:dig.stone
[13:09:47] [Client thread/WARN]: Unable to play unknown soundEvent: minecraft:step.stone
[13:09:48] [Client thread/WARN]: Unable to play unknown soundEvent: minecraft:dig.stone
[13:09:48] [Client thread/WARN]: Unable to play unknown soundEvent: minecraft:dig.stone
[13:09:48] [Client thread/WARN]: Unable to play unknown soundEvent: minecraft:step.stone
[13:09:48] [Client thread/WARN]: Unable to play unknown soundEvent: minecraft:dig.stone
[13:09:48] [Client thread/WARN]: Unable to play unknown soundEvent: minecraft:dig.stone
[13:09:48] [Client thread/WARN]: Unable to play unknown soundEvent: minecraft:dig.stone
[13:09:48] [Client thread/WARN]: Unable to play unknown soundEvent: minecraft:step.stone
[13:09:48] [Client thread/WARN]: Unable to play unknown soundEvent: minecraft:dig.stone
[13:09:48] [Client thread/WARN]: Unable to play unknown soundEvent: minecraft:dig.stone
[13:09:49] [Client thread/WARN]: Unable to play unknown soundEvent: minecraft:step.stone
[13:09:49] [Client thread/WARN]: Unable to play unknown soundEvent: minecraft:dig.stone
[13:09:49] [Client thread/WARN]: Unable to play unknown soundEvent: minecraft:dig.stone
[13:09:49] [Client thread/WARN]: Unable to play unknown soundEvent: minecraft:step.stone
[13:09:49] [Client thread/WARN]: Unable to play unknown soundEvent: minecraft:dig.stone
[13:09:49] [Client thread/WARN]: Unable to play unknown soundEvent: minecraft:dig.stone
[13:09:49] [Client thread/WARN]: Unable to play unknown soundEvent: minecraft:step.stone
[13:09:50] [Client thread/WARN]: Unable to play unknown soundEvent: minecraft:dig.stone
[13:09:50] [Client thread/WARN]: Unable to play unknown soundEvent: minecraft:step.stone
[13:09:50] [Client thread/WARN]: Unable to play unknown soundEvent: minecraft:dig.stone
[13:09:50] [Client thread/WARN]: Unable to play unknown soundEvent: minecraft:dig.stone
[13:09:50] [Client thread/WARN]: Unable to play unknown soundEvent: minecraft:step.stone
[13:09:50] [Client thread/WARN]: Unable to play unknown soundEvent: minecraft:dig.stone
[13:09:51] [Client thread/WARN]: Unable to play unknown soundEvent: minecraft:step.stone
[13:09:51] [Client thread/WARN]: Unable to play unknown soundEvent: minecraft:dig.stone
[13:09:51] [Client thread/WARN]: Unable to play unknown soundEvent: minecraft:dig.stone
[13:09:51] [Client thread/WARN]: Unable to play unknown soundEvent: minecraft:step.stone
[13:09:51] [Client thread/WARN]: Unable to play unknown soundEvent: minecraft:dig.stone
[13:09:51] [Client thread/WARN]: Unable to play unknown soundEvent: minecraft:dig.stone
[13:09:51] [Client thread/WARN]: Unable to play unknown soundEvent: minecraft:step.stone
[13:09:52] [Client thread/WARN]: Unable to play unknown soundEvent: minecraft:dig.stone
[13:09:52] [Client thread/WARN]: Unable to play unknown soundEvent: minecraft:step.stone
[13:09:52] [Client thread/WARN]: Unable to play unknown soundEvent: minecraft:dig.stone
[13:09:52] [Client thread/WARN]: Unable to play unknown soundEvent: minecraft:dig.stone
[13:09:52] [Client thread/WARN]: Unable to play unknown soundEvent: minecraft:step.stone
[13:09:52] [Client thread/WARN]: Unable to play unknown soundEvent: minecraft:dig.stone
[13:09:53] [Client thread/WARN]: Unable to play unknown soundEvent: minecraft:step.stone
[13:09:53] [Client thread/WARN]: Unable to play unknown soundEvent: minecraft:dig.stone
[13:09:53] [Client thread/WARN]: Unable to play unknown soundEvent: minecraft:dig.stone
[13:09:53] [Client thread/WARN]: Unable to play unknown soundEvent: minecraft:step.stone
[13:09:53] [Client thread/WARN]: Unable to play unknown soundEvent: minecraft:dig.stone
[13:09:53] [Client thread/WARN]: Unable to play unknown soundEvent: minecraft:dig.stone
[13:09:53] [Client thread/WARN]: Unable to play unknown soundEvent: minecraft:step.stone
[13:09:53] [Client thread/WARN]: Unable to play unknown soundEvent: minecraft:dig.stone
[13:09:54] [Client thread/WARN]: Unable to play unknown soundEvent: minecraft:step.stone
[13:09:54] [Client thread/WARN]: Unable to play unknown soundEvent: minecraft:dig.stone
[13:09:54] [Client thread/WARN]: Unable to play unknown soundEvent: minecraft:dig.stone
[13:09:54] [Client thread/WARN]: Unable to play unknown soundEvent: minecraft:step.stone
[13:09:54] [Client thread/WARN]: Unable to play unknown soundEvent: minecraft:dig.stone
[13:09:54] [Client thread/WARN]: Unable to play unknown soundEvent: minecraft:dig.stone
[13:09:54] [Client thread/WARN]: Unable to play unknown soundEvent: minecraft:step.stone
[13:09:55] [Client thread/WARN]: Unable to play unknown soundEvent: minecraft:dig.stone
[13:09:55] [Client thread/WARN]: Unable to play unknown soundEvent: minecraft:step.stone
[13:09:55] [Client thread/WARN]: Unable to play unknown soundEvent: minecraft:dig.stone
[13:09:55] [Client thread/WARN]: Unable to play unknown soundEvent: minecraft:dig.stone
[13:09:55] [Client thread/WARN]: Unable to play unknown soundEvent: minecraft:step.stone
[13:09:55] [Client thread/WARN]: Unable to play unknown soundEvent: minecraft:dig.stone
[13:09:55] [Client thread/WARN]: Unable to play unknown soundEvent: minecraft:dig.stone
[13:09:56] [Client thread/WARN]: Unable to play unknown soundEvent: minecraft:step.stone
[13:09:56] [Client thread/WARN]: Unable to play unknown soundEvent: minecraft:dig.stone
[13:09:56] [Client thread/WARN]: Unable to play unknown soundEvent: minecraft:dig.stone
[13:09:56] [Client thread/WARN]: Unable to play unknown soundEvent: minecraft:dig.stone
[13:09:56] [Client thread/WARN]: Unable to play unknown soundEvent: minecraft:step.stone
[13:09:57] [Client thread/WARN]: Unable to play unknown soundEvent: minecraft:dig.stone
[13:09:57] [Client thread/WARN]: Unable to play unknown soundEvent: minecraft:dig.stone
[13:09:57] [Client thread/WARN]: Unable to play unknown soundEvent: minecraft:dig.stone
[13:10:00] [Client thread/WARN]: Unable to play unknown soundEvent: minecraft:step.stone
[13:10:00] [Client thread/WARN]: Unable to play unknown soundEvent: minecraft:dig.stone
[13:10:00] [Client thread/WARN]: Unable to play unknown soundEvent: minecraft:minecart.base
[13:10:00] [Client thread/WARN]: Unable to play unknown soundEvent: minecraft:step.stone
[13:10:00] [Client thread/WARN]: Unable to play unknown soundEvent: minecraft:dig.stone
[13:10:00] [Client thread/WARN]: Unable to play unknown soundEvent: minecraft:dig.stone
[13:10:01] [Client thread/WARN]: Unable to play unknown soundEvent: minecraft:dig.stone
[13:10:01] [Client thread/WARN]: Unable to play unknown soundEvent: minecraft:dig.stone
[13:10:01] [Client thread/WARN]: Unable to play unknown soundEvent: minecraft:dig.stone
[13:10:01] [Client thread/WARN]: Unable to play unknown soundEvent: minecraft:step.stone
[13:10:01] [Client thread/WARN]: Unable to play unknown soundEvent: minecraft:dig.stone
[13:10:01] [Client thread/WARN]: Unable to play unknown soundEvent: minecraft:dig.stone
[13:10:01] [Client thread/WARN]: Unable to play unknown soundEvent: minecraft:dig.stone
[13:10:01] [Client thread/WARN]: Unable to play unknown soundEvent: minecraft:dig.stone
[13:10:02] [Client thread/WARN]: Unable to play unknown soundEvent: minecraft:step.stone
[13:10:02] [Client thread/WARN]: Unable to play unknown soundEvent: minecraft:dig.stone
[13:10:02] [Client thread/WARN]: Unable to play unknown soundEvent: minecraft:dig.stone
[13:10:02] [Client thread/WARN]: Unable to play unknown soundEvent: minecraft:dig.stone
[13:10:02] [Client thread/WARN]: Unable to play unknown soundEvent: minecraft:dig.stone
[13:10:02] [Client thread/WARN]: Unable to play unknown soundEvent: minecraft:step.stone
[13:10:02] [Client thread/WARN]: Unable to play unknown soundEvent: minecraft:dig.stone
[13:10:03] [Client thread/WARN]: Unable to play unknown soundEvent: minecraft:dig.stone
[13:10:03] [Client thread/WARN]: Unable to play unknown soundEvent: minecraft:dig.stone
[13:10:03] [Client thread/WARN]: Unable to play unknown soundEvent: minecraft:step.stone
[13:10:03] [Client thread/WARN]: Unable to play unknown soundEvent: minecraft:dig.stone
[13:10:03] [Client thread/WARN]: Unable to play unknown soundEvent: minecraft:dig.stone
[13:10:03] [Client thread/WARN]: Unable to play unknown soundEvent: minecraft:dig.stone
[13:10:03] [Client thread/WARN]: Unable to play unknown soundEvent: minecraft:dig.stone
[13:10:03] [Client thread/WARN]: Unable to play unknown soundEvent: minecraft:dig.stone
[13:10:03] [Client thread/WARN]: Unable to play unknown soundEvent: minecraft:step.stone
[13:10:03] [Client thread/WARN]: Unable to play unknown soundEvent: minecraft:dig.stone
[13:10:04] [Client thread/WARN]: Unable to play unknown soundEvent: minecraft:dig.stone
[13:10:04] [Client thread/WARN]: Unable to play unknown soundEvent: minecraft:dig.stone
[13:10:04] [Client thread/WARN]: Unable to play unknown soundEvent: minecraft:dig.stone
[13:10:04] [Client thread/WARN]: Unable to play unknown soundEvent: minecraft:dig.stone
[13:10:04] [Client thread/WARN]: Unable to play unknown soundEvent: minecraft:step.stone
[13:10:04] [Client thread/WARN]: Unable to play unknown soundEvent: minecraft:dig.stone
[13:10:04] [Client thread/WARN]: Unable to play unknown soundEvent: minecraft:dig.stone
[13:10:04] [Client thread/WARN]: Unable to play unknown soundEvent: minecraft:dig.stone
[13:10:04] [Client thread/WARN]: Unable to play unknown soundEvent: minecraft:dig.stone
[13:10:05] [Client thread/WARN]: Unable to play unknown soundEvent: minecraft:step.stone
[13:10:05] [Client thread/WARN]: Unable to play unknown soundEvent: minecraft:dig.stone
[13:10:05] [Client thread/WARN]: Unable to play unknown soundEvent: minecraft:step.stone
[13:10:05] [Client thread/WARN]: Unable to play unknown soundEvent: minecraft:dig.stone
[13:10:06] [Client thread/WARN]: Unable to play unknown soundEvent: minecraft:step.sand
[13:10:06] [Client thread/WARN]: Unable to play unknown soundEvent: minecraft:step.sand
[13:10:07] [Client thread/WARN]: Unable to play unknown soundEvent: minecraft:step.sand
[13:10:08] [Client thread/WARN]: Unable to play unknown soundEvent: minecraft:dig.cloth
[13:10:08] [Client thread/WARN]: Unable to play unknown soundEvent: minecraft:dig.cloth
[13:10:08] [Client thread/WARN]: Unable to play unknown soundEvent: minecraft:dig.cloth
[13:10:08] [Client thread/WARN]: Unable to play unknown soundEvent: minecraft:step.sand
[13:10:08] [Client thread/WARN]: Unable to play unknown soundEvent: minecraft:random.pop
[13:10:08] [Client thread/WARN]: Unable to play unknown soundEvent: minecraft:random.pop
[13:10:09] [Client thread/WARN]: Unable to play unknown soundEvent: minecraft:step.sand
[13:10:09] [Client thread/WARN]: Unable to play unknown soundEvent: minecraft:step.sand
[13:10:09] [Client thread/WARN]: Unable to play unknown soundEvent: minecraft:step.sand
[13:10:10] [Client thread/WARN]: Unable to play unknown soundEvent: minecraft:step.sand
[13:10:10] [Client thread/WARN]: Unable to play unknown soundEvent: minecraft:step.sand
[13:10:10] [Client thread/WARN]: Unable to play unknown soundEvent: minecraft:step.sand
[13:10:12] [Client thread/WARN]: Unable to play unknown soundEvent: minecraft:step.sand
[13:10:17] [Client thread/INFO]: [CHAT] §7[§4Base§7]§f > That module does not exist.
[13:10:17] [Client thread/INFO]: [CHAT] §7[§4Base§7]§f > Type "modules" for a list of all modules.
[13:10:22] [Client thread/INFO]: [CHAT] §7[§4Base§7]§f > Flight is now bound to "V".
[13:10:23] [Client thread/WARN]: Unable to play unknown soundEvent: minecraft:minecart.base
[13:10:24] [Client thread/WARN]: Unable to play unknown soundEvent: minecraft:step.stone
[13:10:24] [Client thread/WARN]: Unable to play unknown soundEvent: minecraft:step.stone
[13:10:24] [Client thread/WARN]: Unable to play unknown soundEvent: minecraft:step.stone
[13:10:24] [Client thread/WARN]: Unable to play unknown soundEvent: minecraft:step.stone
[13:10:34] [Client thread/WARN]: Unable to play unknown soundEvent: minecraft:step.stone
[13:10:35] [Client thread/WARN]: Unable to play unknown soundEvent: minecraft:step.stone
[13:10:35] [Client thread/WARN]: Unable to play unknown soundEvent: minecraft:step.stone
[13:10:36] [Client thread/WARN]: Unable to play unknown soundEvent: minecraft:music.game.creative
[13:10:37] [Client thread/WARN]: Unable to play unknown soundEvent: minecraft:step.sand
[13:10:39] [Client thread/WARN]: Unable to play unknown soundEvent: minecraft:step.stone
[13:10:40] [Client thread/WARN]: Unable to play unknown soundEvent: minecraft:step.stone
[13:10:40] [Client thread/WARN]: Unable to play unknown soundEvent: minecraft:step.stone
[13:10:40] [Client thread/WARN]: Unable to play unknown soundEvent: minecraft:step.stone
[13:10:40] [Client thread/WARN]: Unable to play unknown soundEvent: minecraft:step.stone
[13:10:41] [Client thread/WARN]: Unable to play unknown soundEvent: minecraft:mob.bat.takeoff
[13:10:41] [Client thread/WARN]: Unable to play unknown soundEvent: minecraft:step.stone
[13:10:44] [Client thread/INFO]: [CHAT] §7[§4Base§7]§f > Speed is now bound to "F".
[13:10:45] [Client thread/WARN]: Unable to play unknown soundEvent: minecraft:step.stone
[13:10:45] [Client thread/WARN]: Unable to play unknown soundEvent: minecraft:step.stone
[13:10:49] [Client thread/WARN]: Unable to play unknown soundEvent: minecraft:step.cloth
[13:10:50] [Client thread/WARN]: Unable to play unknown soundEvent: minecraft:step.cloth
[13:10:52] [Client thread/WARN]: Unable to play unknown soundEvent: minecraft:step.cloth
[13:10:52] [Client thread/WARN]: Unable to play unknown soundEvent: minecraft:step.cloth
[13:10:52] [Client thread/WARN]: Unable to play unknown soundEvent: minecraft:step.cloth
[13:11:03] [Client thread/WARN]: Unable to play unknown soundEvent: minecraft:mob.villager.idle
[13:11:03] [Client thread/WARN]: Unable to play unknown soundEvent: minecraft:step.sand
[13:11:03] [Client thread/WARN]: Unable to play unknown soundEvent: minecraft:mob.villager.hit
[13:11:03] [Client thread/WARN]: Unable to play unknown soundEvent: minecraft:step.stone
[13:11:03] [Client thread/WARN]: Unable to play unknown soundEvent: minecraft:mob.villager.hit
[13:11:04] [Client thread/WARN]: Unable to play unknown soundEvent: minecraft:step.stone
[13:11:04] [Client thread/WARN]: Unable to play unknown soundEvent: minecraft:step.sand
[13:11:04] [Client thread/WARN]: Unable to play unknown soundEvent: minecraft:step.sand
[13:11:04] [Client thread/WARN]: Unable to play unknown soundEvent: minecraft:mob.villager.death
[13:11:04] [Client thread/WARN]: Unable to play unknown soundEvent: minecraft:step.sand
[13:11:05] [Client thread/WARN]: Unable to play unknown soundEvent: minecraft:step.sand
[13:11:05] [Client thread/WARN]: Unable to play unknown soundEvent: minecraft:step.sand
[13:11:05] [Client thread/WARN]: Unable to play unknown soundEvent: minecraft:step.sand
[13:11:05] [Client thread/WARN]: Unable to play unknown soundEvent: minecraft:step.sand
[13:11:06] [Client thread/WARN]: Unable to play unknown soundEvent: minecraft:step.wood
[13:11:06] [Client thread/WARN]: Unable to play unknown soundEvent: minecraft:step.wood
[13:11:07] [Client thread/WARN]: Unable to play unknown soundEvent: minecraft:step.wood
[13:11:07] [Client thread/WARN]: Unable to play unknown soundEvent: minecraft:step.sand
[13:11:07] [Client thread/WARN]: Unable to play unknown soundEvent: minecraft:step.sand
[13:11:08] [Client thread/WARN]: Unable to play unknown soundEvent: minecraft:step.wood
[13:11:08] [Client thread/WARN]: Unable to play unknown soundEvent: minecraft:step.gravel
[13:11:11] [Client thread/WARN]: Unable to play unknown soundEvent: minecraft:step.stone
[13:11:11] [Client thread/WARN]: Unable to play unknown soundEvent: minecraft:step.stone
[13:11:12] [Client thread/WARN]: Unable to play unknown soundEvent: minecraft:step.stone
[13:11:12] [Client thread/WARN]: Unable to play unknown soundEvent: minecraft:step.stone
[13:11:17] [Client thread/WARN]: Unable to play unknown soundEvent: minecraft:step.grass
[13:11:19] [Client thread/WARN]: Unable to play unknown soundEvent: minecraft:dig.grass
[13:11:19] [Client thread/WARN]: Unable to play unknown soundEvent: minecraft:dig.wood
[13:11:19] [Client thread/WARN]: Unable to play unknown soundEvent: minecraft:dig.wood
[13:11:20] [Client thread/WARN]: Unable to play unknown soundEvent: minecraft:dig.wood
[13:11:20] [Client thread/WARN]: Unable to play unknown soundEvent: minecraft:dig.wood
[13:11:20] [Client thread/WARN]: Unable to play unknown soundEvent: minecraft:dig.wood
[13:11:21] [Client thread/WARN]: Unable to play unknown soundEvent: minecraft:dig.wood
[13:11:26] [Server thread/INFO]: Player359 has just earned the achievement [Taking Inventory]
[13:11:26] [Client thread/INFO]: [CHAT] Player359 has just earned the achievement [Taking Inventory]
[13:11:29] [Client thread/WARN]: Unable to play unknown soundEvent: minecraft:dig.gravel
[13:11:29] [Client thread/WARN]: Unable to play unknown soundEvent: minecraft:dig.sand
[13:11:31] [Client thread/WARN]: Unable to play unknown soundEvent: minecraft:dig.cloth
[13:11:31] [Client thread/WARN]: Unable to play unknown soundEvent: minecraft:dig.cloth
[13:11:31] [Client thread/WARN]: Unable to play unknown soundEvent: minecraft:dig.cloth
[13:11:39] [Client thread/WARN]: Unable to play unknown soundEvent: minecraft:dig.cloth
[13:11:39] [Client thread/WARN]: Unable to play unknown soundEvent: minecraft:dig.cloth
[13:11:39] [Client thread/WARN]: Unable to play unknown soundEvent: minecraft:dig.cloth
[13:11:39] [Client thread/WARN]: Unable to play unknown soundEvent: minecraft:dig.cloth
[13:11:39] [Client thread/WARN]: Unable to play unknown soundEvent: minecraft:dig.cloth
[13:11:40] [Client thread/WARN]: Unable to play unknown soundEvent: minecraft:dig.cloth
[13:11:40] [Client thread/WARN]: Unable to play unknown soundEvent: minecraft:dig.cloth
[13:11:40] [Client thread/WARN]: Unable to play unknown soundEvent: minecraft:dig.cloth
[13:11:40] [Client thread/WARN]: Unable to play unknown soundEvent: minecraft:dig.cloth
[13:11:40] [Client thread/WARN]: Unable to play unknown soundEvent: minecraft:dig.cloth
[13:11:40] [Client thread/WARN]: Unable to play unknown soundEvent: minecraft:dig.cloth
[13:11:40] [Client thread/WARN]: Unable to play unknown soundEvent: minecraft:dig.cloth
[13:11:40] [Client thread/WARN]: Unable to play unknown soundEvent: minecraft:dig.cloth
[13:11:41] [Client thread/WARN]: Unable to play unknown soundEvent: minecraft:dig.cloth
[13:11:41] [Client thread/WARN]: Unable to play unknown soundEvent: minecraft:dig.cloth
[13:11:41] [Client thread/WARN]: Unable to play unknown soundEvent: minecraft:dig.cloth
[13:11:41] [Client thread/WARN]: Unable to play unknown soundEvent: minecraft:dig.cloth
[13:11:41] [Client thread/WARN]: Unable to play unknown soundEvent: minecraft:dig.cloth
[13:11:41] [Client thread/WARN]: Unable to play unknown soundEvent: minecraft:dig.cloth
[13:11:42] [Client thread/WARN]: Unable to play unknown soundEvent: minecraft:dig.cloth
[13:11:42] [Client thread/WARN]: Unable to play unknown soundEvent: minecraft:dig.cloth
[13:11:42] [Client thread/WARN]: Unable to play unknown soundEvent: minecraft:dig.cloth
[13:11:42] [Client thread/WARN]: Unable to play unknown soundEvent: minecraft:dig.cloth
[13:11:42] [Client thread/WARN]: Unable to play unknown soundEvent: minecraft:dig.cloth
[13:11:42] [Client thread/WARN]: Unable to play unknown soundEvent: minecraft:dig.cloth
[13:11:42] [Client thread/WARN]: Unable to play unknown soundEvent: minecraft:dig.cloth
[13:11:42] [Client thread/WARN]: Unable to play unknown soundEvent: minecraft:dig.cloth
[13:11:43] [Client thread/WARN]: Unable to play unknown soundEvent: minecraft:dig.cloth
[13:11:43] [Client thread/WARN]: Unable to play unknown soundEvent: minecraft:dig.cloth
[13:11:43] [Client thread/WARN]: Unable to play unknown soundEvent: minecraft:dig.cloth
[13:11:43] [Client thread/WARN]: Unable to play unknown soundEvent: minecraft:dig.cloth
[13:11:43] [Client thread/WARN]: Unable to play unknown soundEvent: minecraft:dig.cloth
[13:11:43] [Client thread/WARN]: Unable to play unknown soundEvent: minecraft:dig.cloth
[13:11:43] [Client thread/WARN]: Unable to play unknown soundEvent: minecraft:dig.cloth
[13:11:44] [Client thread/WARN]: Unable to play unknown soundEvent: minecraft:dig.cloth
[13:11:44] [Client thread/WARN]: Unable to play unknown soundEvent: minecraft:dig.cloth
[13:11:44] [Client thread/WARN]: Unable to play unknown soundEvent: minecraft:dig.cloth
[13:11:44] [Client thread/WARN]: Unable to play unknown soundEvent: minecraft:dig.cloth
[13:11:44] [Client thread/WARN]: Unable to play unknown soundEvent: minecraft:dig.cloth
[13:11:44] [Client thread/WARN]: Unable to play unknown soundEvent: minecraft:dig.cloth
[13:11:44] [Client thread/WARN]: Unable to play unknown soundEvent: minecraft:dig.cloth
[13:11:50] [Client thread/WARN]: Unable to play unknown soundEvent: minecraft:step.sand
[13:11:50] [Client thread/WARN]: Unable to play unknown soundEvent: minecraft:step.sand
[13:11:51] [Client thread/WARN]: Unable to play unknown soundEvent: minecraft:step.sand
[13:11:51] [Client thread/WARN]: Unable to play unknown soundEvent: minecraft:random.pop
[13:11:51] [Client thread/WARN]: Unable to play unknown soundEvent: minecraft:step.sand
[13:11:52] [Client thread/WARN]: Unable to play unknown soundEvent: minecraft:step.sand
[13:11:52] [Client thread/WARN]: Unable to play unknown soundEvent: minecraft:step.sand
[13:11:52] [Client thread/WARN]: Unable to play unknown soundEvent: minecraft:step.sand
[13:11:52] [Client thread/WARN]: Unable to play unknown soundEvent: minecraft:step.sand
[13:11:53] [Client thread/WARN]: Unable to play unknown soundEvent: minecraft:step.sand
[13:11:55] [Client thread/WARN]: Unable to play unknown soundEvent: minecraft:step.sand
[13:11:56] [Client thread/WARN]: Unable to play unknown soundEvent: minecraft:step.sand
[13:11:59] [Client thread/WARN]: Unable to play unknown soundEvent: minecraft:step.sand
[13:11:59] [Client thread/WARN]: Unable to play unknown soundEvent: minecraft:step.sand
[13:12:00] [Client thread/WARN]: Unable to play unknown soundEvent: minecraft:step.sand
[13:12:00] [Client thread/WARN]: Unable to play unknown soundEvent: minecraft:step.sand
[13:12:01] [Client thread/WARN]: Unable to play unknown soundEvent: minecraft:step.sand
[13:12:01] [Client thread/WARN]: Unable to play unknown soundEvent: minecraft:step.sand
[13:12:01] [Client thread/WARN]: Unable to play unknown soundEvent: minecraft:step.sand
[13:12:01] [Client thread/WARN]: Unable to play unknown soundEvent: minecraft:step.sand
[13:12:02] [Client thread/WARN]: Unable to play unknown soundEvent: minecraft:step.sand
[13:12:02] [Client thread/WARN]: Unable to play unknown soundEvent: minecraft:step.sand
[13:12:02] [Client thread/WARN]: Unable to play unknown soundEvent: minecraft:step.sand
[13:12:03] [Client thread/WARN]: Unable to play unknown soundEvent: minecraft:step.sand
[13:12:03] [Client thread/WARN]: Unable to play unknown soundEvent: minecraft:step.sand
[13:12:03] [Client thread/WARN]: Unable to play unknown soundEvent: minecraft:step.sand
[13:12:04] [Client thread/WARN]: Unable to play unknown soundEvent: minecraft:step.sand
[13:12:04] [Client thread/WARN]: Unable to play unknown soundEvent: minecraft:step.sand
[13:12:05] [Client thread/WARN]: Unable to play unknown soundEvent: minecraft:step.sand
[13:12:06] [Client thread/WARN]: Unable to play unknown soundEvent: minecraft:step.sand
[13:12:06] [Client thread/WARN]: Unable to play unknown soundEvent: minecraft:step.sand
[13:12:07] [Client thread/WARN]: Unable to play unknown soundEvent: minecraft:dig.stone
[13:12:07] [Client thread/WARN]: Unable to play unknown soundEvent: minecraft:step.stone
[13:12:07] [Client thread/WARN]: Unable to play unknown soundEvent: minecraft:dig.stone
[13:12:07] [Client thread/WARN]: Unable to play unknown soundEvent: minecraft:step.stone
[13:12:07] [Client thread/WARN]: Unable to play unknown soundEvent: minecraft:dig.stone
[13:12:07] [Client thread/WARN]: Unable to play unknown soundEvent: minecraft:dig.stone
[13:12:07] [Client thread/WARN]: Unable to play unknown soundEvent: minecraft:step.stone
[13:12:07] [Client thread/WARN]: Unable to play unknown soundEvent: minecraft:dig.stone
[13:12:07] [Client thread/WARN]: Unable to play unknown soundEvent: minecraft:step.stone
[13:12:08] [Client thread/WARN]: Unable to play unknown soundEvent: minecraft:dig.stone
[13:12:08] [Client thread/WARN]: Unable to play unknown soundEvent: minecraft:dig.stone
[13:12:08] [Client thread/WARN]: Unable to play unknown soundEvent: minecraft:dig.stone
[13:12:08] [Client thread/WARN]: Unable to play unknown soundEvent: minecraft:dig.stone
[13:12:08] [Client thread/WARN]: Unable to play unknown soundEvent: minecraft:dig.stone
[13:12:08] [Client thread/WARN]: Unable to play unknown soundEvent: minecraft:step.stone
[13:12:08] [Client thread/WARN]: Unable to play unknown soundEvent: minecraft:dig.stone
[13:12:09] [Client thread/WARN]: Unable to play unknown soundEvent: minecraft:dig.stone
[13:12:09] [Client thread/WARN]: Unable to play unknown soundEvent: minecraft:dig.stone
[13:12:09] [Client thread/WARN]: Unable to play unknown soundEvent: minecraft:dig.stone
[13:12:09] [Client thread/WARN]: Unable to play unknown soundEvent: minecraft:step.stone
[13:12:09] [Client thread/WARN]: Unable to play unknown soundEvent: minecraft:dig.stone
[13:12:09] [Client thread/WARN]: Unable to play unknown soundEvent: minecraft:dig.stone
[13:12:09] [Client thread/WARN]: Unable to play unknown soundEvent: minecraft:dig.stone
[13:12:09] [Client thread/WARN]: Unable to play unknown soundEvent: minecraft:dig.stone
[13:12:09] [Client thread/WARN]: Unable to play unknown soundEvent: minecraft:step.stone
[13:12:10] [Client thread/WARN]: Unable to play unknown soundEvent: minecraft:dig.stone
[13:12:10] [Client thread/WARN]: Unable to play unknown soundEvent: minecraft:dig.stone
[13:12:10] [Client thread/WARN]: Unable to play unknown soundEvent: minecraft:dig.stone
[13:12:10] [Client thread/WARN]: Unable to play unknown soundEvent: minecraft:dig.stone
[13:12:10] [Client thread/WARN]: Unable to play unknown soundEvent: minecraft:step.stone
[13:12:10] [Client thread/WARN]: Unable to play unknown soundEvent: minecraft:dig.stone
[13:12:10] [Client thread/WARN]: Unable to play unknown soundEvent: minecraft:dig.stone
[13:12:10] [Client thread/WARN]: Unable to play unknown soundEvent: minecraft:dig.stone
[13:12:10] [Client thread/WARN]: Unable to play unknown soundEvent: minecraft:dig.stone
[13:12:11] [Client thread/WARN]: Unable to play unknown soundEvent: minecraft:dig.stone
[13:12:11] [Client thread/WARN]: Unable to play unknown soundEvent: minecraft:step.stone
[13:12:11] [Client thread/WARN]: Unable to play unknown soundEvent: minecraft:dig.stone
[13:12:11] [Client thread/WARN]: Unable to play unknown soundEvent: minecraft:dig.stone
[13:12:11] [Client thread/WARN]: Unable to play unknown soundEvent: minecraft:dig.stone
[13:12:11] [Client thread/WARN]: Unable to play unknown soundEvent: minecraft:dig.stone
[13:12:11] [Client thread/WARN]: Unable to play unknown soundEvent: minecraft:step.stone
[13:12:11] [Client thread/WARN]: Unable to play unknown soundEvent: minecraft:dig.stone
[13:12:11] [Client thread/WARN]: Unable to play unknown soundEvent: minecraft:step.stone
[13:12:11] [Client thread/WARN]: Unable to play unknown soundEvent: minecraft:dig.stone
[13:12:12] [Client thread/WARN]: Unable to play unknown soundEvent: minecraft:step.stone
[13:12:12] [Client thread/WARN]: Unable to play unknown soundEvent: minecraft:dig.stone
[13:12:12] [Client thread/WARN]: Unable to play unknown soundEvent: minecraft:dig.stone
[13:12:12] [Client thread/WARN]: Unable to play unknown soundEvent: minecraft:step.stone
[13:12:12] [Client thread/WARN]: Unable to play unknown soundEvent: minecraft:dig.stone
[13:12:12] [Client thread/WARN]: Unable to play unknown soundEvent: minecraft:dig.stone
[13:12:12] [Client thread/WARN]: Unable to play unknown soundEvent: minecraft:step.stone
[13:12:12] [Client thread/WARN]: Unable to play unknown soundEvent: minecraft:dig.stone
[13:12:12] [Client thread/WARN]: Unable to play unknown soundEvent: minecraft:dig.stone
[13:12:13] [Client thread/WARN]: Unable to play unknown soundEvent: minecraft:step.stone
[13:12:13] [Client thread/WARN]: Unable to play unknown soundEvent: minecraft:dig.stone
[13:12:13] [Client thread/WARN]: Unable to play unknown soundEvent: minecraft:step.stone
[13:12:13] [Client thread/WARN]: Unable to play unknown soundEvent: minecraft:dig.stone
[13:12:13] [Client thread/WARN]: Unable to play unknown soundEvent: minecraft:dig.stone
[13:12:13] [Client thread/WARN]: Unable to play unknown soundEvent: minecraft:step.stone
[13:12:13] [Client thread/WARN]: Unable to play unknown soundEvent: minecraft:dig.stone
[13:12:13] [Client thread/WARN]: Unable to play unknown soundEvent: minecraft:dig.stone
[13:12:13] [Client thread/WARN]: Unable to play unknown soundEvent: minecraft:step.stone
[13:12:14] [Client thread/WARN]: Unable to play unknown soundEvent: minecraft:dig.stone
[13:12:14] [Client thread/WARN]: Unable to play unknown soundEvent: minecraft:step.stone
[13:12:14] [Client thread/WARN]: Unable to play unknown soundEvent: minecraft:dig.stone
[13:12:14] [Client thread/WARN]: Unable to play unknown soundEvent: minecraft:dig.stone
[13:12:14] [Client thread/WARN]: Unable to play unknown soundEvent: minecraft:step.stone
[13:12:14] [Client thread/WARN]: Unable to play unknown soundEvent: minecraft:dig.stone
[13:12:14] [Client thread/WARN]: Unable to play unknown soundEvent: minecraft:dig.stone
[13:12:14] [Client thread/WARN]: Unable to play unknown soundEvent: minecraft:dig.stone
[13:12:14] [Client thread/WARN]: Unable to play unknown soundEvent: minecraft:dig.stone
[13:12:14] [Client thread/WARN]: Unable to play unknown soundEvent: minecraft:step.stone
[13:12:15] [Client thread/WARN]: Unable to play unknown soundEvent: minecraft:dig.stone
[13:12:15] [Client thread/WARN]: Unable to play unknown soundEvent: minecraft:step.stone
[13:12:15] [Client thread/WARN]: Unable to play unknown soundEvent: minecraft:dig.stone
[13:12:15] [Client thread/WARN]: Unable to play unknown soundEvent: minecraft:dig.stone
[13:12:15] [Client thread/WARN]: Unable to play unknown soundEvent: minecraft:dig.stone
[13:12:15] [Client thread/WARN]: Unable to play unknown soundEvent: minecraft:step.stone
[13:12:15] [Client thread/WARN]: Unable to play unknown soundEvent: minecraft:dig.stone
[13:12:15] [Client thread/WARN]: Unable to play unknown soundEvent: minecraft:step.stone
[13:12:15] [Client thread/WARN]: Unable to play unknown soundEvent: minecraft:dig.stone
[13:12:15] [Client thread/WARN]: Unable to play unknown soundEvent: minecraft:dig.stone
[13:12:15] [Client thread/WARN]: Unable to play unknown soundEvent: minecraft:dig.stone
[13:12:15] [Client thread/WARN]: Unable to play unknown soundEvent: minecraft:step.stone
[13:12:16] [Client thread/WARN]: Unable to play unknown soundEvent: minecraft:dig.stone
[13:12:16] [Client thread/WARN]: Unable to play unknown soundEvent: minecraft:dig.stone
[13:12:16] [Client thread/WARN]: Unable to play unknown soundEvent: minecraft:step.stone
[13:12:16] [Client thread/WARN]: Unable to play unknown soundEvent: minecraft:dig.stone
[13:12:16] [Client thread/WARN]: Unable to play unknown soundEvent: minecraft:dig.stone
[13:12:16] [Client thread/WARN]: Unable to play unknown soundEvent: minecraft:dig.stone
[13:12:16] [Client thread/WARN]: Unable to play unknown soundEvent: minecraft:step.stone
[13:12:16] [Client thread/WARN]: Unable to play unknown soundEvent: minecraft:dig.stone
[13:12:16] [Client thread/WARN]: Unable to play unknown soundEvent: minecraft:dig.stone
[13:12:16] [Client thread/WARN]: Unable to play unknown soundEvent: minecraft:dig.stone
[13:12:16] [Client thread/WARN]: Unable to play unknown soundEvent: minecraft:step.stone
[13:12:17] [Client thread/WARN]: Unable to play unknown soundEvent: minecraft:dig.stone
[13:12:17] [Client thread/WARN]: Unable to play unknown soundEvent: minecraft:dig.stone
[13:12:17] [Client thread/WARN]: Unable to play unknown soundEvent: minecraft:dig.stone
[13:12:17] [Client thread/WARN]: Unable to play unknown soundEvent: minecraft:dig.stone
[13:12:17] [Client thread/WARN]: Unable to play unknown soundEvent: minecraft:dig.stone
[13:12:17] [Client thread/WARN]: Unable to play unknown soundEvent: minecraft:step.stone
[13:12:17] [Client thread/WARN]: Unable to play unknown soundEvent: minecraft:dig.stone
[13:12:17] [Client thread/WARN]: Unable to play unknown soundEvent: minecraft:dig.stone
[13:12:17] [Client thread/WARN]: Unable to play unknown soundEvent: minecraft:dig.stone
[13:12:18] [Client thread/WARN]: Unable to play unknown soundEvent: minecraft:dig.stone
[13:12:18] [Client thread/WARN]: Unable to play unknown soundEvent: minecraft:dig.stone
[13:12:18] [Client thread/WARN]: Unable to play unknown soundEvent: minecraft:step.stone
[13:12:18] [Client thread/WARN]: Unable to play unknown soundEvent: minecraft:dig.stone
[13:12:18] [Client thread/WARN]: Unable to play unknown soundEvent: minecraft:dig.stone
[13:12:18] [Client thread/WARN]: Unable to play unknown soundEvent: minecraft:dig.stone
[13:12:18] [Client thread/WARN]: Unable to play unknown soundEvent: minecraft:dig.stone
[13:12:18] [Client thread/WARN]: Unable to play unknown soundEvent: minecraft:dig.stone
[13:12:18] [Client thread/WARN]: Unable to play unknown soundEvent: minecraft:dig.stone
[13:12:18] [Client thread/WARN]: Unable to play unknown soundEvent: minecraft:dig.stone
[13:12:18] [Client thread/WARN]: Unable to play unknown soundEvent: minecraft:step.stone
[13:12:18] [Client thread/WARN]: Unable to play unknown soundEvent: minecraft:dig.stone
[13:12:18] [Client thread/WARN]: Unable to play unknown soundEvent: minecraft:dig.stone
[13:12:19] [Client thread/WARN]: Unable to play unknown soundEvent: minecraft:dig.stone
[13:12:19] [Client thread/WARN]: Unable to play unknown soundEvent: minecraft:dig.stone
[13:12:19] [Client thread/WARN]: Unable to play unknown soundEvent: minecraft:dig.stone
[13:12:19] [Client thread/WARN]: Unable to play unknown soundEvent: minecraft:step.stone
[13:12:19] [Client thread/WARN]: Unable to play unknown soundEvent: minecraft:dig.stone
[13:12:19] [Client thread/WARN]: Unable to play unknown soundEvent: minecraft:dig.stone
[13:12:19] [Client thread/WARN]: Unable to play unknown soundEvent: minecraft:dig.stone
[13:12:19] [Client thread/WARN]: Unable to play unknown soundEvent: minecraft:dig.stone
[13:12:19] [Client thread/WARN]: Unable to play unknown soundEvent: minecraft:dig.stone
[13:12:19] [Client thread/WARN]: Unable to play unknown soundEvent: minecraft:dig.stone
[13:12:20] [Client thread/WARN]: Unable to play unknown soundEvent: minecraft:dig.stone
[13:12:20] [Client thread/WARN]: Unable to play unknown soundEvent: minecraft:dig.stone
[13:12:20] [Client thread/WARN]: Unable to play unknown soundEvent: minecraft:dig.stone
[13:12:20] [Client thread/WARN]: Unable to play unknown soundEvent: minecraft:dig.stone
[13:12:20] [Client thread/WARN]: Unable to play unknown soundEvent: minecraft:dig.stone
[13:12:20] [Client thread/WARN]: Unable to play unknown soundEvent: minecraft:step.stone
[13:12:20] [Client thread/WARN]: Unable to play unknown soundEvent: minecraft:dig.stone
[13:12:20] [Client thread/WARN]: Unable to play unknown soundEvent: minecraft:dig.stone
[13:12:20] [Client thread/WARN]: Unable to play unknown soundEvent: minecraft:dig.stone
[13:12:20] [Client thread/WARN]: Unable to play unknown soundEvent: minecraft:dig.stone
[13:12:21] [Client thread/WARN]: Unable to play unknown soundEvent: minecraft:dig.stone
[13:12:21] [Client thread/WARN]: Unable to play unknown soundEvent: minecraft:dig.stone
[13:12:21] [Client thread/WARN]: Unable to play unknown soundEvent: minecraft:step.stone
[13:12:21] [Client thread/WARN]: Unable to play unknown soundEvent: minecraft:dig.stone
[13:12:21] [Client thread/WARN]: Unable to play unknown soundEvent: minecraft:dig.stone
[13:12:21] [Client thread/WARN]: Unable to play unknown soundEvent: minecraft:dig.stone
[13:12:21] [Client thread/WARN]: Unable to play unknown soundEvent: minecraft:dig.stone
[13:12:21] [Client thread/WARN]: Unable to play unknown soundEvent: minecraft:dig.stone
[13:12:21] [Client thread/WARN]: Unable to play unknown soundEvent: minecraft:step.stone
[13:12:21] [Client thread/WARN]: Unable to play unknown soundEvent: minecraft:dig.stone
[13:12:21] [Client thread/WARN]: Unable to play unknown soundEvent: minecraft:dig.stone
[13:12:21] [Client thread/WARN]: Unable to play unknown soundEvent: minecraft:dig.stone
[13:12:22] [Client thread/WARN]: Unable to play unknown soundEvent: minecraft:dig.stone
[13:12:22] [Client thread/WARN]: Unable to play unknown soundEvent: minecraft:dig.stone
[13:12:22] [Client thread/WARN]: Unable to play unknown soundEvent: minecraft:dig.stone
[13:12:22] [Client thread/WARN]: Unable to play unknown soundEvent: minecraft:step.stone
[13:12:22] [Client thread/WARN]: Unable to play unknown soundEvent: minecraft:dig.stone
[13:12:22] [Client thread/WARN]: Unable to play unknown soundEvent: minecraft:dig.stone
[13:12:22] [Client thread/WARN]: Unable to play unknown soundEvent: minecraft:dig.stone
[13:12:22] [Client thread/WARN]: Unable to play unknown soundEvent: minecraft:dig.stone
[13:12:22] [Client thread/WARN]: Unable to play unknown soundEvent: minecraft:dig.stone
[13:12:22] [Client thread/WARN]: Unable to play unknown soundEvent: minecraft:dig.stone
[13:12:22] [Client thread/WARN]: Unable to play unknown soundEvent: minecraft:step.stone
[13:12:23] [Client thread/WARN]: Unable to play unknown soundEvent: minecraft:dig.stone
[13:12:23] [Client thread/WARN]: Unable to play unknown soundEvent: minecraft:dig.stone
[13:12:23] [Client thread/WARN]: Unable to play unknown soundEvent: minecraft:step.stone
[13:12:23] [Client thread/WARN]: Unable to play unknown soundEvent: minecraft:dig.stone
[13:12:23] [Client thread/WARN]: Unable to play unknown soundEvent: minecraft:dig.stone
[13:12:23] [Client thread/WARN]: Unable to play unknown soundEvent: minecraft:step.stone
[13:12:23] [Client thread/WARN]: Unable to play unknown soundEvent: minecraft:dig.stone
[13:12:23] [Client thread/WARN]: Unable to play unknown soundEvent: minecraft:step.stone
[13:12:23] [Client thread/WARN]: Unable to play unknown soundEvent: minecraft:dig.stone
[13:12:23] [Client thread/WARN]: Unable to play unknown soundEvent: minecraft:dig.stone
[13:12:24] [Client thread/WARN]: Unable to play unknown soundEvent: minecraft:step.stone
[13:12:24] [Client thread/WARN]: Unable to play unknown soundEvent: minecraft:dig.stone
[13:12:24] [Client thread/WARN]: Unable to play unknown soundEvent: minecraft:dig.stone
[13:12:24] [Client thread/WARN]: Unable to play unknown soundEvent: minecraft:step.stone
[13:12:24] [Client thread/WARN]: Unable to play unknown soundEvent: minecraft:dig.stone
[13:12:24] [Client thread/WARN]: Unable to play unknown soundEvent: minecraft:step.stone
[13:12:24] [Client thread/WARN]: Unable to play unknown soundEvent: minecraft:dig.stone
[13:12:24] [Client thread/WARN]: Unable to play unknown soundEvent: minecraft:dig.stone
[13:12:24] [Client thread/WARN]: Unable to play unknown soundEvent: minecraft:minecart.base
[13:12:24] [Client thread/WARN]: Unable to play unknown soundEvent: minecraft:step.stone
[13:12:25] [Client thread/WARN]: Unable to play unknown soundEvent: minecraft:dig.stone
[13:12:25] [Client thread/WARN]: Unable to play unknown soundEvent: minecraft:dig.stone
[13:12:25] [Client thread/WARN]: Unable to play unknown soundEvent: minecraft:step.stone
[13:12:25] [Client thread/WARN]: Unable to play unknown soundEvent: minecraft:dig.stone
[13:12:25] [Client thread/WARN]: Unable to play unknown soundEvent: minecraft:step.stone
[13:12:25] [Client thread/WARN]: Unable to play unknown soundEvent: minecraft:dig.stone
[13:12:25] [Client thread/WARN]: Unable to play unknown soundEvent: minecraft:dig.stone
[13:12:25] [Client thread/WARN]: Unable to play unknown soundEvent: minecraft:step.stone
[13:12:25] [Client thread/WARN]: Unable to play unknown soundEvent: minecraft:music.game.creative
[13:12:25] [Client thread/WARN]: Unable to play unknown soundEvent: minecraft:dig.stone
[13:12:26] [Client thread/WARN]: Unable to play unknown soundEvent: minecraft:dig.stone
[13:12:26] [Client thread/WARN]: Unable to play unknown soundEvent: minecraft:dig.stone
[13:12:26] [Client thread/WARN]: Unable to play unknown soundEvent: minecraft:dig.stone
[13:12:26] [Client thread/WARN]: Unable to play unknown soundEvent: minecraft:step.stone
[13:12:26] [Client thread/WARN]: Unable to play unknown soundEvent: minecraft:dig.stone
[13:12:26] [Client thread/WARN]: Unable to play unknown soundEvent: minecraft:dig.stone
[13:12:26] [Client thread/WARN]: Unable to play unknown soundEvent: minecraft:dig.stone
[13:12:27] [Client thread/WARN]: Unable to play unknown soundEvent: minecraft:dig.stone
[13:12:27] [Client thread/WARN]: Unable to play unknown soundEvent: minecraft:step.stone
[13:12:27] [Client thread/WARN]: Unable to play unknown soundEvent: minecraft:dig.stone
[13:12:27] [Client thread/WARN]: Unable to play unknown soundEvent: minecraft:dig.stone
[13:12:27] [Client thread/WARN]: Unable to play unknown soundEvent: minecraft:dig.stone
[13:12:27] [Client thread/WARN]: Unable to play unknown soundEvent: minecraft:dig.stone
[13:12:27] [Client thread/WARN]: Unable to play unknown soundEvent: minecraft:step.stone
[13:12:27] [Client thread/WARN]: Unable to play unknown soundEvent: minecraft:dig.stone
[13:12:27] [Client thread/WARN]: Unable to play unknown soundEvent: minecraft:dig.stone
[13:12:27] [Client thread/WARN]: Unable to play unknown soundEvent: minecraft:dig.stone
[13:12:28] [Client thread/WARN]: Unable to play unknown soundEvent: minecraft:dig.stone
[13:12:28] [Client thread/WARN]: Unable to play unknown soundEvent: minecraft:step.stone
[13:12:28] [Client thread/WARN]: Unable to play unknown soundEvent: minecraft:dig.stone
[13:12:28] [Client thread/WARN]: Unable to play unknown soundEvent: minecraft:dig.stone
[13:12:28] [Client thread/WARN]: Unable to play unknown soundEvent: minecraft:dig.stone
[13:12:28] [Client thread/WARN]: Unable to play unknown soundEvent: minecraft:dig.stone
[13:12:28] [Client thread/WARN]: Unable to play unknown soundEvent: minecraft:dig.stone
[13:12:28] [Client thread/WARN]: Unable to play unknown soundEvent: minecraft:step.stone
[13:12:28] [Client thread/WARN]: Unable to play unknown soundEvent: minecraft:dig.stone
[13:12:29] [Client thread/WARN]: Unable to play unknown soundEvent: minecraft:dig.stone
[13:12:29] [Client thread/WARN]: Unable to play unknown soundEvent: minecraft:dig.stone
[13:12:29] [Client thread/WARN]: Unable to play unknown soundEvent: minecraft:dig.stone
[13:12:29] [Client thread/WARN]: Unable to play unknown soundEvent: minecraft:step.stone
[13:12:29] [Client thread/WARN]: Unable to play unknown soundEvent: minecraft:dig.stone
[13:12:29] [Client thread/WARN]: Unable to play unknown soundEvent: minecraft:dig.stone
[13:12:29] [Client thread/WARN]: Unable to play unknown soundEvent: minecraft:dig.stone
[13:12:29] [Client thread/WARN]: Unable to play unknown soundEvent: minecraft:dig.stone
[13:12:29] [Client thread/WARN]: Unable to play unknown soundEvent: minecraft:step.stone
[13:12:30] [Client thread/WARN]: Unable to play unknown soundEvent: minecraft:dig.stone
[13:12:30] [Client thread/WARN]: Unable to play unknown soundEvent: minecraft:dig.stone
[13:12:30] [Client thread/WARN]: Unable to play unknown soundEvent: minecraft:dig.stone
[13:12:30] [Client thread/WARN]: Unable to play unknown soundEvent: minecraft:dig.stone
[13:12:30] [Client thread/WARN]: Unable to play unknown soundEvent: minecraft:step.stone
[13:12:30] [Client thread/WARN]: Unable to play unknown soundEvent: minecraft:dig.stone
[13:12:30] [Client thread/WARN]: Unable to play unknown soundEvent: minecraft:dig.stone
[13:12:30] [Client thread/WARN]: Unable to play unknown soundEvent: minecraft:dig.stone
[13:12:31] [Client thread/WARN]: Unable to play unknown soundEvent: minecraft:dig.stone
[13:12:31] [Client thread/WARN]: Unable to play unknown soundEvent: minecraft:dig.stone
[13:12:31] [Client thread/WARN]: Unable to play unknown soundEvent: minecraft:step.stone
[13:12:31] [Client thread/WARN]: Unable to play unknown soundEvent: minecraft:dig.stone
[13:12:31] [Client thread/WARN]: Unable to play unknown soundEvent: minecraft:dig.stone
[13:12:31] [Client thread/WARN]: Unable to play unknown soundEvent: minecraft:dig.stone
[13:12:31] [Client thread/WARN]: Unable to play unknown soundEvent: minecraft:dig.stone
[13:12:31] [Client thread/WARN]: Unable to play unknown soundEvent: minecraft:step.stone
[13:12:31] [Client thread/WARN]: Unable to play unknown soundEvent: minecraft:dig.stone
[13:12:32] [Client thread/WARN]: Unable to play unknown soundEvent: minecraft:dig.stone
[13:12:32] [Client thread/WARN]: Unable to play unknown soundEvent: minecraft:dig.stone
[13:12:32] [Client thread/WARN]: Unable to play unknown soundEvent: minecraft:dig.stone
[13:12:32] [Client thread/WARN]: Unable to play unknown soundEvent: minecraft:step.stone
[13:12:32] [Client thread/WARN]: Unable to play unknown soundEvent: minecraft:dig.stone
[13:12:32] [Client thread/WARN]: Unable to play unknown soundEvent: minecraft:dig.stone
[13:12:32] [Client thread/WARN]: Unable to play unknown soundEvent: minecraft:dig.stone
[13:12:32] [Client thread/WARN]: Unable to play unknown soundEvent: minecraft:dig.stone
[13:12:32] [Client thread/WARN]: Unable to play unknown soundEvent: minecraft:step.stone
[13:12:33] [Client thread/WARN]: Unable to play unknown soundEvent: minecraft:dig.stone
[13:12:33] [Client thread/WARN]: Unable to play unknown soundEvent: minecraft:dig.stone
[13:12:33] [Client thread/WARN]: Unable to play unknown soundEvent: minecraft:dig.stone
[13:12:33] [Client thread/WARN]: Unable to play unknown soundEvent: minecraft:dig.stone
[13:12:33] [Client thread/WARN]: Unable to play unknown soundEvent: minecraft:minecart.base
[13:12:33] [Client thread/WARN]: Unable to play unknown soundEvent: minecraft:dig.stone
[13:12:33] [Client thread/WARN]: Unable to play unknown soundEvent: minecraft:step.stone
[13:12:33] [Client thread/WARN]: Unable to play unknown soundEvent: minecraft:dig.stone
[13:12:33] [Client thread/WARN]: Unable to play unknown soundEvent: minecraft:dig.stone
[13:12:34] [Client thread/WARN]: Unable to play unknown soundEvent: minecraft:dig.stone
[13:12:34] [Client thread/WARN]: Unable to play unknown soundEvent: minecraft:dig.stone
[13:12:34] [Client thread/WARN]: Unable to play unknown soundEvent: minecraft:step.stone
[13:12:34] [Client thread/WARN]: Unable to play unknown soundEvent: minecraft:dig.stone
[13:12:34] [Client thread/WARN]: Unable to play unknown soundEvent: minecraft:dig.stone
[13:12:34] [Client thread/WARN]: Unable to play unknown soundEvent: minecraft:dig.stone
[13:12:34] [Client thread/WARN]: Unable to play unknown soundEvent: minecraft:mob.bat.takeoff
[13:12:34] [Client thread/WARN]: Unable to play unknown soundEvent: minecraft:dig.stone
[13:12:34] [Client thread/WARN]: Unable to play unknown soundEvent: minecraft:step.stone
[13:12:34] [Client thread/WARN]: Unable to play unknown soundEvent: minecraft:dig.stone
[13:12:34] [Client thread/WARN]: Unable to play unknown soundEvent: minecraft:dig.stone
[13:12:35] [Client thread/WARN]: Unable to play unknown soundEvent: minecraft:dig.stone
[13:12:35] [Client thread/WARN]: Unable to play unknown soundEvent: minecraft:dig.stone
[13:12:35] [Client thread/WARN]: Unable to play unknown soundEvent: minecraft:step.stone
[13:12:35] [Client thread/WARN]: Unable to play unknown soundEvent: minecraft:dig.stone
[13:12:35] [Client thread/WARN]: Unable to play unknown soundEvent: minecraft:dig.stone
[13:12:35] [Client thread/WARN]: Unable to play unknown soundEvent: minecraft:dig.stone
[13:12:35] [Client thread/WARN]: Unable to play unknown soundEvent: minecraft:dig.stone
[13:12:35] [Client thread/WARN]: Unable to play unknown soundEvent: minecraft:dig.stone
[13:12:35] [Client thread/WARN]: Unable to play unknown soundEvent: minecraft:step.stone
[13:12:36] [Client thread/WARN]: Unable to play unknown soundEvent: minecraft:dig.stone
[13:12:36] [Client thread/WARN]: Unable to play unknown soundEvent: minecraft:dig.stone
[13:12:36] [Client thread/WARN]: Unable to play unknown soundEvent: minecraft:dig.stone
[13:12:36] [Client thread/WARN]: Unable to play unknown soundEvent: minecraft:dig.stone
[13:12:36] [Client thread/WARN]: Unable to play unknown soundEvent: minecraft:step.stone
[13:12:36] [Client thread/WARN]: Unable to play unknown soundEvent: minecraft:dig.stone
[13:12:36] [Client thread/WARN]: Unable to play unknown soundEvent: minecraft:dig.stone
[13:12:36] [Client thread/WARN]: Unable to play unknown soundEvent: minecraft:dig.stone
[13:12:37] [Client thread/WARN]: Unable to play unknown soundEvent: minecraft:dig.stone
[13:12:37] [Client thread/WARN]: Unable to play unknown soundEvent: minecraft:step.stone
[13:12:37] [Client thread/WARN]: Unable to play unknown soundEvent: minecraft:dig.stone
[13:12:37] [Client thread/WARN]: Unable to play unknown soundEvent: minecraft:dig.stone
[13:12:37] [Client thread/WARN]: Unable to play unknown soundEvent: minecraft:dig.stone
[13:12:37] [Client thread/WARN]: Unable to play unknown soundEvent: minecraft:step.stone
[13:12:37] [Client thread/WARN]: Unable to play unknown soundEvent: minecraft:dig.stone
[13:12:38] [Client thread/WARN]: Unable to play unknown soundEvent: minecraft:dig.stone
[13:12:38] [Client thread/WARN]: Unable to play unknown soundEvent: minecraft:dig.stone
[13:12:38] [Client thread/WARN]: Unable to play unknown soundEvent: minecraft:dig.stone
[13:12:38] [Client thread/WARN]: Unable to play unknown soundEvent: minecraft:dig.stone
[13:12:38] [Client thread/WARN]: Unable to play unknown soundEvent: minecraft:dig.stone
[13:12:38] [Client thread/WARN]: Unable to play unknown soundEvent: minecraft:step.stone
[13:12:38] [Client thread/WARN]: Unable to play unknown soundEvent: minecraft:dig.stone
[13:12:38] [Client thread/WARN]: Unable to play unknown soundEvent: minecraft:dig.stone
[13:12:38] [Client thread/WARN]: Unable to play unknown soundEvent: minecraft:dig.stone
[13:12:38] [Client thread/WARN]: Unable to play unknown soundEvent: minecraft:dig.stone
[13:12:38] [Client thread/WARN]: Unable to play unknown soundEvent: minecraft:step.stone
[13:12:39] [Client thread/WARN]: Unable to play unknown soundEvent: minecraft:dig.stone
[13:12:39] [Client thread/WARN]: Unable to play unknown soundEvent: minecraft:dig.stone
[13:12:39] [Client thread/WARN]: Unable to play unknown soundEvent: minecraft:dig.stone
[13:12:39] [Client thread/WARN]: Unable to play unknown soundEvent: minecraft:dig.stone
[13:12:39] [Client thread/WARN]: Unable to play unknown soundEvent: minecraft:step.stone
[13:12:39] [Client thread/WARN]: Unable to play unknown soundEvent: minecraft:dig.stone
[13:12:39] [Client thread/WARN]: Unable to play unknown soundEvent: minecraft:dig.stone
[13:12:40] [Client thread/WARN]: Unable to play unknown soundEvent: minecraft:dig.stone
[13:12:40] [Client thread/WARN]: Unable to play unknown soundEvent: minecraft:step.stone
[13:12:40] [Client thread/WARN]: Unable to play unknown soundEvent: minecraft:dig.stone
[13:12:40] [Client thread/WARN]: Unable to play unknown soundEvent: minecraft:dig.stone
[13:12:40] [Client thread/WARN]: Unable to play unknown soundEvent: minecraft:dig.stone
[13:12:40] [Client thread/WARN]: Unable to play unknown soundEvent: minecraft:dig.stone
[13:12:40] [Client thread/WARN]: Unable to play unknown soundEvent: minecraft:dig.stone
[13:12:40] [Client thread/WARN]: Unable to play unknown soundEvent: minecraft:dig.stone
[13:12:40] [Client thread/WARN]: Unable to play unknown soundEvent: minecraft:step.stone
[13:12:40] [Client thread/WARN]: Unable to play unknown soundEvent: minecraft:dig.stone
[13:12:41] [Client thread/WARN]: Unable to play unknown soundEvent: minecraft:dig.stone
[13:12:41] [Client thread/WARN]: Unable to play unknown soundEvent: minecraft:dig.stone
[13:12:41] [Client thread/WARN]: Unable to play unknown soundEvent: minecraft:dig.stone
[13:12:41] [Client thread/WARN]: Unable to play unknown soundEvent: minecraft:dig.stone
[13:12:41] [Client thread/WARN]: Unable to play unknown soundEvent: minecraft:step.stone
[13:12:41] [Client thread/WARN]: Unable to play unknown soundEvent: minecraft:dig.stone
[13:12:41] [Client thread/WARN]: Unable to play unknown soundEvent: minecraft:dig.stone
[13:12:41] [Client thread/WARN]: Unable to play unknown soundEvent: minecraft:dig.stone
[13:12:41] [Client thread/WARN]: Unable to play unknown soundEvent: minecraft:step.stone
[13:12:42] [Client thread/WARN]: Unable to play unknown soundEvent: minecraft:dig.stone
[13:12:42] [Client thread/WARN]: Unable to play unknown soundEvent: minecraft:dig.stone
[13:12:42] [Client thread/WARN]: Unable to play unknown soundEvent: minecraft:dig.stone
[13:12:42] [Client thread/WARN]: Unable to play unknown soundEvent: minecraft:step.stone
[13:12:42] [Client thread/WARN]: Unable to play unknown soundEvent: minecraft:dig.stone
[13:12:42] [Client thread/WARN]: Unable to play unknown soundEvent: minecraft:dig.stone
[13:12:42] [Client thread/WARN]: Unable to play unknown soundEvent: minecraft:dig.stone
[13:12:43] [Client thread/WARN]: Unable to play unknown soundEvent: minecraft:dig.stone
[13:12:43] [Client thread/WARN]: Unable to play unknown soundEvent: minecraft:step.stone
[13:12:43] [Client thread/WARN]: Unable to play unknown soundEvent: minecraft:step.stone
[13:12:43] [Client thread/WARN]: Unable to play unknown soundEvent: minecraft:dig.stone
[13:12:43] [Client thread/WARN]: Unable to play unknown soundEvent: minecraft:dig.stone
[13:12:43] [Client thread/WARN]: Unable to play unknown soundEvent: minecraft:dig.stone
[13:12:43] [Client thread/WARN]: Unable to play unknown soundEvent: minecraft:dig.stone
[13:12:43] [Client thread/WARN]: Unable to play unknown soundEvent: minecraft:step.stone
[13:12:43] [Client thread/WARN]: Unable to play unknown soundEvent: minecraft:dig.stone
[13:12:44] [Client thread/WARN]: Unable to play unknown soundEvent: minecraft:dig.stone
[13:12:44] [Client thread/WARN]: Unable to play unknown soundEvent: minecraft:dig.stone
[13:12:44] [Client thread/WARN]: Unable to play unknown soundEvent: minecraft:step.stone
[13:12:44] [Client thread/WARN]: Unable to play unknown soundEvent: minecraft:dig.stone
[13:12:44] [Client thread/WARN]: Unable to play unknown soundEvent: minecraft:dig.stone
[13:12:44] [Client thread/WARN]: Unable to play unknown soundEvent: minecraft:dig.stone
[13:12:44] [Client thread/WARN]: Unable to play unknown soundEvent: minecraft:dig.stone
[13:12:44] [Client thread/WARN]: Unable to play unknown soundEvent: minecraft:dig.stone
[13:12:44] [Client thread/WARN]: Unable to play unknown soundEvent: minecraft:step.stone
[13:12:45] [Client thread/WARN]: Unable to play unknown soundEvent: minecraft:dig.stone
[13:12:45] [Client thread/WARN]: Unable to play unknown soundEvent: minecraft:dig.stone
[13:12:45] [Client thread/WARN]: Unable to play unknown soundEvent: minecraft:step.stone
[13:12:45] [Client thread/WARN]: Unable to play unknown soundEvent: minecraft:dig.stone
[13:12:45] [Client thread/WARN]: Unable to play unknown soundEvent: minecraft:dig.stone
[13:12:45] [Client thread/WARN]: Unable to play unknown soundEvent: minecraft:dig.stone
[13:12:45] [Client thread/WARN]: Unable to play unknown soundEvent: minecraft:dig.stone
[13:12:45] [Client thread/WARN]: Unable to play unknown soundEvent: minecraft:dig.stone
[13:12:45] [Client thread/WARN]: Unable to play unknown soundEvent: minecraft:dig.stone
[13:12:46] [Client thread/WARN]: Unable to play unknown soundEvent: minecraft:dig.stone
[13:12:46] [Client thread/WARN]: Unable to play unknown soundEvent: minecraft:dig.stone
[13:12:46] [Client thread/WARN]: Unable to play unknown soundEvent: minecraft:step.stone
[13:12:46] [Client thread/WARN]: Unable to play unknown soundEvent: minecraft:dig.stone
[13:12:46] [Client thread/WARN]: Unable to play unknown soundEvent: minecraft:dig.stone
[13:12:46] [Client thread/WARN]: Unable to play unknown soundEvent: minecraft:dig.stone
[13:12:46] [Client thread/WARN]: Unable to play unknown soundEvent: minecraft:dig.stone
[13:12:46] [Client thread/WARN]: Unable to play unknown soundEvent: minecraft:dig.stone
[13:12:46] [Client thread/WARN]: Unable to play unknown soundEvent: minecraft:dig.stone
[13:12:46] [Client thread/WARN]: Unable to play unknown soundEvent: minecraft:step.stone
[13:12:46] [Client thread/WARN]: Unable to play unknown soundEvent: minecraft:dig.stone
[13:12:47] [Client thread/WARN]: Unable to play unknown soundEvent: minecraft:dig.stone
[13:12:47] [Client thread/WARN]: Unable to play unknown soundEvent: minecraft:dig.stone
[13:12:47] [Client thread/WARN]: Unable to play unknown soundEvent: minecraft:dig.stone
[13:12:47] [Client thread/WARN]: Unable to play unknown soundEvent: minecraft:dig.stone
[13:12:47] [Client thread/WARN]: Unable to play unknown soundEvent: minecraft:step.stone
[13:12:47] [Client thread/WARN]: Unable to play unknown soundEvent: minecraft:dig.stone
[13:12:47] [Client thread/WARN]: Unable to play unknown soundEvent: minecraft:dig.stone
[13:12:47] [Client thread/WARN]: Unable to play unknown soundEvent: minecraft:dig.stone
[13:12:47] [Client thread/WARN]: Unable to play unknown soundEvent: minecraft:dig.stone
[13:12:47] [Client thread/WARN]: Unable to play unknown soundEvent: minecraft:dig.stone
[13:12:47] [Client thread/WARN]: Unable to play unknown soundEvent: minecraft:step.stone
[13:12:48] [Client thread/WARN]: Unable to play unknown soundEvent: minecraft:dig.stone
[13:12:48] [Client thread/WARN]: Unable to play unknown soundEvent: minecraft:dig.stone
[13:12:48] [Client thread/WARN]: Unable to play unknown soundEvent: minecraft:dig.stone
[13:12:48] [Client thread/WARN]: Unable to play unknown soundEvent: minecraft:dig.stone
[13:12:48] [Client thread/WARN]: Unable to play unknown soundEvent: minecraft:dig.stone
[13:12:48] [Client thread/WARN]: Unable to play unknown soundEvent: minecraft:dig.stone
[13:12:48] [Client thread/WARN]: Unable to play unknown soundEvent: minecraft:dig.stone
[13:12:48] [Client thread/WARN]: Unable to play unknown soundEvent: minecraft:dig.stone
[13:12:48] [Client thread/WARN]: Unable to play unknown soundEvent: minecraft:dig.stone
[13:12:49] [Client thread/WARN]: Unable to play unknown soundEvent: minecraft:step.stone
[13:12:49] [Client thread/WARN]: Unable to play unknown soundEvent: minecraft:dig.stone
[13:12:49] [Client thread/WARN]: Unable to play unknown soundEvent: minecraft:dig.stone
[13:12:49] [Client thread/WARN]: Unable to play unknown soundEvent: minecraft:dig.stone
[13:12:49] [Client thread/WARN]: Unable to play unknown soundEvent: minecraft:dig.stone
[13:12:49] [Client thread/WARN]: Unable to play unknown soundEvent: minecraft:dig.stone
[13:12:49] [Client thread/WARN]: Unable to play unknown soundEvent: minecraft:dig.stone
[13:12:49] [Client thread/WARN]: Unable to play unknown soundEvent: minecraft:step.stone
[13:12:49] [Client thread/WARN]: Unable to play unknown soundEvent: minecraft:dig.stone
[13:12:49] [Client thread/WARN]: Unable to play unknown soundEvent: minecraft:dig.stone
[13:12:49] [Client thread/WARN]: Unable to play unknown soundEvent: minecraft:dig.stone
[13:12:50] [Client thread/WARN]: Unable to play unknown soundEvent: minecraft:dig.stone
[13:12:50] [Client thread/WARN]: Unable to play unknown soundEvent: minecraft:dig.stone
[13:12:50] [Client thread/WARN]: Unable to play unknown soundEvent: minecraft:dig.stone
[13:12:50] [Client thread/WARN]: Unable to play unknown soundEvent: minecraft:dig.stone
[13:12:50] [Client thread/WARN]: Unable to play unknown soundEvent: minecraft:dig.stone
[13:12:50] [Client thread/WARN]: Unable to play unknown soundEvent: minecraft:dig.stone
[13:12:50] [Client thread/WARN]: Unable to play unknown soundEvent: minecraft:dig.stone
[13:12:50] [Client thread/WARN]: Unable to play unknown soundEvent: minecraft:step.stone
[13:12:50] [Client thread/WARN]: Unable to play unknown soundEvent: minecraft:dig.stone
[13:12:50] [Client thread/WARN]: Unable to play unknown soundEvent: minecraft:dig.stone
[13:12:51] [Client thread/WARN]: Unable to play unknown soundEvent: minecraft:dig.stone
[13:12:51] [Client thread/WARN]: Unable to play unknown soundEvent: minecraft:dig.stone
[13:12:51] [Client thread/WARN]: Unable to play unknown soundEvent: minecraft:dig.stone
[13:12:51] [Client thread/WARN]: Unable to play unknown soundEvent: minecraft:dig.stone
[13:12:51] [Client thread/WARN]: Unable to play unknown soundEvent: minecraft:step.stone
[13:12:51] [Client thread/WARN]: Unable to play unknown soundEvent: minecraft:step.stone
[13:12:51] [Client thread/WARN]: Unable to play unknown soundEvent: minecraft:dig.stone
[13:12:51] [Client thread/WARN]: Unable to play unknown soundEvent: minecraft:dig.stone
[13:12:51] [Client thread/WARN]: Unable to play unknown soundEvent: minecraft:dig.stone
[13:12:51] [Client thread/WARN]: Unable to play unknown soundEvent: minecraft:dig.stone
[13:12:51] [Client thread/WARN]: Unable to play unknown soundEvent: minecraft:dig.stone
[13:12:51] [Client thread/WARN]: Unable to play unknown soundEvent: minecraft:dig.stone
[13:12:54] [Client thread/WARN]: Unable to play unknown soundEvent: minecraft:dig.stone
[13:12:54] [Client thread/WARN]: Unable to play unknown soundEvent: minecraft:dig.stone
[13:12:54] [Client thread/WARN]: Unable to play unknown soundEvent: minecraft:dig.stone
[13:12:55] [Client thread/WARN]: Unable to play unknown soundEvent: minecraft:dig.stone
[13:12:55] [Client thread/WARN]: Unable to play unknown soundEvent: minecraft:dig.stone
[13:12:55] [Client thread/WARN]: Unable to play unknown soundEvent: minecraft:dig.stone
[13:12:55] [Client thread/WARN]: Unable to play unknown soundEvent: minecraft:dig.stone
[13:12:55] [Client thread/WARN]: Unable to play unknown soundEvent: minecraft:dig.stone
[13:12:55] [Client thread/WARN]: Unable to play unknown soundEvent: minecraft:dig.stone
[13:12:55] [Client thread/WARN]: Unable to play unknown soundEvent: minecraft:dig.stone
[13:12:55] [Client thread/WARN]: Unable to play unknown soundEvent: minecraft:dig.stone
[13:12:56] [Client thread/WARN]: Unable to play unknown soundEvent: minecraft:dig.stone
[13:12:56] [Client thread/WARN]: Unable to play unknown soundEvent: minecraft:dig.stone
[13:12:56] [Client thread/WARN]: Unable to play unknown soundEvent: minecraft:dig.stone
[13:12:56] [Client thread/WARN]: Unable to play unknown soundEvent: minecraft:step.stone
[13:12:56] [Client thread/WARN]: Unable to play unknown soundEvent: minecraft:step.stone
[13:12:56] [Client thread/WARN]: Unable to play unknown soundEvent: minecraft:dig.stone
[13:12:56] [Client thread/WARN]: Unable to play unknown soundEvent: minecraft:dig.stone
[13:12:56] [Client thread/WARN]: Unable to play unknown soundEvent: minecraft:dig.stone
[13:12:56] [Client thread/WARN]: Unable to play unknown soundEvent: minecraft:dig.stone
[13:12:56] [Client thread/WARN]: Unable to play unknown soundEvent: minecraft:dig.stone
[13:12:56] [Client thread/WARN]: Unable to play unknown soundEvent: minecraft:dig.stone
[13:12:57] [Client thread/WARN]: Unable to play unknown soundEvent: minecraft:step.stone
[13:12:57] [Client thread/WARN]: Unable to play unknown soundEvent: minecraft:dig.stone
[13:12:57] [Client thread/WARN]: Unable to play unknown soundEvent: minecraft:step.stone
[13:12:57] [Client thread/WARN]: Unable to play unknown soundEvent: minecraft:dig.stone
[13:12:57] [Client thread/WARN]: Unable to play unknown soundEvent: minecraft:dig.stone
[13:12:57] [Client thread/WARN]: Unable to play unknown soundEvent: minecraft:dig.stone
[13:12:57] [Client thread/WARN]: Unable to play unknown soundEvent: minecraft:dig.stone
[13:12:57] [Client thread/WARN]: Unable to play unknown soundEvent: minecraft:step.stone
[13:12:57] [Client thread/WARN]: Unable to play unknown soundEvent: minecraft:dig.stone
[13:12:57] [Client thread/WARN]: Unable to play unknown soundEvent: minecraft:step.stone
[13:12:58] [Client thread/WARN]: Unable to play unknown soundEvent: minecraft:dig.stone
[13:12:58] [Client thread/WARN]: Unable to play unknown soundEvent: minecraft:dig.stone
[13:12:58] [Client thread/WARN]: Unable to play unknown soundEvent: minecraft:step.stone
[13:12:58] [Client thread/WARN]: Unable to play unknown soundEvent: minecraft:dig.stone
[13:12:58] [Client thread/WARN]: Unable to play unknown soundEvent: minecraft:dig.stone
[13:12:58] [Client thread/WARN]: Unable to play unknown soundEvent: minecraft:step.stone
[13:12:58] [Client thread/WARN]: Unable to play unknown soundEvent: minecraft:dig.stone
[13:12:59] [Client thread/WARN]: Unable to play unknown soundEvent: minecraft:dig.stone
[13:12:59] [Client thread/WARN]: Unable to play unknown soundEvent: minecraft:dig.stone
[13:12:59] [Client thread/WARN]: Unable to play unknown soundEvent: minecraft:step.stone
[13:12:59] [Client thread/WARN]: Unable to play unknown soundEvent: minecraft:dig.stone
[13:12:59] [Client thread/WARN]: Unable to play unknown soundEvent: minecraft:dig.stone
[13:12:59] [Client thread/WARN]: Unable to play unknown soundEvent: minecraft:dig.stone
[13:12:59] [Client thread/WARN]: Unable to play unknown soundEvent: minecraft:dig.stone
[13:12:59] [Client thread/WARN]: Unable to play unknown soundEvent: minecraft:step.stone
[13:12:59] [Client thread/WARN]: Unable to play unknown soundEvent: minecraft:step.stone
[13:12:59] [Client thread/WARN]: Unable to play unknown soundEvent: minecraft:dig.stone
[13:13:00] [Client thread/WARN]: Unable to play unknown soundEvent: minecraft:dig.stone
[13:13:00] [Client thread/WARN]: Unable to play unknown soundEvent: minecraft:dig.stone
[13:13:00] [Client thread/WARN]: Unable to play unknown soundEvent: minecraft:dig.stone
[13:13:00] [Client thread/WARN]: Unable to play unknown soundEvent: minecraft:step.stone
[13:13:00] [Client thread/WARN]: Unable to play unknown soundEvent: minecraft:dig.stone
[13:13:00] [Client thread/WARN]: Unable to play unknown soundEvent: minecraft:dig.stone
[13:13:00] [Client thread/WARN]: Unable to play unknown soundEvent: minecraft:step.stone
[13:13:00] [Client thread/WARN]: Unable to play unknown soundEvent: minecraft:dig.stone
[13:13:00] [Client thread/WARN]: Unable to play unknown soundEvent: minecraft:dig.stone
[13:13:00] [Client thread/WARN]: Unable to play unknown soundEvent: minecraft:dig.stone
[13:13:01] [Client thread/WARN]: Unable to play unknown soundEvent: minecraft:dig.stone
[13:13:02] [Client thread/WARN]: Unable to play unknown soundEvent: minecraft:dig.stone
[13:13:02] [Client thread/WARN]: Unable to play unknown soundEvent: minecraft:dig.stone
[13:13:02] [Client thread/WARN]: Unable to play unknown soundEvent: minecraft:dig.stone
[13:13:02] [Client thread/WARN]: Unable to play unknown soundEvent: minecraft:dig.stone
[13:13:02] [Client thread/WARN]: Unable to play unknown soundEvent: minecraft:dig.stone
[13:13:02] [Client thread/WARN]: Unable to play unknown soundEvent: minecraft:dig.stone
[13:13:02] [Client thread/WARN]: Unable to play unknown soundEvent: minecraft:dig.stone
[13:13:02] [Client thread/WARN]: Unable to play unknown soundEvent: minecraft:dig.stone
[13:13:02] [Client thread/WARN]: Unable to play unknown soundEvent: minecraft:dig.stone
[13:13:02] [Client thread/WARN]: Unable to play unknown soundEvent: minecraft:dig.stone
[13:13:03] [Client thread/WARN]: Unable to play unknown soundEvent: minecraft:dig.stone
[13:13:03] [Client thread/WARN]: Unable to play unknown soundEvent: minecraft:dig.stone
[13:13:03] [Client thread/WARN]: Unable to play unknown soundEvent: minecraft:step.stone
[13:13:03] [Client thread/WARN]: Unable to play unknown soundEvent: minecraft:step.stone
[13:13:03] [Client thread/WARN]: Unable to play unknown soundEvent: minecraft:dig.stone
[13:13:03] [Client thread/WARN]: Unable to play unknown soundEvent: minecraft:dig.stone
[13:13:04] [Client thread/WARN]: Unable to play unknown soundEvent: minecraft:dig.stone
[13:13:04] [Client thread/WARN]: Unable to play unknown soundEvent: minecraft:step.stone
[13:13:04] [Client thread/WARN]: Unable to play unknown soundEvent: minecraft:dig.stone
[13:13:04] [Client thread/WARN]: Unable to play unknown soundEvent: minecraft:dig.stone
[13:13:04] [Client thread/WARN]: Unable to play unknown soundEvent: minecraft:step.stone
[13:13:04] [Client thread/WARN]: Unable to play unknown soundEvent: minecraft:dig.stone
[13:13:04] [Client thread/WARN]: Unable to play unknown soundEvent: minecraft:dig.stone
[13:13:04] [Client thread/WARN]: Unable to play unknown soundEvent: minecraft:dig.stone
[13:13:04] [Client thread/WARN]: Unable to play unknown soundEvent: minecraft:dig.stone
[13:13:04] [Client thread/WARN]: Unable to play unknown soundEvent: minecraft:dig.stone
[13:13:04] [Client thread/WARN]: Unable to play unknown soundEvent: minecraft:dig.stone
[13:13:05] [Client thread/WARN]: Unable to play unknown soundEvent: minecraft:dig.stone
[13:13:05] [Client thread/WARN]: Unable to play unknown soundEvent: minecraft:step.stone
[13:13:05] [Client thread/WARN]: Unable to play unknown soundEvent: minecraft:dig.stone
[13:13:05] [Client thread/WARN]: Unable to play unknown soundEvent: minecraft:dig.stone
[13:13:05] [Client thread/WARN]: Unable to play unknown soundEvent: minecraft:dig.stone
[13:13:05] [Client thread/WARN]: Unable to play unknown soundEvent: minecraft:dig.stone
[13:13:05] [Client thread/WARN]: Unable to play unknown soundEvent: minecraft:dig.stone
[13:13:05] [Client thread/WARN]: Unable to play unknown soundEvent: minecraft:dig.stone
[13:13:05] [Client thread/WARN]: Unable to play unknown soundEvent: minecraft:step.stone
[13:13:05] [Client thread/WARN]: Unable to play unknown soundEvent: minecraft:dig.stone
[13:13:05] [Client thread/WARN]: Unable to play unknown soundEvent: minecraft:dig.stone
[13:13:05] [Client thread/WARN]: Unable to play unknown soundEvent: minecraft:dig.stone
[13:13:06] [Client thread/WARN]: Unable to play unknown soundEvent: minecraft:dig.stone
[13:13:06] [Client thread/WARN]: Unable to play unknown soundEvent: minecraft:dig.stone
[13:13:06] [Client thread/WARN]: Unable to play unknown soundEvent: minecraft:dig.stone
[13:13:06] [Client thread/WARN]: Unable to play unknown soundEvent: minecraft:step.stone
[13:13:06] [Client thread/WARN]: Unable to play unknown soundEvent: minecraft:dig.stone
[13:13:06] [Client thread/WARN]: Unable to play unknown soundEvent: minecraft:dig.stone
[13:13:06] [Client thread/WARN]: Unable to play unknown soundEvent: minecraft:dig.stone
[13:13:06] [Client thread/WARN]: Unable to play unknown soundEvent: minecraft:dig.stone
[13:13:06] [Client thread/WARN]: Unable to play unknown soundEvent: minecraft:dig.stone
[13:13:06] [Client thread/WARN]: Unable to play unknown soundEvent: minecraft:dig.stone
[13:13:06] [Client thread/WARN]: Unable to play unknown soundEvent: minecraft:dig.stone
[13:13:06] [Client thread/WARN]: Unable to play unknown soundEvent: minecraft:step.stone
[13:13:07] [Client thread/WARN]: Unable to play unknown soundEvent: minecraft:dig.stone
[13:13:07] [Client thread/WARN]: Unable to play unknown soundEvent: minecraft:dig.stone
[13:13:07] [Client thread/WARN]: Unable to play unknown soundEvent: minecraft:dig.stone
[13:13:07] [Client thread/WARN]: Unable to play unknown soundEvent: minecraft:dig.stone
[13:13:07] [Client thread/WARN]: Unable to play unknown soundEvent: minecraft:dig.stone
[13:13:07] [Client thread/WARN]: Unable to play unknown soundEvent: minecraft:step.stone
[13:13:07] [Client thread/WARN]: Unable to play unknown soundEvent: minecraft:dig.stone
[13:13:07] [Client thread/WARN]: Unable to play unknown soundEvent: minecraft:dig.stone
[13:13:07] [Client thread/WARN]: Unable to play unknown soundEvent: minecraft:dig.stone
[13:13:07] [Client thread/WARN]: Unable to play unknown soundEvent: minecraft:dig.stone
[13:13:08] [Client thread/WARN]: Unable to play unknown soundEvent: minecraft:dig.stone
[13:13:08] [Client thread/WARN]: Unable to play unknown soundEvent: minecraft:step.stone
[13:13:08] [Client thread/WARN]: Unable to play unknown soundEvent: minecraft:dig.stone
[13:13:08] [Client thread/WARN]: Unable to play unknown soundEvent: minecraft:step.stone
[13:13:08] [Client thread/WARN]: Unable to play unknown soundEvent: minecraft:dig.stone
[13:13:08] [Client thread/WARN]: Unable to play unknown soundEvent: minecraft:dig.stone
[13:13:08] [Client thread/WARN]: Unable to play unknown soundEvent: minecraft:dig.stone
[13:13:08] [Client thread/WARN]: Unable to play unknown soundEvent: minecraft:dig.stone
[13:13:08] [Client thread/WARN]: Unable to play unknown soundEvent: minecraft:dig.stone
[13:13:08] [Client thread/WARN]: Unable to play unknown soundEvent: minecraft:dig.stone
[13:13:08] [Client thread/WARN]: Unable to play unknown soundEvent: minecraft:dig.stone
[13:13:08] [Client thread/WARN]: Unable to play unknown soundEvent: minecraft:dig.stone
[13:13:08] [Client thread/WARN]: Unable to play unknown soundEvent: minecraft:step.stone
[13:13:10] [Client thread/WARN]: Unable to play unknown soundEvent: minecraft:step.stone
[13:13:11] [Client thread/WARN]: Unable to play unknown soundEvent: minecraft:step.stone
[13:13:12] [Client thread/WARN]: Unable to play unknown soundEvent: minecraft:step.sand
[13:13:13] [Client thread/WARN]: Unable to play unknown soundEvent: minecraft:step.sand
[13:13:13] [Client thread/WARN]: Unable to play unknown soundEvent: minecraft:step.sand
[13:13:13] [Client thread/WARN]: Unable to play unknown soundEvent: minecraft:step.sand
[13:13:14] [Client thread/WARN]: Unable to play unknown soundEvent: minecraft:step.sand
[13:13:15] [Client thread/WARN]: Unable to play unknown soundEvent: minecraft:dig.sand
[13:13:16] [Client thread/WARN]: Unable to play unknown soundEvent: minecraft:dig.sand
[13:13:16] [Client thread/WARN]: Unable to play unknown soundEvent: minecraft:step.sand
[13:13:17] [Client thread/WARN]: Unable to play unknown soundEvent: minecraft:dig.stone
[13:13:17] [Client thread/WARN]: Unable to play unknown soundEvent: minecraft:step.stone
[13:13:18] [Client thread/WARN]: Unable to play unknown soundEvent: minecraft:dig.stone
[13:13:19] [Client thread/WARN]: Unable to play unknown soundEvent: minecraft:step.stone
[13:13:19] [Client thread/WARN]: Unable to play unknown soundEvent: minecraft:step.stone
[13:13:19] [Client thread/WARN]: Unable to play unknown soundEvent: minecraft:step.stone
[13:13:20] [Client thread/WARN]: Unable to play unknown soundEvent: minecraft:step.stone
[13:13:20] [Client thread/WARN]: Unable to play unknown soundEvent: minecraft:step.stone
[13:13:20] [Client thread/WARN]: Unable to play unknown soundEvent: minecraft:dig.stone
[13:13:22] [Client thread/WARN]: Unable to play unknown soundEvent: minecraft:dig.stone
[13:13:22] [Client thread/WARN]: Unable to play unknown soundEvent: minecraft:dig.stone
[13:13:23] [Client thread/WARN]: Unable to play unknown soundEvent: minecraft:step.stone
[13:13:23] [Client thread/WARN]: Unable to play unknown soundEvent: minecraft:step.grass
[13:13:31] [Client thread/WARN]: Unable to play unknown soundEvent: minecraft:game.tnt.primed
[13:13:31] [Client thread/WARN]: Unable to play unknown soundEvent: minecraft:dig.wood
[13:13:32] [Client thread/WARN]: Unable to play unknown soundEvent: minecraft:random.chestopen
[13:13:33] [Client thread/WARN]: Unable to play unknown soundEvent: minecraft:random.chestopen
[13:13:33] [Client thread/WARN]: Unable to play unknown soundEvent: minecraft:random.chestclosed
[13:13:34] [Client thread/WARN]: Unable to play unknown soundEvent: minecraft:random.chestopen
[13:13:34] [Client thread/WARN]: Unable to play unknown soundEvent: minecraft:random.chestclosed
[13:13:34] [Client thread/WARN]: Unable to play unknown soundEvent: minecraft:random.chestclosed
[13:13:35] [Client thread/WARN]: Unable to play unknown soundEvent: minecraft:random.explode
[13:13:35] [Client thread/WARN]: Unable to play unknown soundEvent: minecraft:dig.wood
[13:13:35] [Client thread/WARN]: Unable to play unknown soundEvent: minecraft:random.pop
[13:13:36] [Client thread/WARN]: Unable to play unknown soundEvent: minecraft:random.explode
[13:13:36] [Client thread/WARN]: Unable to play unknown soundEvent: minecraft:random.explode
[13:13:36] [Client thread/WARN]: Unable to play unknown soundEvent: minecraft:random.explode
[13:13:36] [Client thread/WARN]: Unable to play unknown soundEvent: minecraft:random.explode
[13:13:36] [Client thread/WARN]: Unable to play unknown soundEvent: minecraft:random.explode
[13:13:36] [Client thread/WARN]: Unable to play unknown soundEvent: minecraft:random.explode
[13:13:36] [Client thread/WARN]: Unable to play unknown soundEvent: minecraft:random.explode
[13:13:36] [Client thread/WARN]: Unable to play unknown soundEvent: minecraft:random.explode
[13:13:44] [Client thread/WARN]: Unable to play unknown soundEvent: minecraft:mob.bat.takeoff
[13:13:44] [Client thread/WARN]: Unable to play unknown soundEvent: minecraft:mob.bat.takeoff
[13:13:44] [Client thread/WARN]: Unable to play unknown soundEvent: minecraft:mob.bat.takeoff
[13:13:47] [Client thread/WARN]: Unable to play unknown soundEvent: minecraft:minecart.base
[13:13:48] [Client thread/WARN]: Unable to play unknown soundEvent: minecraft:step.cloth
[13:13:53] [Client thread/WARN]: Unable to play unknown soundEvent: minecraft:step.cloth
[13:13:53] [Client thread/WARN]: Unable to play unknown soundEvent: minecraft:step.cloth
[13:13:54] [Client thread/WARN]: Unable to play unknown soundEvent: minecraft:dig.cloth
[13:13:54] [Client thread/WARN]: Unable to play unknown soundEvent: minecraft:step.cloth
[13:13:54] [Client thread/WARN]: Unable to play unknown soundEvent: minecraft:dig.cloth
[13:13:54] [Client thread/WARN]: Unable to play unknown soundEvent: minecraft:step.cloth
[13:13:54] [Client thread/WARN]: Unable to play unknown soundEvent: minecraft:dig.cloth
[13:13:54] [Client thread/WARN]: Unable to play unknown soundEvent: minecraft:dig.cloth
[13:13:54] [Client thread/WARN]: Unable to play unknown soundEvent: minecraft:step.cloth
[13:13:54] [Client thread/WARN]: Unable to play unknown soundEvent: minecraft:dig.cloth
[13:13:55] [Client thread/WARN]: Unable to play unknown soundEvent: minecraft:dig.cloth
[13:13:55] [Client thread/WARN]: Unable to play unknown soundEvent: minecraft:step.stone
[13:13:55] [Client thread/WARN]: Unable to play unknown soundEvent: minecraft:dig.cloth
[13:13:55] [Client thread/WARN]: Unable to play unknown soundEvent: minecraft:step.stone
[13:13:55] [Client thread/WARN]: Unable to play unknown soundEvent: minecraft:dig.cloth
[13:13:55] [Client thread/WARN]: Unable to play unknown soundEvent: minecraft:dig.cloth
[13:13:55] [Client thread/WARN]: Unable to play unknown soundEvent: minecraft:dig.cloth
[13:13:55] [Client thread/WARN]: Unable to play unknown soundEvent: minecraft:dig.cloth
[13:13:55] [Client thread/WARN]: Unable to play unknown soundEvent: minecraft:dig.cloth
[13:13:56] [Client thread/WARN]: Unable to play unknown soundEvent: minecraft:step.cloth
[13:13:56] [Client thread/WARN]: Unable to play unknown soundEvent: minecraft:dig.cloth
[13:13:56] [Client thread/WARN]: Unable to play unknown soundEvent: minecraft:step.cloth
[13:13:56] [Client thread/WARN]: Unable to play unknown soundEvent: minecraft:dig.cloth
[13:13:56] [Client thread/WARN]: Unable to play unknown soundEvent: minecraft:dig.cloth
[13:13:56] [Client thread/WARN]: Unable to play unknown soundEvent: minecraft:dig.cloth
[13:13:56] [Client thread/WARN]: Unable to play unknown soundEvent: minecraft:dig.cloth
[13:13:56] [Client thread/WARN]: Unable to play unknown soundEvent: minecraft:step.cloth
[13:13:56] [Client thread/WARN]: Unable to play unknown soundEvent: minecraft:dig.cloth
[13:13:56] [Client thread/WARN]: Unable to play unknown soundEvent: minecraft:dig.cloth
[13:13:57] [Client thread/WARN]: Unable to play unknown soundEvent: minecraft:dig.cloth
[13:13:57] [Client thread/WARN]: Unable to play unknown soundEvent: minecraft:dig.cloth
[13:13:57] [Client thread/WARN]: Unable to play unknown soundEvent: minecraft:step.cloth
[13:13:57] [Client thread/WARN]: Unable to play unknown soundEvent: minecraft:dig.cloth
[13:13:57] [Client thread/WARN]: Unable to play unknown soundEvent: minecraft:step.cloth
[13:13:57] [Client thread/WARN]: Unable to play unknown soundEvent: minecraft:dig.cloth
[13:13:57] [Client thread/WARN]: Unable to play unknown soundEvent: minecraft:step.cloth
[13:13:57] [Client thread/WARN]: Unable to play unknown soundEvent: minecraft:dig.cloth
[13:13:57] [Client thread/WARN]: Unable to play unknown soundEvent: minecraft:dig.cloth
[13:13:57] [Client thread/WARN]: Unable to play unknown soundEvent: minecraft:step.cloth
[13:13:57] [Client thread/WARN]: Unable to play unknown soundEvent: minecraft:dig.cloth
[13:13:58] [Client thread/WARN]: Unable to play unknown soundEvent: minecraft:dig.cloth
[13:13:58] [Client thread/WARN]: Unable to play unknown soundEvent: minecraft:step.cloth
[13:13:58] [Client thread/WARN]: Unable to play unknown soundEvent: minecraft:dig.cloth
[13:13:58] [Client thread/WARN]: Unable to play unknown soundEvent: minecraft:dig.cloth
[13:13:58] [Client thread/WARN]: Unable to play unknown soundEvent: minecraft:step.cloth
[13:13:58] [Client thread/WARN]: Unable to play unknown soundEvent: minecraft:dig.cloth
[13:13:58] [Client thread/WARN]: Unable to play unknown soundEvent: minecraft:step.cloth
[13:13:58] [Client thread/WARN]: Unable to play unknown soundEvent: minecraft:dig.cloth
[13:13:59] [Client thread/WARN]: Unable to play unknown soundEvent: minecraft:dig.cloth
[13:13:59] [Client thread/WARN]: Unable to play unknown soundEvent: minecraft:step.cloth
[13:13:59] [Client thread/WARN]: Unable to play unknown soundEvent: minecraft:dig.cloth
[13:13:59] [Client thread/WARN]: Unable to play unknown soundEvent: minecraft:step.cloth
[13:13:59] [Client thread/WARN]: Unable to play unknown soundEvent: minecraft:dig.cloth
[13:13:59] [Client thread/WARN]: Unable to play unknown soundEvent: minecraft:dig.cloth
[13:13:59] [Client thread/WARN]: Unable to play unknown soundEvent: minecraft:step.cloth
[13:13:59] [Client thread/WARN]: Unable to play unknown soundEvent: minecraft:dig.cloth
[13:13:59] [Client thread/WARN]: Unable to play unknown soundEvent: minecraft:dig.cloth
[13:13:59] [Client thread/WARN]: Unable to play unknown soundEvent: minecraft:step.cloth
[13:14:00] [Client thread/WARN]: Unable to play unknown soundEvent: minecraft:dig.cloth
[13:14:00] [Client thread/WARN]: Unable to play unknown soundEvent: minecraft:step.cloth
[13:14:00] [Client thread/WARN]: Unable to play unknown soundEvent: minecraft:dig.cloth
[13:14:00] [Client thread/WARN]: Unable to play unknown soundEvent: minecraft:dig.cloth
[13:14:00] [Client thread/WARN]: Unable to play unknown soundEvent: minecraft:step.cloth
[13:14:00] [Client thread/WARN]: Unable to play unknown soundEvent: minecraft:dig.cloth
[13:14:00] [Client thread/WARN]: Unable to play unknown soundEvent: minecraft:dig.cloth
[13:14:00] [Client thread/WARN]: Unable to play unknown soundEvent: minecraft:step.cloth
[13:14:02] [Client thread/WARN]: Unable to play unknown soundEvent: minecraft:dig.cloth
[13:14:02] [Client thread/WARN]: Unable to play unknown soundEvent: minecraft:step.cloth
[13:14:02] [Client thread/WARN]: Unable to play unknown soundEvent: minecraft:dig.cloth
[13:14:02] [Client thread/WARN]: Unable to play unknown soundEvent: minecraft:dig.cloth
[13:14:02] [Client thread/WARN]: Unable to play unknown soundEvent: minecraft:step.cloth
[13:14:02] [Client thread/WARN]: Unable to play unknown soundEvent: minecraft:dig.cloth
[13:14:03] [Client thread/WARN]: Unable to play unknown soundEvent: minecraft:step.cloth
[13:14:03] [Client thread/WARN]: Unable to play unknown soundEvent: minecraft:dig.cloth
[13:14:03] [Client thread/WARN]: Unable to play unknown soundEvent: minecraft:dig.cloth
[13:14:03] [Client thread/WARN]: Unable to play unknown soundEvent: minecraft:step.cloth
[13:14:03] [Client thread/WARN]: Unable to play unknown soundEvent: minecraft:dig.cloth
[13:14:03] [Client thread/WARN]: Unable to play unknown soundEvent: minecraft:dig.cloth
[13:14:03] [Client thread/WARN]: Unable to play unknown soundEvent: minecraft:step.cloth
[13:14:03] [Client thread/WARN]: Unable to play unknown soundEvent: minecraft:dig.cloth
[13:14:04] [Client thread/WARN]: Unable to play unknown soundEvent: minecraft:dig.cloth
[13:14:04] [Client thread/WARN]: Unable to play unknown soundEvent: minecraft:step.cloth
[13:14:04] [Client thread/WARN]: Unable to play unknown soundEvent: minecraft:dig.cloth
[13:14:04] [Client thread/WARN]: Unable to play unknown soundEvent: minecraft:step.cloth
[13:14:04] [Client thread/WARN]: Unable to play unknown soundEvent: minecraft:dig.cloth
[13:14:04] [Client thread/WARN]: Unable to play unknown soundEvent: minecraft:dig.cloth
[13:14:04] [Client thread/WARN]: Unable to play unknown soundEvent: minecraft:dig.cloth
[13:14:04] [Client thread/WARN]: Unable to play unknown soundEvent: minecraft:dig.cloth
[13:14:04] [Client thread/WARN]: Unable to play unknown soundEvent: minecraft:step.cloth
[13:14:05] [Client thread/WARN]: Unable to play unknown soundEvent: minecraft:dig.cloth
[13:14:05] [Client thread/WARN]: Unable to play unknown soundEvent: minecraft:dig.cloth
[13:14:05] [Client thread/WARN]: Unable to play unknown soundEvent: minecraft:dig.cloth
[13:14:05] [Client thread/WARN]: Unable to play unknown soundEvent: minecraft:dig.cloth
[13:14:05] [Client thread/WARN]: Unable to play unknown soundEvent: minecraft:step.cloth
[13:14:05] [Client thread/WARN]: Unable to play unknown soundEvent: minecraft:dig.cloth
[13:14:05] [Client thread/WARN]: Unable to play unknown soundEvent: minecraft:dig.cloth
[13:14:05] [Client thread/WARN]: Unable to play unknown soundEvent: minecraft:dig.cloth
[13:14:06] [Client thread/WARN]: Unable to play unknown soundEvent: minecraft:dig.cloth
[13:14:06] [Client thread/WARN]: Unable to play unknown soundEvent: minecraft:step.cloth
[13:14:06] [Client thread/WARN]: Unable to play unknown soundEvent: minecraft:dig.cloth
[13:14:06] [Client thread/WARN]: Unable to play unknown soundEvent: minecraft:dig.cloth
[13:14:06] [Client thread/WARN]: Unable to play unknown soundEvent: minecraft:dig.cloth
[13:14:06] [Client thread/WARN]: Unable to play unknown soundEvent: minecraft:dig.cloth
[13:14:06] [Client thread/WARN]: Unable to play unknown soundEvent: minecraft:dig.cloth
[13:14:06] [Client thread/WARN]: Unable to play unknown soundEvent: minecraft:step.cloth
[13:14:06] [Client thread/WARN]: Unable to play unknown soundEvent: minecraft:dig.cloth
[13:14:07] [Client thread/WARN]: Unable to play unknown soundEvent: minecraft:dig.cloth
[13:14:07] [Client thread/WARN]: Unable to play unknown soundEvent: minecraft:dig.cloth
[13:14:07] [Client thread/WARN]: Unable to play unknown soundEvent: minecraft:dig.cloth
[13:14:07] [Client thread/WARN]: Unable to play unknown soundEvent: minecraft:step.cloth
[13:14:07] [Client thread/WARN]: Unable to play unknown soundEvent: minecraft:dig.cloth
[13:14:07] [Client thread/WARN]: Unable to play unknown soundEvent: minecraft:dig.cloth
[13:14:07] [Client thread/WARN]: Unable to play unknown soundEvent: minecraft:dig.cloth
[13:14:07] [Client thread/WARN]: Unable to play unknown soundEvent: minecraft:dig.cloth
[13:14:07] [Client thread/WARN]: Unable to play unknown soundEvent: minecraft:dig.cloth
[13:14:07] [Client thread/WARN]: Unable to play unknown soundEvent: minecraft:dig.cloth
[13:14:07] [Client thread/WARN]: Unable to play unknown soundEvent: minecraft:step.cloth
[13:14:08] [Client thread/WARN]: Unable to play unknown soundEvent: minecraft:dig.cloth
[13:14:08] [Client thread/WARN]: Unable to play unknown soundEvent: minecraft:dig.cloth
[13:14:08] [Client thread/WARN]: Unable to play unknown soundEvent: minecraft:dig.cloth
[13:14:08] [Client thread/WARN]: Unable to play unknown soundEvent: minecraft:dig.cloth
[13:14:08] [Client thread/WARN]: Unable to play unknown soundEvent: minecraft:dig.cloth
[13:14:08] [Client thread/WARN]: Unable to play unknown soundEvent: minecraft:step.cloth
[13:14:08] [Client thread/WARN]: Unable to play unknown soundEvent: minecraft:dig.cloth
[13:14:08] [Client thread/WARN]: Unable to play unknown soundEvent: minecraft:dig.cloth
[13:14:08] [Client thread/WARN]: Unable to play unknown soundEvent: minecraft:dig.cloth
[13:14:09] [Client thread/WARN]: Unable to play unknown soundEvent: minecraft:dig.cloth
[13:14:09] [Client thread/WARN]: Unable to play unknown soundEvent: minecraft:dig.cloth
[13:14:09] [Client thread/WARN]: Unable to play unknown soundEvent: minecraft:step.cloth
[13:14:09] [Client thread/WARN]: Unable to play unknown soundEvent: minecraft:dig.cloth
[13:14:09] [Client thread/WARN]: Unable to play unknown soundEvent: minecraft:dig.cloth
[13:14:09] [Client thread/WARN]: Unable to play unknown soundEvent: minecraft:dig.cloth
[13:14:09] [Client thread/WARN]: Unable to play unknown soundEvent: minecraft:dig.cloth
[13:14:09] [Client thread/WARN]: Unable to play unknown soundEvent: minecraft:step.cloth
[13:14:09] [Client thread/WARN]: Unable to play unknown soundEvent: minecraft:dig.cloth
[13:14:09] [Client thread/WARN]: Unable to play unknown soundEvent: minecraft:dig.cloth
[13:14:09] [Client thread/WARN]: Unable to play unknown soundEvent: minecraft:dig.cloth
[13:14:10] [Client thread/WARN]: Unable to play unknown soundEvent: minecraft:dig.cloth
[13:14:10] [Client thread/WARN]: Unable to play unknown soundEvent: minecraft:dig.cloth
[13:14:10] [Client thread/WARN]: Unable to play unknown soundEvent: minecraft:dig.cloth
[13:14:10] [Client thread/WARN]: Unable to play unknown soundEvent: minecraft:dig.cloth
[13:14:10] [Client thread/WARN]: Unable to play unknown soundEvent: minecraft:step.cloth
[13:14:10] [Client thread/WARN]: Unable to play unknown soundEvent: minecraft:dig.cloth
[13:14:10] [Client thread/WARN]: Unable to play unknown soundEvent: minecraft:dig.cloth
[13:14:10] [Client thread/WARN]: Unable to play unknown soundEvent: minecraft:dig.cloth
[13:14:10] [Client thread/WARN]: Unable to play unknown soundEvent: minecraft:dig.cloth
[13:14:10] [Client thread/WARN]: Unable to play unknown soundEvent: minecraft:step.cloth
[13:14:11] [Client thread/WARN]: Unable to play unknown soundEvent: minecraft:dig.cloth
[13:14:11] [Client thread/WARN]: Unable to play unknown soundEvent: minecraft:dig.cloth
[13:14:11] [Client thread/WARN]: Unable to play unknown soundEvent: minecraft:dig.cloth
[13:14:11] [Client thread/WARN]: Unable to play unknown soundEvent: minecraft:dig.cloth
[13:14:11] [Client thread/WARN]: Unable to play unknown soundEvent: minecraft:dig.cloth
[13:14:11] [Client thread/WARN]: Unable to play unknown soundEvent: minecraft:dig.cloth
[13:14:11] [Client thread/WARN]: Unable to play unknown soundEvent: minecraft:dig.cloth
[13:14:11] [Client thread/WARN]: Unable to play unknown soundEvent: minecraft:dig.cloth
[13:14:11] [Client thread/WARN]: Unable to play unknown soundEvent: minecraft:dig.cloth
[13:14:12] [Client thread/WARN]: Unable to play unknown soundEvent: minecraft:dig.cloth
[13:14:12] [Client thread/WARN]: Unable to play unknown soundEvent: minecraft:step.cloth
[13:14:12] [Client thread/WARN]: Unable to play unknown soundEvent: minecraft:dig.cloth
[13:14:12] [Client thread/WARN]: Unable to play unknown soundEvent: minecraft:dig.cloth
[13:14:12] [Client thread/WARN]: Unable to play unknown soundEvent: minecraft:dig.cloth
[13:14:12] [Client thread/WARN]: Unable to play unknown soundEvent: minecraft:dig.cloth
[13:14:12] [Client thread/WARN]: Unable to play unknown soundEvent: minecraft:dig.cloth
[13:14:12] [Client thread/WARN]: Unable to play unknown soundEvent: minecraft:step.cloth
[13:14:12] [Client thread/WARN]: Unable to play unknown soundEvent: minecraft:dig.cloth
[13:14:12] [Client thread/WARN]: Unable to play unknown soundEvent: minecraft:dig.cloth
[13:14:13] [Client thread/WARN]: Unable to play unknown soundEvent: minecraft:dig.cloth
[13:14:13] [Client thread/WARN]: Unable to play unknown soundEvent: minecraft:dig.cloth
[13:14:13] [Client thread/WARN]: Unable to play unknown soundEvent: minecraft:dig.cloth
[13:14:13] [Client thread/WARN]: Unable to play unknown soundEvent: minecraft:step.cloth
[13:14:13] [Client thread/WARN]: Unable to play unknown soundEvent: minecraft:dig.cloth
[13:14:13] [Client thread/WARN]: Unable to play unknown soundEvent: minecraft:dig.cloth
[13:14:13] [Client thread/WARN]: Unable to play unknown soundEvent: minecraft:dig.cloth
[13:14:13] [Client thread/WARN]: Unable to play unknown soundEvent: minecraft:dig.cloth
[13:14:13] [Client thread/WARN]: Unable to play unknown soundEvent: minecraft:dig.cloth
[13:14:13] [Client thread/WARN]: Unable to play unknown soundEvent: minecraft:step.cloth
[13:14:14] [Client thread/WARN]: Unable to play unknown soundEvent: minecraft:dig.cloth
[13:14:14] [Client thread/WARN]: Unable to play unknown soundEvent: minecraft:dig.cloth
[13:14:14] [Client thread/WARN]: Unable to play unknown soundEvent: minecraft:dig.cloth
[13:14:14] [Client thread/WARN]: Unable to play unknown soundEvent: minecraft:dig.cloth
[13:14:14] [Client thread/WARN]: Unable to play unknown soundEvent: minecraft:dig.cloth
[13:14:14] [Client thread/WARN]: Unable to play unknown soundEvent: minecraft:dig.cloth
[13:14:14] [Client thread/WARN]: Unable to play unknown soundEvent: minecraft:step.cloth
[13:14:14] [Client thread/WARN]: Unable to play unknown soundEvent: minecraft:dig.cloth
[13:14:14] [Client thread/WARN]: Unable to play unknown soundEvent: minecraft:dig.cloth
[13:14:14] [Client thread/WARN]: Unable to play unknown soundEvent: minecraft:dig.cloth
[13:14:14] [Client thread/WARN]: Unable to play unknown soundEvent: minecraft:dig.cloth
[13:14:15] [Client thread/WARN]: Unable to play unknown soundEvent: minecraft:dig.cloth
[13:14:15] [Client thread/WARN]: Unable to play unknown soundEvent: minecraft:dig.cloth
[13:14:15] [Client thread/WARN]: Unable to play unknown soundEvent: minecraft:step.cloth
[13:14:15] [Client thread/WARN]: Unable to play unknown soundEvent: minecraft:dig.cloth
[13:14:15] [Client thread/WARN]: Unable to play unknown soundEvent: minecraft:dig.cloth
[13:14:15] [Client thread/WARN]: Unable to play unknown soundEvent: minecraft:dig.cloth
[13:14:15] [Client thread/WARN]: Unable to play unknown soundEvent: minecraft:dig.cloth
[13:14:15] [Client thread/WARN]: Unable to play unknown soundEvent: minecraft:dig.cloth
[13:14:15] [Client thread/WARN]: Unable to play unknown soundEvent: minecraft:step.cloth
[13:14:15] [Client thread/WARN]: Unable to play unknown soundEvent: minecraft:dig.cloth
[13:14:16] [Client thread/WARN]: Unable to play unknown soundEvent: minecraft:dig.cloth
[13:14:16] [Client thread/WARN]: Unable to play unknown soundEvent: minecraft:dig.cloth
[13:14:16] [Client thread/WARN]: Unable to play unknown soundEvent: minecraft:dig.cloth
[13:14:16] [Client thread/WARN]: Unable to play unknown soundEvent: minecraft:step.cloth
[13:14:16] [Client thread/WARN]: Unable to play unknown soundEvent: minecraft:dig.cloth
[13:14:16] [Client thread/WARN]: Unable to play unknown soundEvent: minecraft:dig.cloth
[13:14:16] [Client thread/WARN]: Unable to play unknown soundEvent: minecraft:dig.cloth
[13:14:16] [Client thread/WARN]: Unable to play unknown soundEvent: minecraft:dig.cloth
[13:14:16] [Client thread/WARN]: Unable to play unknown soundEvent: minecraft:dig.cloth
[13:14:16] [Client thread/WARN]: Unable to play unknown soundEvent: minecraft:dig.cloth
[13:14:16] [Client thread/WARN]: Unable to play unknown soundEvent: minecraft:step.cloth
[13:14:17] [Client thread/WARN]: Unable to play unknown soundEvent: minecraft:dig.cloth
[13:14:17] [Client thread/WARN]: Unable to play unknown soundEvent: minecraft:dig.cloth
[13:14:17] [Client thread/WARN]: Unable to play unknown soundEvent: minecraft:dig.cloth
[13:14:17] [Client thread/WARN]: Unable to play unknown soundEvent: minecraft:dig.cloth
[13:14:17] [Client thread/WARN]: Unable to play unknown soundEvent: minecraft:dig.cloth
[13:14:17] [Client thread/WARN]: Unable to play unknown soundEvent: minecraft:dig.cloth
[13:14:17] [Client thread/WARN]: Unable to play unknown soundEvent: minecraft:step.cloth
[13:14:17] [Client thread/WARN]: Unable to play unknown soundEvent: minecraft:dig.cloth
[13:14:17] [Client thread/WARN]: Unable to play unknown soundEvent: minecraft:dig.cloth
[13:14:17] [Client thread/WARN]: Unable to play unknown soundEvent: minecraft:dig.cloth
[13:14:18] [Client thread/WARN]: Unable to play unknown soundEvent: minecraft:dig.cloth
[13:14:18] [Client thread/WARN]: Unable to play unknown soundEvent: minecraft:dig.cloth
[13:14:18] [Client thread/WARN]: Unable to play unknown soundEvent: minecraft:step.cloth
[13:14:18] [Client thread/WARN]: Unable to play unknown soundEvent: minecraft:dig.cloth
[13:14:18] [Client thread/WARN]: Unable to play unknown soundEvent: minecraft:dig.cloth
[13:14:18] [Client thread/WARN]: Unable to play unknown soundEvent: minecraft:dig.cloth
[13:14:18] [Client thread/WARN]: Unable to play unknown soundEvent: minecraft:dig.cloth
[13:14:18] [Client thread/WARN]: Unable to play unknown soundEvent: minecraft:dig.cloth
[13:14:18] [Client thread/WARN]: Unable to play unknown soundEvent: minecraft:step.cloth
[13:14:18] [Client thread/WARN]: Unable to play unknown soundEvent: minecraft:dig.cloth
[13:14:18] [Client thread/WARN]: Unable to play unknown soundEvent: minecraft:dig.cloth
[13:14:19] [Client thread/WARN]: Unable to play unknown soundEvent: minecraft:dig.cloth
[13:14:19] [Client thread/WARN]: Unable to play unknown soundEvent: minecraft:dig.cloth
[13:14:19] [Client thread/WARN]: Unable to play unknown soundEvent: minecraft:dig.cloth
[13:14:19] [Client thread/WARN]: Unable to play unknown soundEvent: minecraft:step.cloth
[13:14:19] [Client thread/WARN]: Unable to play unknown soundEvent: minecraft:dig.cloth
[13:14:19] [Client thread/WARN]: Unable to play unknown soundEvent: minecraft:dig.cloth
[13:14:19] [Client thread/WARN]: Unable to play unknown soundEvent: minecraft:dig.cloth
[13:14:19] [Client thread/WARN]: Unable to play unknown soundEvent: minecraft:dig.cloth
[13:14:19] [Client thread/WARN]: Unable to play unknown soundEvent: minecraft:dig.cloth
[13:14:19] [Client thread/WARN]: Unable to play unknown soundEvent: minecraft:dig.cloth
[13:14:19] [Client thread/WARN]: Unable to play unknown soundEvent: minecraft:step.cloth
[13:14:20] [Client thread/WARN]: Unable to play unknown soundEvent: minecraft:dig.cloth
[13:14:20] [Client thread/WARN]: Unable to play unknown soundEvent: minecraft:dig.cloth
[13:14:20] [Client thread/WARN]: Unable to play unknown soundEvent: minecraft:dig.cloth
[13:14:20] [Client thread/WARN]: Unable to play unknown soundEvent: minecraft:dig.cloth
[13:14:20] [Client thread/WARN]: Unable to play unknown soundEvent: minecraft:dig.cloth
[13:14:20] [Client thread/WARN]: Unable to play unknown soundEvent: minecraft:step.cloth
[13:14:20] [Client thread/WARN]: Unable to play unknown soundEvent: minecraft:dig.cloth
[13:14:20] [Client thread/WARN]: Unable to play unknown soundEvent: minecraft:dig.cloth
[13:14:20] [Client thread/WARN]: Unable to play unknown soundEvent: minecraft:dig.cloth
[13:14:20] [Client thread/WARN]: Unable to play unknown soundEvent: minecraft:dig.cloth
[13:14:21] [Client thread/WARN]: Unable to play unknown soundEvent: minecraft:dig.cloth
[13:14:21] [Client thread/WARN]: Unable to play unknown soundEvent: minecraft:mob.bat.takeoff
[13:14:21] [Client thread/WARN]: Unable to play unknown soundEvent: minecraft:dig.cloth
[13:14:21] [Client thread/WARN]: Unable to play unknown soundEvent: minecraft:dig.cloth
[13:14:21] [Client thread/WARN]: Unable to play unknown soundEvent: minecraft:dig.cloth
[13:14:21] [Client thread/WARN]: Unable to play unknown soundEvent: minecraft:dig.cloth
[13:14:21] [Client thread/WARN]: Unable to play unknown soundEvent: minecraft:dig.cloth
[13:14:21] [Client thread/WARN]: Unable to play unknown soundEvent: minecraft:dig.cloth
[13:14:21] [Client thread/WARN]: Unable to play unknown soundEvent: minecraft:dig.cloth
[13:14:21] [Client thread/WARN]: Unable to play unknown soundEvent: minecraft:step.cloth
[13:14:21] [Client thread/WARN]: Unable to play unknown soundEvent: minecraft:dig.cloth
[13:14:22] [Client thread/WARN]: Unable to play unknown soundEvent: minecraft:dig.cloth
[13:14:22] [Client thread/WARN]: Unable to play unknown soundEvent: minecraft:dig.cloth
[13:14:22] [Client thread/WARN]: Unable to play unknown soundEvent: minecraft:dig.cloth
[13:14:22] [Client thread/WARN]: Unable to play unknown soundEvent: minecraft:dig.cloth
[13:14:22] [Client thread/WARN]: Unable to play unknown soundEvent: minecraft:dig.cloth
[13:14:22] [Client thread/WARN]: Unable to play unknown soundEvent: minecraft:step.cloth
[13:14:22] [Client thread/WARN]: Unable to play unknown soundEvent: minecraft:dig.cloth
[13:14:22] [Client thread/WARN]: Unable to play unknown soundEvent: minecraft:dig.cloth
[13:14:22] [Client thread/WARN]: Unable to play unknown soundEvent: minecraft:dig.cloth
[13:14:22] [Client thread/WARN]: Unable to play unknown soundEvent: minecraft:step.cloth
[13:14:23] [Client thread/WARN]: Unable to play unknown soundEvent: minecraft:dig.cloth
[13:14:23] [Client thread/WARN]: Unable to play unknown soundEvent: minecraft:dig.cloth
[13:14:23] [Client thread/WARN]: Unable to play unknown soundEvent: minecraft:dig.cloth
[13:14:23] [Client thread/WARN]: Unable to play unknown soundEvent: minecraft:dig.cloth
[13:14:23] [Client thread/WARN]: Unable to play unknown soundEvent: minecraft:dig.cloth
[13:14:23] [Client thread/WARN]: Unable to play unknown soundEvent: minecraft:dig.cloth
[13:14:23] [Client thread/WARN]: Unable to play unknown soundEvent: minecraft:step.cloth
[13:14:23] [Client thread/WARN]: Unable to play unknown soundEvent: minecraft:dig.cloth
[13:14:23] [Client thread/WARN]: Unable to play unknown soundEvent: minecraft:dig.cloth
[13:14:23] [Client thread/WARN]: Unable to play unknown soundEvent: minecraft:dig.cloth
[13:14:24] [Client thread/WARN]: Unable to play unknown soundEvent: minecraft:dig.cloth
[13:14:24] [Client thread/WARN]: Unable to play unknown soundEvent: minecraft:dig.cloth
[13:14:24] [Client thread/WARN]: Unable to play unknown soundEvent: minecraft:step.cloth
[13:14:24] [Client thread/WARN]: Unable to play unknown soundEvent: minecraft:dig.cloth
[13:14:24] [Client thread/WARN]: Unable to play unknown soundEvent: minecraft:dig.cloth
[13:14:24] [Client thread/WARN]: Unable to play unknown soundEvent: minecraft:dig.cloth
[13:14:24] [Client thread/WARN]: Unable to play unknown soundEvent: minecraft:minecart.base
[13:14:24] [Client thread/WARN]: Unable to play unknown soundEvent: minecraft:dig.cloth
[13:14:24] [Client thread/WARN]: Unable to play unknown soundEvent: minecraft:dig.cloth
[13:14:24] [Client thread/WARN]: Unable to play unknown soundEvent: minecraft:step.cloth
[13:14:24] [Client thread/WARN]: Unable to play unknown soundEvent: minecraft:dig.cloth
[13:14:24] [Client thread/WARN]: Unable to play unknown soundEvent: minecraft:dig.cloth
[13:14:25] [Client thread/WARN]: Unable to play unknown soundEvent: minecraft:dig.cloth
[13:14:25] [Client thread/WARN]: Unable to play unknown soundEvent: minecraft:dig.cloth
[13:14:25] [Client thread/WARN]: Unable to play unknown soundEvent: minecraft:dig.cloth
[13:14:25] [Client thread/WARN]: Unable to play unknown soundEvent: minecraft:step.cloth
[13:14:25] [Client thread/WARN]: Unable to play unknown soundEvent: minecraft:dig.cloth
[13:14:25] [Client thread/WARN]: Unable to play unknown soundEvent: minecraft:dig.cloth
[13:14:25] [Client thread/WARN]: Unable to play unknown soundEvent: minecraft:dig.cloth
[13:14:25] [Client thread/WARN]: Unable to play unknown soundEvent: minecraft:dig.cloth
[13:14:25] [Client thread/WARN]: Unable to play unknown soundEvent: minecraft:step.cloth
[13:14:26] [Client thread/WARN]: Unable to play unknown soundEvent: minecraft:dig.cloth
[13:14:26] [Client thread/WARN]: Unable to play unknown soundEvent: minecraft:dig.cloth
[13:14:26] [Client thread/WARN]: Unable to play unknown soundEvent: minecraft:dig.cloth
[13:14:26] [Client thread/WARN]: Unable to play unknown soundEvent: minecraft:dig.cloth
[13:14:26] [Client thread/WARN]: Unable to play unknown soundEvent: minecraft:step.cloth
[13:14:26] [Client thread/WARN]: Unable to play unknown soundEvent: minecraft:dig.cloth
[13:14:26] [Client thread/WARN]: Unable to play unknown soundEvent: minecraft:dig.cloth
[13:14:26] [Client thread/WARN]: Unable to play unknown soundEvent: minecraft:dig.cloth
[13:14:27] [Client thread/WARN]: Unable to play unknown soundEvent: minecraft:dig.cloth
[13:14:27] [Client thread/WARN]: Unable to play unknown soundEvent: minecraft:dig.cloth
[13:14:27] [Client thread/WARN]: Unable to play unknown soundEvent: minecraft:step.cloth
[13:14:27] [Client thread/WARN]: Unable to play unknown soundEvent: minecraft:dig.cloth
[13:14:27] [Client thread/WARN]: Unable to play unknown soundEvent: minecraft:dig.cloth
[13:14:27] [Client thread/WARN]: Unable to play unknown soundEvent: minecraft:dig.cloth
[13:14:27] [Client thread/WARN]: Unable to play unknown soundEvent: minecraft:dig.cloth
[13:14:27] [Client thread/WARN]: Unable to play unknown soundEvent: minecraft:step.cloth
[13:14:27] [Client thread/WARN]: Unable to play unknown soundEvent: minecraft:dig.cloth
[13:14:28] [Client thread/WARN]: Unable to play unknown soundEvent: minecraft:dig.cloth
[13:14:28] [Client thread/WARN]: Unable to play unknown soundEvent: minecraft:dig.cloth
[13:14:28] [Client thread/WARN]: Unable to play unknown soundEvent: minecraft:mob.spider.step
[13:14:28] [Client thread/WARN]: Unable to play unknown soundEvent: minecraft:dig.cloth
[13:14:28] [Client thread/WARN]: Unable to play unknown soundEvent: minecraft:step.cloth
[13:14:28] [Client thread/WARN]: Unable to play unknown soundEvent: minecraft:dig.cloth
[13:14:28] [Client thread/WARN]: Unable to play unknown soundEvent: minecraft:step.cloth
[13:14:28] [Client thread/WARN]: Unable to play unknown soundEvent: minecraft:dig.cloth
[13:14:28] [Client thread/WARN]: Unable to play unknown soundEvent: minecraft:mob.spider.say
[13:14:28] [Client thread/WARN]: Unable to play unknown soundEvent: minecraft:step.cloth
[13:14:28] [Client thread/WARN]: Unable to play unknown soundEvent: minecraft:dig.cloth
[13:14:28] [Client thread/WARN]: Unable to play unknown soundEvent: minecraft:dig.cloth
[13:14:28] [Client thread/WARN]: Unable to play unknown soundEvent: minecraft:step.cloth
[13:14:29] [Client thread/WARN]: Unable to play unknown soundEvent: minecraft:dig.cloth
[13:14:29] [Client thread/WARN]: Unable to play unknown soundEvent: minecraft:dig.cloth
[13:14:29] [Client thread/WARN]: Unable to play unknown soundEvent: minecraft:step.cloth
[13:14:29] [Client thread/WARN]: Unable to play unknown soundEvent: minecraft:dig.cloth
[13:14:29] [Client thread/WARN]: Unable to play unknown soundEvent: minecraft:step.cloth
[13:14:29] [Client thread/WARN]: Unable to play unknown soundEvent: minecraft:dig.cloth
[13:14:29] [Client thread/WARN]: Unable to play unknown soundEvent: minecraft:dig.cloth
[13:14:29] [Client thread/WARN]: Unable to play unknown soundEvent: minecraft:step.cloth
[13:14:29] [Client thread/WARN]: Unable to play unknown soundEvent: minecraft:dig.cloth
[13:14:30] [Client thread/WARN]: Unable to play unknown soundEvent: minecraft:dig.cloth
[13:14:30] [Client thread/WARN]: Unable to play unknown soundEvent: minecraft:step.cloth
[13:14:30] [Client thread/WARN]: Unable to play unknown soundEvent: minecraft:dig.cloth
[13:14:30] [Client thread/WARN]: Unable to play unknown soundEvent: minecraft:dig.cloth
[13:14:30] [Client thread/WARN]: Unable to play unknown soundEvent: minecraft:dig.cloth
[13:14:30] [Client thread/WARN]: Unable to play unknown soundEvent: minecraft:step.cloth
[13:14:30] [Client thread/WARN]: Unable to play unknown soundEvent: minecraft:dig.cloth
[13:14:30] [Client thread/WARN]: Unable to play unknown soundEvent: minecraft:music.game.creative
[13:14:30] [Client thread/WARN]: Unable to play unknown soundEvent: minecraft:dig.cloth
[13:14:31] [Client thread/WARN]: Unable to play unknown soundEvent: minecraft:dig.cloth
[13:14:31] [Client thread/WARN]: Unable to play unknown soundEvent: minecraft:dig.cloth
[13:14:31] [Client thread/WARN]: Unable to play unknown soundEvent: minecraft:dig.cloth
[13:14:31] [Client thread/WARN]: Unable to play unknown soundEvent: minecraft:step.cloth
[13:14:31] [Client thread/WARN]: Unable to play unknown soundEvent: minecraft:dig.cloth
[13:14:31] [Client thread/WARN]: Unable to play unknown soundEvent: minecraft:dig.cloth
[13:14:31] [Client thread/WARN]: Unable to play unknown soundEvent: minecraft:dig.cloth
[13:14:31] [Client thread/WARN]: Unable to play unknown soundEvent: minecraft:dig.cloth
[13:14:32] [Client thread/WARN]: Unable to play unknown soundEvent: minecraft:dig.cloth
[13:14:32] [Client thread/WARN]: Unable to play unknown soundEvent: minecraft:dig.cloth
[13:14:32] [Client thread/WARN]: Unable to play unknown soundEvent: minecraft:step.cloth
[13:14:32] [Client thread/WARN]: Unable to play unknown soundEvent: minecraft:step.cloth
[13:14:32] [Client thread/WARN]: Unable to play unknown soundEvent: minecraft:dig.cloth
[13:14:32] [Client thread/WARN]: Unable to play unknown soundEvent: minecraft:dig.cloth
[13:14:32] [Client thread/WARN]: Unable to play unknown soundEvent: minecraft:dig.cloth
[13:14:32] [Client thread/WARN]: Unable to play unknown soundEvent: minecraft:dig.cloth
[13:14:32] [Client thread/WARN]: Unable to play unknown soundEvent: minecraft:dig.cloth
[13:14:32] [Client thread/WARN]: Unable to play unknown soundEvent: minecraft:step.cloth
[13:14:32] [Client thread/WARN]: Unable to play unknown soundEvent: minecraft:dig.cloth
[13:14:32] [Client thread/WARN]: Unable to play unknown soundEvent: minecraft:dig.cloth
[13:14:33] [Client thread/WARN]: Unable to play unknown soundEvent: minecraft:dig.cloth
[13:14:33] [Client thread/WARN]: Unable to play unknown soundEvent: minecraft:dig.cloth
[13:14:33] [Client thread/WARN]: Unable to play unknown soundEvent: minecraft:dig.cloth
[13:14:33] [Client thread/WARN]: Unable to play unknown soundEvent: minecraft:dig.cloth
[13:14:33] [Client thread/WARN]: Unable to play unknown soundEvent: minecraft:dig.cloth
[13:14:33] [Client thread/WARN]: Unable to play unknown soundEvent: minecraft:step.cloth
[13:14:33] [Client thread/WARN]: Unable to play unknown soundEvent: minecraft:dig.cloth
[13:14:33] [Client thread/WARN]: Unable to play unknown soundEvent: minecraft:dig.cloth
[13:14:33] [Client thread/WARN]: Unable to play unknown soundEvent: minecraft:step.cloth
[13:14:34] [Client thread/WARN]: Unable to play unknown soundEvent: minecraft:dig.cloth
[13:14:34] [Client thread/WARN]: Unable to play unknown soundEvent: minecraft:dig.cloth
[13:14:34] [Client thread/WARN]: Unable to play unknown soundEvent: minecraft:dig.cloth
[13:14:34] [Client thread/WARN]: Unable to play unknown soundEvent: minecraft:step.cloth
[13:14:34] [Client thread/WARN]: Unable to play unknown soundEvent: minecraft:dig.cloth
[13:14:34] [Client thread/WARN]: Unable to play unknown soundEvent: minecraft:dig.cloth
[13:14:34] [Client thread/WARN]: Unable to play unknown soundEvent: minecraft:step.cloth
[13:14:34] [Client thread/WARN]: Unable to play unknown soundEvent: minecraft:dig.cloth
[13:14:34] [Client thread/WARN]: Unable to play unknown soundEvent: minecraft:dig.cloth
[13:14:34] [Client thread/WARN]: Unable to play unknown soundEvent: minecraft:step.cloth
[13:14:34] [Client thread/WARN]: Unable to play unknown soundEvent: minecraft:dig.cloth
[13:14:35] [Client thread/WARN]: Unable to play unknown soundEvent: minecraft:dig.cloth
[13:14:35] [Client thread/WARN]: Unable to play unknown soundEvent: minecraft:dig.cloth
[13:14:35] [Client thread/WARN]: Unable to play unknown soundEvent: minecraft:dig.cloth
[13:14:35] [Client thread/WARN]: Unable to play unknown soundEvent: minecraft:dig.cloth
[13:14:35] [Client thread/WARN]: Unable to play unknown soundEvent: minecraft:dig.cloth
[13:14:35] [Client thread/WARN]: Unable to play unknown soundEvent: minecraft:dig.cloth
[13:14:35] [Client thread/WARN]: Unable to play unknown soundEvent: minecraft:dig.cloth
[13:14:35] [Client thread/WARN]: Unable to play unknown soundEvent: minecraft:step.cloth
[13:14:35] [Client thread/WARN]: Unable to play unknown soundEvent: minecraft:dig.cloth
[13:14:35] [Client thread/WARN]: Unable to play unknown soundEvent: minecraft:dig.cloth
[13:14:35] [Client thread/WARN]: Unable to play unknown soundEvent: minecraft:step.cloth
[13:14:36] [Client thread/WARN]: Unable to play unknown soundEvent: minecraft:dig.cloth
[13:14:36] [Client thread/WARN]: Unable to play unknown soundEvent: minecraft:dig.cloth
[13:14:36] [Client thread/WARN]: Unable to play unknown soundEvent: minecraft:dig.cloth
[13:14:36] [Client thread/WARN]: Unable to play unknown soundEvent: minecraft:dig.cloth
[13:14:36] [Client thread/WARN]: Unable to play unknown soundEvent: minecraft:dig.cloth
[13:14:36] [Client thread/WARN]: Unable to play unknown soundEvent: minecraft:step.cloth
[13:14:36] [Client thread/WARN]: Unable to play unknown soundEvent: minecraft:dig.cloth
[13:14:36] [Client thread/WARN]: Unable to play unknown soundEvent: minecraft:dig.cloth
[13:14:36] [Client thread/WARN]: Unable to play unknown soundEvent: minecraft:step.cloth
[13:14:36] [Client thread/WARN]: Unable to play unknown soundEvent: minecraft:dig.cloth
[13:14:37] [Client thread/WARN]: Unable to play unknown soundEvent: minecraft:dig.cloth
[13:14:37] [Client thread/WARN]: Unable to play unknown soundEvent: minecraft:dig.cloth
[13:14:37] [Client thread/WARN]: Unable to play unknown soundEvent: minecraft:dig.cloth
[13:14:37] [Client thread/WARN]: Unable to play unknown soundEvent: minecraft:dig.cloth
[13:14:37] [Client thread/WARN]: Unable to play unknown soundEvent: minecraft:dig.cloth
[13:14:37] [Client thread/WARN]: Unable to play unknown soundEvent: minecraft:step.cloth
[13:14:37] [Client thread/WARN]: Unable to play unknown soundEvent: minecraft:dig.cloth
[13:14:37] [Client thread/WARN]: Unable to play unknown soundEvent: minecraft:step.cloth
[13:14:37] [Client thread/WARN]: Unable to play unknown soundEvent: minecraft:dig.cloth
[13:14:37] [Client thread/WARN]: Unable to play unknown soundEvent: minecraft:dig.cloth
[13:14:37] [Client thread/WARN]: Unable to play unknown soundEvent: minecraft:step.cloth
[13:14:37] [Client thread/WARN]: Unable to play unknown soundEvent: minecraft:dig.cloth
[13:14:38] [Client thread/WARN]: Unable to play unknown soundEvent: minecraft:dig.cloth
[13:14:38] [Client thread/WARN]: Unable to play unknown soundEvent: minecraft:dig.cloth
[13:14:38] [Client thread/WARN]: Unable to play unknown soundEvent: minecraft:dig.cloth
[13:14:38] [Client thread/WARN]: Unable to play unknown soundEvent: minecraft:dig.cloth
[13:14:38] [Client thread/WARN]: Unable to play unknown soundEvent: minecraft:dig.cloth
[13:14:38] [Client thread/WARN]: Unable to play unknown soundEvent: minecraft:step.cloth
[13:14:38] [Client thread/WARN]: Unable to play unknown soundEvent: minecraft:dig.cloth
[13:14:38] [Client thread/WARN]: Unable to play unknown soundEvent: minecraft:step.cloth
[13:14:38] [Client thread/WARN]: Unable to play unknown soundEvent: minecraft:dig.cloth
[13:14:38] [Client thread/WARN]: Unable to play unknown soundEvent: minecraft:dig.cloth
[13:14:38] [Client thread/WARN]: Unable to play unknown soundEvent: minecraft:dig.cloth
[13:14:38] [Client thread/WARN]: Unable to play unknown soundEvent: minecraft:step.cloth
[13:14:39] [Client thread/WARN]: Unable to play unknown soundEvent: minecraft:dig.cloth
[13:14:39] [Client thread/WARN]: Unable to play unknown soundEvent: minecraft:dig.cloth
[13:14:39] [Client thread/WARN]: Unable to play unknown soundEvent: minecraft:dig.cloth
[13:14:39] [Client thread/WARN]: Unable to play unknown soundEvent: minecraft:dig.cloth
[13:14:39] [Client thread/WARN]: Unable to play unknown soundEvent: minecraft:dig.cloth
[13:14:39] [Client thread/WARN]: Unable to play unknown soundEvent: minecraft:step.cloth
[13:14:39] [Client thread/WARN]: Unable to play unknown soundEvent: minecraft:dig.cloth
[13:14:39] [Client thread/WARN]: Unable to play unknown soundEvent: minecraft:dig.cloth
[13:14:39] [Client thread/WARN]: Unable to play unknown soundEvent: minecraft:dig.cloth
[13:14:39] [Client thread/WARN]: Unable to play unknown soundEvent: minecraft:dig.cloth
[13:14:40] [Client thread/WARN]: Unable to play unknown soundEvent: minecraft:mob.bat.takeoff
[13:14:40] [Client thread/WARN]: Unable to play unknown soundEvent: minecraft:dig.cloth
[13:14:40] [Client thread/WARN]: Unable to play unknown soundEvent: minecraft:dig.cloth
[13:14:40] [Client thread/WARN]: Unable to play unknown soundEvent: minecraft:step.cloth
[13:14:40] [Client thread/WARN]: Unable to play unknown soundEvent: minecraft:step.cloth
[13:14:40] [Client thread/WARN]: Unable to play unknown soundEvent: minecraft:dig.cloth
[13:14:40] [Client thread/WARN]: Unable to play unknown soundEvent: minecraft:dig.cloth
[13:14:40] [Client thread/WARN]: Unable to play unknown soundEvent: minecraft:dig.cloth
[13:14:40] [Client thread/WARN]: Unable to play unknown soundEvent: minecraft:dig.cloth
[13:14:40] [Client thread/WARN]: Unable to play unknown soundEvent: minecraft:dig.cloth
[13:14:40] [Client thread/WARN]: Unable to play unknown soundEvent: minecraft:dig.cloth
[13:14:40] [Client thread/WARN]: Unable to play unknown soundEvent: minecraft:step.cloth
[13:14:40] [Client thread/WARN]: Unable to play unknown soundEvent: minecraft:dig.cloth
[13:14:41] [Client thread/WARN]: Unable to play unknown soundEvent: minecraft:dig.cloth
[13:14:41] [Client thread/WARN]: Unable to play unknown soundEvent: minecraft:dig.cloth
[13:14:41] [Client thread/WARN]: Unable to play unknown soundEvent: minecraft:dig.cloth
[13:14:41] [Client thread/WARN]: Unable to play unknown soundEvent: minecraft:dig.cloth
[13:14:41] [Client thread/WARN]: Unable to play unknown soundEvent: minecraft:dig.cloth
[13:14:41] [Client thread/WARN]: Unable to play unknown soundEvent: minecraft:step.cloth
[13:14:41] [Client thread/WARN]: Unable to play unknown soundEvent: minecraft:dig.cloth
[13:14:42] [Client thread/WARN]: Unable to play unknown soundEvent: minecraft:step.cloth
[13:14:42] [Client thread/WARN]: Unable to play unknown soundEvent: minecraft:dig.cloth
[13:14:42] [Client thread/WARN]: Unable to play unknown soundEvent: minecraft:dig.cloth
[13:14:42] [Client thread/WARN]: Unable to play unknown soundEvent: minecraft:dig.cloth
[13:14:42] [Client thread/WARN]: Unable to play unknown soundEvent: minecraft:step.cloth
[13:14:42] [Client thread/WARN]: Unable to play unknown soundEvent: minecraft:dig.cloth
[13:14:43] [Client thread/WARN]: Unable to play unknown soundEvent: minecraft:dig.cloth
[13:14:43] [Client thread/WARN]: Unable to play unknown soundEvent: minecraft:dig.cloth
[13:14:43] [Client thread/WARN]: Unable to play unknown soundEvent: minecraft:step.cloth
[13:14:43] [Client thread/WARN]: Unable to play unknown soundEvent: minecraft:dig.cloth
[13:14:43] [Client thread/WARN]: Unable to play unknown soundEvent: minecraft:dig.cloth
[13:14:43] [Client thread/WARN]: Unable to play unknown soundEvent: minecraft:step.cloth
[13:14:43] [Client thread/WARN]: Unable to play unknown soundEvent: minecraft:dig.cloth
[13:14:44] [Client thread/WARN]: Unable to play unknown soundEvent: minecraft:dig.cloth
[13:14:44] [Client thread/WARN]: Unable to play unknown soundEvent: minecraft:dig.cloth
[13:14:45] [Client thread/WARN]: Unable to play unknown soundEvent: minecraft:dig.cloth
[13:14:45] [Client thread/WARN]: Unable to play unknown soundEvent: minecraft:dig.cloth
[13:14:46] [Client thread/WARN]: Unable to play unknown soundEvent: minecraft:dig.cloth
[13:14:47] [Client thread/WARN]: Unable to play unknown soundEvent: minecraft:dig.cloth
[13:14:47] [Client thread/WARN]: Unable to play unknown soundEvent: minecraft:dig.cloth
[13:14:48] [Client thread/WARN]: Unable to play unknown soundEvent: minecraft:dig.cloth
[13:14:48] [Client thread/WARN]: Unable to play unknown soundEvent: minecraft:dig.cloth
[13:14:48] [Client thread/WARN]: Unable to play unknown soundEvent: minecraft:dig.cloth
[13:14:48] [Client thread/WARN]: Unable to play unknown soundEvent: minecraft:dig.cloth
[13:14:48] [Client thread/WARN]: Unable to play unknown soundEvent: minecraft:step.cloth
[13:14:49] [Client thread/WARN]: Unable to play unknown soundEvent: minecraft:dig.cloth
[13:14:49] [Client thread/WARN]: Unable to play unknown soundEvent: minecraft:dig.cloth
[13:14:49] [Client thread/WARN]: Unable to play unknown soundEvent: minecraft:dig.cloth
[13:14:49] [Client thread/WARN]: Unable to play unknown soundEvent: minecraft:dig.cloth
[13:14:49] [Client thread/WARN]: Unable to play unknown soundEvent: minecraft:step.cloth
[13:14:49] [Client thread/WARN]: Unable to play unknown soundEvent: minecraft:dig.cloth
[13:14:49] [Client thread/WARN]: Unable to play unknown soundEvent: minecraft:dig.cloth
[13:14:49] [Client thread/WARN]: Unable to play unknown soundEvent: minecraft:dig.cloth
[13:14:49] [Client thread/WARN]: Unable to play unknown soundEvent: minecraft:dig.cloth
[13:14:50] [Client thread/WARN]: Unable to play unknown soundEvent: minecraft:step.cloth
[13:14:50] [Client thread/WARN]: Unable to play unknown soundEvent: minecraft:dig.cloth
[13:14:50] [Client thread/WARN]: Unable to play unknown soundEvent: minecraft:dig.cloth
[13:14:50] [Client thread/WARN]: Unable to play unknown soundEvent: minecraft:dig.cloth
[13:14:50] [Client thread/WARN]: Unable to play unknown soundEvent: minecraft:dig.cloth
[13:14:50] [Client thread/WARN]: Unable to play unknown soundEvent: minecraft:dig.cloth
[13:14:50] [Client thread/WARN]: Unable to play unknown soundEvent: minecraft:step.cloth
[13:14:50] [Client thread/WARN]: Unable to play unknown soundEvent: minecraft:dig.cloth
[13:14:50] [Client thread/WARN]: Unable to play unknown soundEvent: minecraft:dig.cloth
[13:14:51] [Client thread/WARN]: Unable to play unknown soundEvent: minecraft:dig.cloth
[13:14:51] [Client thread/WARN]: Unable to play unknown soundEvent: minecraft:dig.cloth
[13:14:51] [Client thread/WARN]: Unable to play unknown soundEvent: minecraft:step.cloth
[13:14:51] [Client thread/WARN]: Unable to play unknown soundEvent: minecraft:dig.cloth
[13:14:51] [Client thread/WARN]: Unable to play unknown soundEvent: minecraft:dig.cloth
[13:14:51] [Client thread/WARN]: Unable to play unknown soundEvent: minecraft:dig.cloth
[13:14:51] [Client thread/WARN]: Unable to play unknown soundEvent: minecraft:dig.cloth
[13:14:51] [Client thread/WARN]: Unable to play unknown soundEvent: minecraft:step.cloth
[13:14:51] [Client thread/WARN]: Unable to play unknown soundEvent: minecraft:dig.cloth
[13:14:52] [Client thread/WARN]: Unable to play unknown soundEvent: minecraft:dig.cloth
[13:14:52] [Client thread/WARN]: Unable to play unknown soundEvent: minecraft:dig.cloth
[13:14:52] [Client thread/WARN]: Unable to play unknown soundEvent: minecraft:dig.cloth
[13:14:52] [Client thread/WARN]: Unable to play unknown soundEvent: minecraft:step.cloth
[13:14:52] [Client thread/WARN]: Unable to play unknown soundEvent: minecraft:dig.cloth
[13:14:52] [Client thread/WARN]: Unable to play unknown soundEvent: minecraft:dig.cloth
[13:14:52] [Client thread/WARN]: Unable to play unknown soundEvent: minecraft:dig.cloth
[13:14:52] [Client thread/WARN]: Unable to play unknown soundEvent: minecraft:step.cloth
[13:14:53] [Client thread/WARN]: Unable to play unknown soundEvent: minecraft:dig.cloth
[13:14:57] [Client thread/WARN]: Unable to play unknown soundEvent: minecraft:dig.cloth
[13:14:57] [Client thread/WARN]: Unable to play unknown soundEvent: minecraft:dig.cloth
[13:14:57] [Client thread/WARN]: Unable to play unknown soundEvent: minecraft:dig.cloth
[13:14:58] [Client thread/WARN]: Unable to play unknown soundEvent: minecraft:dig.cloth
[13:14:58] [Client thread/WARN]: Unable to play unknown soundEvent: minecraft:dig.cloth
[13:14:58] [Client thread/WARN]: Unable to play unknown soundEvent: minecraft:dig.cloth
[13:14:58] [Client thread/WARN]: Unable to play unknown soundEvent: minecraft:dig.cloth
[13:14:59] [Client thread/WARN]: Unable to play unknown soundEvent: minecraft:dig.cloth
[13:14:59] [Client thread/WARN]: Unable to play unknown soundEvent: minecraft:dig.cloth
[13:14:59] [Client thread/WARN]: Unable to play unknown soundEvent: minecraft:dig.cloth
[13:14:59] [Client thread/WARN]: Unable to play unknown soundEvent: minecraft:dig.cloth
[13:14:59] [Client thread/WARN]: Unable to play unknown soundEvent: minecraft:dig.cloth
[13:14:59] [Client thread/WARN]: Unable to play unknown soundEvent: minecraft:dig.cloth
[13:14:59] [Client thread/WARN]: Unable to play unknown soundEvent: minecraft:dig.cloth
[13:15:00] [Client thread/WARN]: Unable to play unknown soundEvent: minecraft:step.cloth
[13:15:02] [Client thread/WARN]: Unable to play unknown soundEvent: minecraft:dig.cloth
[13:15:02] [Client thread/WARN]: Unable to play unknown soundEvent: minecraft:dig.cloth
[13:15:02] [Client thread/WARN]: Unable to play unknown soundEvent: minecraft:dig.cloth
[13:15:02] [Client thread/WARN]: Unable to play unknown soundEvent: minecraft:dig.cloth
[13:15:02] [Client thread/WARN]: Unable to play unknown soundEvent: minecraft:dig.cloth
[13:15:02] [Client thread/WARN]: Unable to play unknown soundEvent: minecraft:dig.cloth
[13:15:02] [Client thread/WARN]: Unable to play unknown soundEvent: minecraft:dig.cloth
[13:15:02] [Client thread/WARN]: Unable to play unknown soundEvent: minecraft:dig.cloth
[13:15:02] [Client thread/WARN]: Unable to play unknown soundEvent: minecraft:dig.cloth
[13:15:03] [Client thread/WARN]: Unable to play unknown soundEvent: minecraft:dig.cloth
[13:15:03] [Client thread/WARN]: Unable to play unknown soundEvent: minecraft:dig.cloth
[13:15:03] [Client thread/WARN]: Unable to play unknown soundEvent: minecraft:step.cloth
[13:15:03] [Client thread/WARN]: Unable to play unknown soundEvent: minecraft:dig.cloth
[13:15:04] [Client thread/WARN]: Unable to play unknown soundEvent: minecraft:dig.cloth
[13:15:04] [Client thread/WARN]: Unable to play unknown soundEvent: minecraft:dig.cloth
[13:15:04] [Client thread/WARN]: Unable to play unknown soundEvent: minecraft:dig.cloth
[13:15:04] [Client thread/WARN]: Unable to play unknown soundEvent: minecraft:dig.cloth
[13:15:04] [Client thread/WARN]: Unable to play unknown soundEvent: minecraft:dig.cloth
[13:15:04] [Client thread/WARN]: Unable to play unknown soundEvent: minecraft:dig.cloth
[13:15:04] [Client thread/WARN]: Unable to play unknown soundEvent: minecraft:dig.cloth
[13:15:05] [Client thread/WARN]: Unable to play unknown soundEvent: minecraft:dig.cloth
[13:15:05] [Client thread/WARN]: Unable to play unknown soundEvent: minecraft:dig.cloth
[13:15:05] [Client thread/WARN]: Unable to play unknown soundEvent: minecraft:step.cloth
[13:15:05] [Client thread/WARN]: Unable to play unknown soundEvent: minecraft:dig.cloth
[13:15:06] [Client thread/WARN]: Unable to play unknown soundEvent: minecraft:dig.cloth
[13:15:06] [Client thread/WARN]: Unable to play unknown soundEvent: minecraft:dig.cloth
[13:15:06] [Client thread/WARN]: Unable to play unknown soundEvent: minecraft:dig.cloth
[13:15:06] [Client thread/WARN]: Unable to play unknown soundEvent: minecraft:dig.cloth
[13:15:06] [Client thread/WARN]: Unable to play unknown soundEvent: minecraft:dig.cloth
[13:15:06] [Client thread/WARN]: Unable to play unknown soundEvent: minecraft:dig.cloth
[13:15:06] [Client thread/WARN]: Unable to play unknown soundEvent: minecraft:dig.cloth
[13:15:06] [Client thread/WARN]: Unable to play unknown soundEvent: minecraft:dig.cloth
[13:15:06] [Client thread/WARN]: Unable to play unknown soundEvent: minecraft:dig.cloth
[13:15:07] [Client thread/WARN]: Unable to play unknown soundEvent: minecraft:dig.cloth
[13:15:07] [Client thread/WARN]: Unable to play unknown soundEvent: minecraft:dig.cloth
[13:15:07] [Client thread/WARN]: Unable to play unknown soundEvent: minecraft:dig.cloth
[13:15:07] [Client thread/WARN]: Unable to play unknown soundEvent: minecraft:dig.cloth
[13:15:07] [Client thread/WARN]: Unable to play unknown soundEvent: minecraft:dig.cloth
[13:15:07] [Client thread/WARN]: Unable to play unknown soundEvent: minecraft:dig.cloth
[13:15:07] [Client thread/WARN]: Unable to play unknown soundEvent: minecraft:dig.cloth
[13:15:07] [Client thread/WARN]: Unable to play unknown soundEvent: minecraft:dig.cloth
[13:15:07] [Client thread/WARN]: Unable to play unknown soundEvent: minecraft:dig.cloth
[13:15:07] [Client thread/WARN]: Unable to play unknown soundEvent: minecraft:dig.cloth
[13:15:07] [Client thread/WARN]: Unable to play unknown soundEvent: minecraft:dig.cloth
[13:15:07] [Client thread/WARN]: Unable to play unknown soundEvent: minecraft:dig.cloth
[13:15:07] [Client thread/WARN]: Unable to play unknown soundEvent: minecraft:dig.cloth
[13:15:08] [Client thread/WARN]: Unable to play unknown soundEvent: minecraft:step.cloth
[13:15:09] [Client thread/WARN]: Unable to play unknown soundEvent: minecraft:dig.cloth
[13:15:09] [Client thread/WARN]: Unable to play unknown soundEvent: minecraft:dig.cloth
[13:15:09] [Client thread/WARN]: Unable to play unknown soundEvent: minecraft:step.cloth
[13:15:09] [Client thread/WARN]: Unable to play unknown soundEvent: minecraft:dig.cloth
[13:15:09] [Client thread/WARN]: Unable to play unknown soundEvent: minecraft:step.cloth
[13:15:09] [Client thread/WARN]: Unable to play unknown soundEvent: minecraft:dig.cloth
[13:15:09] [Client thread/WARN]: Unable to play unknown soundEvent: minecraft:dig.cloth
[13:15:09] [Client thread/WARN]: Unable to play unknown soundEvent: minecraft:step.cloth
[13:15:10] [Client thread/WARN]: Unable to play unknown soundEvent: minecraft:dig.cloth
[13:15:10] [Client thread/WARN]: Unable to play unknown soundEvent: minecraft:dig.cloth
[13:15:10] [Client thread/WARN]: Unable to play unknown soundEvent: minecraft:dig.cloth
[13:15:10] [Client thread/WARN]: Unable to play unknown soundEvent: minecraft:step.cloth
[13:15:10] [Client thread/WARN]: Unable to play unknown soundEvent: minecraft:step.cloth
[13:15:10] [Client thread/WARN]: Unable to play unknown soundEvent: minecraft:dig.cloth
[13:15:11] [Client thread/ERROR]: Item entity 26080 has no item?!
[13:15:11] [Client thread/ERROR]: Item entity 26080 has no item?!
[13:15:11] [Client thread/ERROR]: Item entity 26080 has no item?!
[13:15:11] [Client thread/ERROR]: Item entity 26080 has no item?!
[13:15:11] [Client thread/ERROR]: Item entity 26080 has no item?!
[13:15:11] [Client thread/WARN]: Unable to play unknown soundEvent: minecraft:dig.cloth
[13:15:11] [Client thread/WARN]: Unable to play unknown soundEvent: minecraft:step.cloth
[13:15:11] [Client thread/WARN]: Unable to play unknown soundEvent: minecraft:dig.cloth
[13:15:11] [Client thread/WARN]: Unable to play unknown soundEvent: minecraft:dig.cloth
[13:15:12] [Client thread/WARN]: Unable to play unknown soundEvent: minecraft:step.cloth
[13:15:12] [Client thread/WARN]: Unable to play unknown soundEvent: minecraft:dig.cloth
[13:15:12] [Client thread/WARN]: Unable to play unknown soundEvent: minecraft:dig.cloth
[13:15:12] [Client thread/WARN]: Unable to play unknown soundEvent: minecraft:dig.cloth
[13:15:12] [Client thread/WARN]: Unable to play unknown soundEvent: minecraft:dig.cloth
[13:15:12] [Client thread/WARN]: Unable to play unknown soundEvent: minecraft:dig.cloth
[13:15:13] [Client thread/WARN]: Unable to play unknown soundEvent: minecraft:dig.cloth
[13:15:13] [Client thread/WARN]: Unable to play unknown soundEvent: minecraft:dig.cloth
[13:15:13] [Client thread/WARN]: Unable to play unknown soundEvent: minecraft:dig.cloth
[13:15:13] [Client thread/WARN]: Unable to play unknown soundEvent: minecraft:dig.cloth
[13:15:13] [Client thread/WARN]: Unable to play unknown soundEvent: minecraft:dig.cloth
[13:15:13] [Client thread/WARN]: Unable to play unknown soundEvent: minecraft:dig.cloth
[13:15:13] [Client thread/WARN]: Unable to play unknown soundEvent: minecraft:dig.cloth
[13:15:13] [Client thread/WARN]: Unable to play unknown soundEvent: minecraft:dig.cloth
[13:15:13] [Client thread/WARN]: Unable to play unknown soundEvent: minecraft:dig.cloth
[13:15:14] [Client thread/WARN]: Unable to play unknown soundEvent: minecraft:dig.cloth
[13:15:14] [Client thread/WARN]: Unable to play unknown soundEvent: minecraft:dig.cloth
[13:15:14] [Client thread/WARN]: Unable to play unknown soundEvent: minecraft:step.cloth
[13:15:14] [Client thread/WARN]: Unable to play unknown soundEvent: minecraft:dig.cloth
[13:15:14] [Client thread/WARN]: Unable to play unknown soundEvent: minecraft:dig.cloth
[13:15:14] [Client thread/WARN]: Unable to play unknown soundEvent: minecraft:step.cloth
[13:15:15] [Client thread/WARN]: Unable to play unknown soundEvent: minecraft:dig.cloth
[13:15:15] [Client thread/WARN]: Unable to play unknown soundEvent: minecraft:step.cloth
[13:15:15] [Client thread/WARN]: Unable to play unknown soundEvent: minecraft:dig.cloth
[13:15:15] [Client thread/WARN]: Unable to play unknown soundEvent: minecraft:dig.cloth
[13:15:15] [Client thread/WARN]: Unable to play unknown soundEvent: minecraft:dig.cloth
[13:15:15] [Client thread/WARN]: Unable to play unknown soundEvent: minecraft:dig.cloth
[13:15:16] [Client thread/WARN]: Unable to play unknown soundEvent: minecraft:dig.cloth
[13:15:16] [Client thread/WARN]: Unable to play unknown soundEvent: minecraft:dig.cloth
[13:15:16] [Client thread/WARN]: Unable to play unknown soundEvent: minecraft:dig.cloth
[13:15:16] [Client thread/WARN]: Unable to play unknown soundEvent: minecraft:dig.cloth
[13:15:16] [Client thread/WARN]: Unable to play unknown soundEvent: minecraft:dig.cloth
[13:15:16] [Client thread/WARN]: Unable to play unknown soundEvent: minecraft:dig.cloth
[13:15:16] [Client thread/WARN]: Unable to play unknown soundEvent: minecraft:dig.cloth
[13:15:16] [Client thread/WARN]: Unable to play unknown soundEvent: minecraft:dig.cloth
[13:15:16] [Client thread/WARN]: Unable to play unknown soundEvent: minecraft:dig.cloth
[13:15:16] [Client thread/WARN]: Unable to play unknown soundEvent: minecraft:dig.cloth
[13:15:16] [Client thread/WARN]: Unable to play unknown soundEvent: minecraft:dig.cloth
[13:15:16] [Client thread/WARN]: Unable to play unknown soundEvent: minecraft:dig.cloth
[13:15:16] [Client thread/WARN]: Unable to play unknown soundEvent: minecraft:dig.cloth
[13:15:17] [Client thread/WARN]: Unable to play unknown soundEvent: minecraft:dig.cloth
[13:15:17] [Client thread/WARN]: Unable to play unknown soundEvent: minecraft:dig.cloth
[13:15:17] [Client thread/WARN]: Unable to play unknown soundEvent: minecraft:dig.cloth
[13:15:17] [Client thread/WARN]: Unable to play unknown soundEvent: minecraft:dig.cloth
[13:15:17] [Client thread/WARN]: Unable to play unknown soundEvent: minecraft:dig.cloth
[13:15:17] [Client thread/WARN]: Unable to play unknown soundEvent: minecraft:dig.cloth
[13:15:17] [Client thread/WARN]: Unable to play unknown soundEvent: minecraft:dig.cloth
[13:15:17] [Client thread/WARN]: Unable to play unknown soundEvent: minecraft:dig.cloth
[13:15:17] [Client thread/WARN]: Unable to play unknown soundEvent: minecraft:dig.cloth
[13:15:17] [Client thread/WARN]: Unable to play unknown soundEvent: minecraft:dig.cloth
[13:15:17] [Client thread/WARN]: Unable to play unknown soundEvent: minecraft:dig.cloth
[13:15:17] [Client thread/WARN]: Unable to play unknown soundEvent: minecraft:dig.cloth
[13:15:17] [Client thread/WARN]: Unable to play unknown soundEvent: minecraft:dig.cloth
[13:15:17] [Client thread/WARN]: Unable to play unknown soundEvent: minecraft:dig.cloth
[13:15:18] [Client thread/WARN]: Unable to play unknown soundEvent: minecraft:dig.cloth
[13:15:18] [Client thread/WARN]: Unable to play unknown soundEvent: minecraft:step.cloth
[13:15:18] [Client thread/WARN]: Unable to play unknown soundEvent: minecraft:dig.cloth
[13:15:18] [Client thread/WARN]: Unable to play unknown soundEvent: minecraft:step.cloth
[13:15:19] [Client thread/WARN]: Unable to play unknown soundEvent: minecraft:dig.cloth
[13:15:19] [Client thread/WARN]: Unable to play unknown soundEvent: minecraft:dig.cloth
[13:15:19] [Client thread/WARN]: Unable to play unknown soundEvent: minecraft:step.cloth
[13:15:19] [Client thread/WARN]: Unable to play unknown soundEvent: minecraft:dig.cloth
[13:15:19] [Client thread/WARN]: Unable to play unknown soundEvent: minecraft:dig.cloth
[13:15:19] [Client thread/WARN]: Unable to play unknown soundEvent: minecraft:dig.cloth
[13:15:19] [Client thread/WARN]: Unable to play unknown soundEvent: minecraft:dig.cloth
[13:15:19] [Client thread/WARN]: Unable to play unknown soundEvent: minecraft:dig.cloth
[13:15:19] [Client thread/WARN]: Unable to play unknown soundEvent: minecraft:minecart.base
[13:15:19] [Client thread/WARN]: Unable to play unknown soundEvent: minecraft:minecart.base
[13:15:20] [Client thread/WARN]: Unable to play unknown soundEvent: minecraft:dig.cloth
[13:15:20] [Client thread/WARN]: Unable to play unknown soundEvent: minecraft:dig.cloth
[13:15:20] [Client thread/WARN]: Unable to play unknown soundEvent: minecraft:dig.cloth
[13:15:20] [Client thread/WARN]: Unable to play unknown soundEvent: minecraft:step.cloth
[13:15:21] [Client thread/WARN]: Unable to play unknown soundEvent: minecraft:dig.cloth
[13:15:21] [Client thread/WARN]: Unable to play unknown soundEvent: minecraft:step.cloth
[13:15:21] [Client thread/WARN]: Unable to play unknown soundEvent: minecraft:dig.cloth
[13:15:21] [Client thread/WARN]: Unable to play unknown soundEvent: minecraft:dig.cloth
[13:15:22] [Client thread/WARN]: Unable to play unknown soundEvent: minecraft:step.cloth
[13:15:22] [Client thread/WARN]: Unable to play unknown soundEvent: minecraft:dig.cloth
[13:15:22] [Client thread/WARN]: Unable to play unknown soundEvent: minecraft:dig.cloth
[13:15:22] [Client thread/WARN]: Unable to play unknown soundEvent: minecraft:step.cloth
[13:15:22] [Client thread/WARN]: Unable to play unknown soundEvent: minecraft:dig.cloth
[13:15:23] [Client thread/WARN]: Unable to play unknown soundEvent: minecraft:dig.cloth
[13:15:23] [Client thread/WARN]: Unable to play unknown soundEvent: minecraft:step.cloth
[13:15:23] [Client thread/WARN]: Unable to play unknown soundEvent: minecraft:dig.cloth
[13:15:23] [Client thread/WARN]: Unable to play unknown soundEvent: minecraft:step.cloth
[13:15:23] [Client thread/WARN]: Unable to play unknown soundEvent: minecraft:dig.cloth
[13:15:24] [Client thread/WARN]: Unable to play unknown soundEvent: minecraft:dig.cloth
[13:15:24] [Client thread/WARN]: Unable to play unknown soundEvent: minecraft:step.cloth
[13:15:24] [Client thread/WARN]: Unable to play unknown soundEvent: minecraft:dig.cloth
[13:15:25] [Client thread/WARN]: Unable to play unknown soundEvent: minecraft:dig.cloth
[13:15:25] [Client thread/WARN]: Unable to play unknown soundEvent: minecraft:step.cloth
[13:15:25] [Client thread/WARN]: Unable to play unknown soundEvent: minecraft:dig.cloth
[13:15:25] [Client thread/WARN]: Unable to play unknown soundEvent: minecraft:step.cloth
[13:15:25] [Client thread/WARN]: Unable to play unknown soundEvent: minecraft:dig.cloth
[13:15:25] [Client thread/WARN]: Unable to play unknown soundEvent: minecraft:dig.cloth
[13:15:25] [Client thread/WARN]: Unable to play unknown soundEvent: minecraft:dig.cloth
[13:15:26] [Client thread/WARN]: Unable to play unknown soundEvent: minecraft:step.cloth
[13:15:26] [Client thread/WARN]: Unable to play unknown soundEvent: minecraft:dig.cloth
[13:15:26] [Client thread/WARN]: Unable to play unknown soundEvent: minecraft:dig.cloth
[13:15:26] [Client thread/WARN]: Unable to play unknown soundEvent: minecraft:dig.cloth
[13:15:26] [Client thread/WARN]: Unable to play unknown soundEvent: minecraft:step.cloth
[13:15:26] [Client thread/WARN]: Unable to play unknown soundEvent: minecraft:dig.cloth
[13:15:27] [Client thread/WARN]: Unable to play unknown soundEvent: minecraft:dig.cloth
[13:15:27] [Client thread/WARN]: Unable to play unknown soundEvent: minecraft:dig.cloth
[13:15:27] [Client thread/WARN]: Unable to play unknown soundEvent: minecraft:step.cloth
[13:15:27] [Client thread/WARN]: Unable to play unknown soundEvent: minecraft:dig.cloth
[13:15:27] [Client thread/WARN]: Unable to play unknown soundEvent: minecraft:dig.cloth
[13:15:28] [Client thread/WARN]: Unable to play unknown soundEvent: minecraft:dig.cloth
[13:15:28] [Client thread/WARN]: Unable to play unknown soundEvent: minecraft:step.cloth
[13:15:28] [Client thread/WARN]: Unable to play unknown soundEvent: minecraft:dig.cloth
[13:15:28] [Client thread/WARN]: Unable to play unknown soundEvent: minecraft:step.cloth
[13:15:28] [Client thread/WARN]: Unable to play unknown soundEvent: minecraft:dig.cloth
[13:15:28] [Client thread/WARN]: Unable to play unknown soundEvent: minecraft:dig.cloth
[13:15:29] [Client thread/WARN]: Unable to play unknown soundEvent: minecraft:dig.cloth
[13:15:29] [Client thread/WARN]: Unable to play unknown soundEvent: minecraft:dig.cloth
[13:15:29] [Client thread/WARN]: Unable to play unknown soundEvent: minecraft:step.cloth
[13:15:29] [Client thread/WARN]: Unable to play unknown soundEvent: minecraft:dig.cloth
[13:15:29] [Client thread/WARN]: Unable to play unknown soundEvent: minecraft:dig.cloth
[13:15:29] [Client thread/WARN]: Unable to play unknown soundEvent: minecraft:step.cloth
[13:15:30] [Client thread/WARN]: Unable to play unknown soundEvent: minecraft:dig.cloth
[13:15:30] [Client thread/WARN]: Unable to play unknown soundEvent: minecraft:dig.cloth
[13:15:30] [Client thread/WARN]: Unable to play unknown soundEvent: minecraft:dig.cloth
[13:15:30] [Client thread/WARN]: Unable to play unknown soundEvent: minecraft:step.cloth
[13:15:30] [Client thread/WARN]: Unable to play unknown soundEvent: minecraft:dig.cloth
[13:15:30] [Client thread/WARN]: Unable to play unknown soundEvent: minecraft:dig.cloth
[13:15:31] [Client thread/WARN]: Unable to play unknown soundEvent: minecraft:step.cloth
[13:15:31] [Client thread/WARN]: Unable to play unknown soundEvent: minecraft:dig.cloth
[13:15:31] [Client thread/WARN]: Unable to play unknown soundEvent: minecraft:dig.cloth
[13:15:31] [Client thread/WARN]: Unable to play unknown soundEvent: minecraft:step.cloth
[13:15:31] [Client thread/WARN]: Unable to play unknown soundEvent: minecraft:dig.cloth
[13:15:31] [Client thread/WARN]: Unable to play unknown soundEvent: minecraft:dig.cloth
[13:15:32] [Client thread/WARN]: Unable to play unknown soundEvent: minecraft:dig.cloth
[13:15:32] [Client thread/WARN]: Unable to play unknown soundEvent: minecraft:step.cloth
[13:15:32] [Client thread/WARN]: Unable to play unknown soundEvent: minecraft:dig.cloth
[13:15:32] [Client thread/WARN]: Unable to play unknown soundEvent: minecraft:dig.cloth
[13:15:32] [Client thread/WARN]: Unable to play unknown soundEvent: minecraft:step.cloth
[13:15:33] [Client thread/WARN]: Unable to play unknown soundEvent: minecraft:dig.cloth
[13:15:33] [Client thread/WARN]: Unable to play unknown soundEvent: minecraft:dig.cloth
[13:15:33] [Client thread/WARN]: Unable to play unknown soundEvent: minecraft:dig.cloth
[13:15:33] [Client thread/WARN]: Unable to play unknown soundEvent: minecraft:step.cloth
[13:15:33] [Client thread/WARN]: Unable to play unknown soundEvent: minecraft:dig.cloth
[13:15:33] [Client thread/WARN]: Unable to play unknown soundEvent: minecraft:dig.cloth
[13:15:34] [Client thread/WARN]: Unable to play unknown soundEvent: minecraft:step.cloth
[13:15:34] [Client thread/WARN]: Unable to play unknown soundEvent: minecraft:dig.cloth
[13:15:34] [Client thread/WARN]: Unable to play unknown soundEvent: minecraft:dig.cloth
[13:15:34] [Client thread/WARN]: Unable to play unknown soundEvent: minecraft:dig.cloth
[13:15:34] [Client thread/WARN]: Unable to play unknown soundEvent: minecraft:dig.cloth
[13:15:34] [Client thread/WARN]: Unable to play unknown soundEvent: minecraft:step.cloth
[13:15:35] [Client thread/WARN]: Unable to play unknown soundEvent: minecraft:dig.cloth
[13:15:35] [Client thread/WARN]: Unable to play unknown soundEvent: minecraft:dig.cloth
[13:15:35] [Client thread/WARN]: Unable to play unknown soundEvent: minecraft:step.cloth
[13:15:35] [Client thread/WARN]: Unable to play unknown soundEvent: minecraft:dig.cloth
[13:15:35] [Client thread/WARN]: Unable to play unknown soundEvent: minecraft:dig.cloth
[13:15:35] [Client thread/WARN]: Unable to play unknown soundEvent: minecraft:step.cloth
[13:15:35] [Client thread/WARN]: Unable to play unknown soundEvent: minecraft:dig.cloth
[13:15:36] [Client thread/WARN]: Unable to play unknown soundEvent: minecraft:dig.cloth
[13:15:36] [Client thread/WARN]: Unable to play unknown soundEvent: minecraft:dig.cloth
[13:15:36] [Client thread/WARN]: Unable to play unknown soundEvent: minecraft:step.cloth
[13:15:36] [Client thread/WARN]: Unable to play unknown soundEvent: minecraft:dig.cloth
[13:15:36] [Client thread/WARN]: Unable to play unknown soundEvent: minecraft:step.cloth
[13:15:36] [Client thread/WARN]: Unable to play unknown soundEvent: minecraft:dig.cloth
[13:15:37] [Client thread/WARN]: Unable to play unknown soundEvent: minecraft:dig.cloth
[13:15:37] [Client thread/WARN]: Unable to play unknown soundEvent: minecraft:step.cloth
[13:15:37] [Client thread/WARN]: Unable to play unknown soundEvent: minecraft:dig.cloth
[13:15:37] [Client thread/WARN]: Unable to play unknown soundEvent: minecraft:dig.cloth
[13:15:37] [Client thread/WARN]: Unable to play unknown soundEvent: minecraft:step.cloth
[13:15:37] [Client thread/WARN]: Unable to play unknown soundEvent: minecraft:dig.cloth
[13:15:38] [Client thread/WARN]: Unable to play unknown soundEvent: minecraft:dig.cloth
[13:15:38] [Client thread/WARN]: Unable to play unknown soundEvent: minecraft:step.cloth
[13:15:38] [Client thread/WARN]: Unable to play unknown soundEvent: minecraft:dig.cloth
[13:15:38] [Client thread/WARN]: Unable to play unknown soundEvent: minecraft:step.cloth
[13:15:38] [Client thread/WARN]: Unable to play unknown soundEvent: minecraft:dig.cloth
[13:15:38] [Client thread/WARN]: Unable to play unknown soundEvent: minecraft:dig.cloth
[13:15:38] [Client thread/WARN]: Unable to play unknown soundEvent: minecraft:step.cloth
[13:15:39] [Client thread/WARN]: Unable to play unknown soundEvent: minecraft:dig.cloth
[13:15:39] [Client thread/WARN]: Unable to play unknown soundEvent: minecraft:dig.cloth
[13:15:39] [Client thread/WARN]: Unable to play unknown soundEvent: minecraft:step.cloth
[13:15:39] [Client thread/WARN]: Unable to play unknown soundEvent: minecraft:dig.cloth
[13:15:39] [Client thread/WARN]: Unable to play unknown soundEvent: minecraft:dig.cloth
[13:15:39] [Client thread/WARN]: Unable to play unknown soundEvent: minecraft:dig.cloth
[13:15:39] [Client thread/WARN]: Unable to play unknown soundEvent: minecraft:step.cloth
[13:15:40] [Client thread/WARN]: Unable to play unknown soundEvent: minecraft:dig.cloth
[13:15:40] [Client thread/WARN]: Unable to play unknown soundEvent: minecraft:step.cloth
[13:15:40] [Client thread/WARN]: Unable to play unknown soundEvent: minecraft:dig.cloth
[13:15:40] [Client thread/WARN]: Unable to play unknown soundEvent: minecraft:dig.cloth
[13:15:40] [Client thread/WARN]: Unable to play unknown soundEvent: minecraft:step.cloth
[13:15:40] [Client thread/WARN]: Unable to play unknown soundEvent: minecraft:dig.cloth
[13:15:40] [Client thread/WARN]: Unable to play unknown soundEvent: minecraft:dig.cloth
[13:15:40] [Client thread/WARN]: Unable to play unknown soundEvent: minecraft:step.cloth
[13:15:41] [Client thread/WARN]: Unable to play unknown soundEvent: minecraft:dig.cloth
[13:15:41] [Client thread/WARN]: Unable to play unknown soundEvent: minecraft:dig.cloth
[13:15:41] [Client thread/WARN]: Unable to play unknown soundEvent: minecraft:step.cloth
[13:15:41] [Client thread/WARN]: Unable to play unknown soundEvent: minecraft:dig.cloth
[13:15:41] [Client thread/WARN]: Unable to play unknown soundEvent: minecraft:dig.cloth
[13:15:41] [Client thread/WARN]: Unable to play unknown soundEvent: minecraft:step.cloth
[13:15:41] [Client thread/WARN]: Unable to play unknown soundEvent: minecraft:dig.cloth
[13:15:42] [Client thread/WARN]: Unable to play unknown soundEvent: minecraft:step.cloth
[13:15:42] [Client thread/WARN]: Unable to play unknown soundEvent: minecraft:dig.cloth
[13:15:45] [Client thread/WARN]: Unable to play unknown soundEvent: minecraft:dig.cloth
[13:15:45] [Client thread/WARN]: Unable to play unknown soundEvent: minecraft:step.cloth
[13:15:46] [Client thread/WARN]: Unable to play unknown soundEvent: minecraft:step.cloth
[13:15:46] [Client thread/WARN]: Unable to play unknown soundEvent: minecraft:dig.cloth
[13:15:46] [Client thread/WARN]: Unable to play unknown soundEvent: minecraft:dig.cloth
[13:15:46] [Client thread/WARN]: Unable to play unknown soundEvent: minecraft:step.cloth
[13:15:46] [Client thread/WARN]: Unable to play unknown soundEvent: minecraft:dig.cloth
[13:15:47] [Client thread/WARN]: Unable to play unknown soundEvent: minecraft:dig.cloth
[13:15:47] [Client thread/WARN]: Unable to play unknown soundEvent: minecraft:step.cloth
[13:15:47] [Client thread/WARN]: Unable to play unknown soundEvent: minecraft:dig.cloth
[13:15:47] [Client thread/WARN]: Unable to play unknown soundEvent: minecraft:dig.cloth
[13:15:47] [Client thread/WARN]: Unable to play unknown soundEvent: minecraft:dig.cloth
[13:15:47] [Client thread/WARN]: Unable to play unknown soundEvent: minecraft:step.cloth
[13:15:48] [Client thread/WARN]: Unable to play unknown soundEvent: minecraft:dig.cloth
[13:15:48] [Client thread/WARN]: Unable to play unknown soundEvent: minecraft:dig.cloth
[13:15:48] [Client thread/WARN]: Unable to play unknown soundEvent: minecraft:dig.cloth
[13:15:48] [Client thread/WARN]: Unable to play unknown soundEvent: minecraft:dig.cloth
[13:15:48] [Client thread/WARN]: Unable to play unknown soundEvent: minecraft:step.cloth
[13:15:49] [Client thread/WARN]: Unable to play unknown soundEvent: minecraft:dig.cloth
[13:15:49] [Client thread/WARN]: Unable to play unknown soundEvent: minecraft:dig.cloth
[13:15:49] [Client thread/WARN]: Unable to play unknown soundEvent: minecraft:step.cloth
[13:15:49] [Client thread/WARN]: Unable to play unknown soundEvent: minecraft:dig.cloth
[13:15:50] [Client thread/WARN]: Unable to play unknown soundEvent: minecraft:dig.cloth
[13:15:50] [Client thread/WARN]: Unable to play unknown soundEvent: minecraft:step.cloth
[13:15:50] [Client thread/WARN]: Unable to play unknown soundEvent: minecraft:dig.cloth
[13:15:50] [Client thread/WARN]: Unable to play unknown soundEvent: minecraft:step.cloth
[13:15:50] [Client thread/WARN]: Unable to play unknown soundEvent: minecraft:dig.cloth
[13:15:50] [Client thread/WARN]: Unable to play unknown soundEvent: minecraft:dig.cloth
[13:15:51] [Client thread/WARN]: Unable to play unknown soundEvent: minecraft:step.cloth
[13:15:51] [Client thread/WARN]: Unable to play unknown soundEvent: minecraft:dig.cloth
[13:15:51] [Client thread/WARN]: Unable to play unknown soundEvent: minecraft:dig.cloth
[13:15:51] [Client thread/WARN]: Unable to play unknown soundEvent: minecraft:step.cloth
[13:15:51] [Client thread/WARN]: Unable to play unknown soundEvent: minecraft:dig.cloth
[13:15:52] [Client thread/WARN]: Unable to play unknown soundEvent: minecraft:step.cloth
[13:15:52] [Client thread/WARN]: Unable to play unknown soundEvent: minecraft:dig.cloth
[13:15:52] [Client thread/WARN]: Unable to play unknown soundEvent: minecraft:dig.cloth
[13:15:53] [Client thread/WARN]: Unable to play unknown soundEvent: minecraft:dig.cloth
[13:15:53] [Client thread/WARN]: Unable to play unknown soundEvent: minecraft:step.cloth
[13:15:53] [Client thread/WARN]: Unable to play unknown soundEvent: minecraft:dig.cloth
[13:15:53] [Client thread/WARN]: Unable to play unknown soundEvent: minecraft:step.cloth
[13:15:53] [Client thread/WARN]: Unable to play unknown soundEvent: minecraft:dig.cloth
[13:15:54] [Client thread/WARN]: Unable to play unknown soundEvent: minecraft:dig.cloth
[13:15:54] [Client thread/WARN]: Unable to play unknown soundEvent: minecraft:step.cloth
[13:15:54] [Client thread/WARN]: Unable to play unknown soundEvent: minecraft:dig.cloth
[13:15:54] [Client thread/WARN]: Unable to play unknown soundEvent: minecraft:dig.cloth
[13:15:55] [Client thread/WARN]: Unable to play unknown soundEvent: minecraft:step.cloth
[13:15:55] [Client thread/WARN]: Unable to play unknown soundEvent: minecraft:dig.cloth
[13:15:56] [Client thread/WARN]: Unable to play unknown soundEvent: minecraft:dig.cloth
[13:15:56] [Client thread/WARN]: Unable to play unknown soundEvent: minecraft:step.cloth
[13:16:01] [Client thread/WARN]: Unable to play unknown soundEvent: minecraft:step.cloth
[13:16:01] [Client thread/WARN]: Unable to play unknown soundEvent: minecraft:dig.cloth
[13:16:01] [Client thread/WARN]: Unable to play unknown soundEvent: minecraft:dig.cloth
[13:16:01] [Client thread/WARN]: Unable to play unknown soundEvent: minecraft:step.cloth
[13:16:01] [Client thread/WARN]: Unable to play unknown soundEvent: minecraft:step.cloth
[13:16:02] [Client thread/WARN]: Unable to play unknown soundEvent: minecraft:step.cloth
[13:16:02] [Client thread/WARN]: Unable to play unknown soundEvent: minecraft:step.cloth
[13:16:02] [Client thread/WARN]: Unable to play unknown soundEvent: minecraft:dig.cloth
[13:16:02] [Client thread/WARN]: Unable to play unknown soundEvent: minecraft:step.cloth
[13:16:02] [Client thread/WARN]: Unable to play unknown soundEvent: minecraft:dig.cloth
[13:16:02] [Client thread/WARN]: Unable to play unknown soundEvent: minecraft:dig.cloth
[13:16:02] [Client thread/WARN]: Unable to play unknown soundEvent: minecraft:dig.cloth
[13:16:02] [Client thread/WARN]: Unable to play unknown soundEvent: minecraft:dig.cloth
[13:16:02] [Client thread/WARN]: Unable to play unknown soundEvent: minecraft:dig.cloth
[13:16:02] [Client thread/WARN]: Unable to play unknown soundEvent: minecraft:dig.cloth
[13:16:03] [Client thread/WARN]: Unable to play unknown soundEvent: minecraft:step.cloth
[13:16:03] [Client thread/WARN]: Unable to play unknown soundEvent: minecraft:step.cloth
[13:16:03] [Client thread/WARN]: Unable to play unknown soundEvent: minecraft:step.cloth
[13:16:04] [Client thread/WARN]: Unable to play unknown soundEvent: minecraft:dig.cloth
[13:16:04] [Client thread/WARN]: Unable to play unknown soundEvent: minecraft:dig.cloth
[13:16:04] [Client thread/WARN]: Unable to play unknown soundEvent: minecraft:dig.cloth
[13:16:04] [Client thread/WARN]: Unable to play unknown soundEvent: minecraft:dig.cloth
[13:16:04] [Client thread/WARN]: Unable to play unknown soundEvent: minecraft:dig.cloth
[13:16:04] [Client thread/WARN]: Unable to play unknown soundEvent: minecraft:dig.cloth
[13:16:04] [Client thread/WARN]: Unable to play unknown soundEvent: minecraft:step.cloth
[13:16:05] [Client thread/WARN]: Unable to play unknown soundEvent: minecraft:step.cloth
[13:16:05] [Client thread/WARN]: Unable to play unknown soundEvent: minecraft:step.cloth
[13:16:05] [Client thread/WARN]: Unable to play unknown soundEvent: minecraft:dig.cloth
[13:16:05] [Client thread/WARN]: Unable to play unknown soundEvent: minecraft:dig.cloth
[13:16:05] [Client thread/WARN]: Unable to play unknown soundEvent: minecraft:dig.cloth
[13:16:05] [Client thread/WARN]: Unable to play unknown soundEvent: minecraft:dig.cloth
[13:16:06] [Client thread/WARN]: Unable to play unknown soundEvent: minecraft:step.cloth
[13:16:07] [Client thread/WARN]: Unable to play unknown soundEvent: minecraft:dig.cloth
[13:16:07] [Client thread/WARN]: Unable to play unknown soundEvent: minecraft:dig.cloth
[13:16:07] [Client thread/WARN]: Unable to play unknown soundEvent: minecraft:dig.cloth
[13:16:07] [Client thread/WARN]: Unable to play unknown soundEvent: minecraft:dig.cloth
[13:16:07] [Client thread/WARN]: Unable to play unknown soundEvent: minecraft:step.cloth
[13:16:11] [Client thread/WARN]: Unable to play unknown soundEvent: minecraft:dig.cloth
[13:16:11] [Client thread/WARN]: Unable to play unknown soundEvent: minecraft:step.cloth
[13:16:11] [Client thread/WARN]: Unable to play unknown soundEvent: minecraft:dig.cloth
[13:16:11] [Client thread/WARN]: Unable to play unknown soundEvent: minecraft:step.cloth
[13:16:12] [Client thread/WARN]: Unable to play unknown soundEvent: minecraft:dig.cloth
[13:16:12] [Client thread/WARN]: Unable to play unknown soundEvent: minecraft:dig.cloth
[13:16:12] [Client thread/WARN]: Unable to play unknown soundEvent: minecraft:step.cloth
[13:16:12] [Client thread/WARN]: Unable to play unknown soundEvent: minecraft:dig.cloth
[13:16:12] [Client thread/WARN]: Unable to play unknown soundEvent: minecraft:dig.cloth
[13:16:12] [Client thread/WARN]: Unable to play unknown soundEvent: minecraft:step.cloth
[13:16:12] [Client thread/WARN]: Unable to play unknown soundEvent: minecraft:dig.cloth
[13:16:12] [Client thread/WARN]: Unable to play unknown soundEvent: minecraft:dig.cloth
[13:16:12] [Client thread/WARN]: Unable to play unknown soundEvent: minecraft:step.cloth
[13:16:13] [Client thread/WARN]: Unable to play unknown soundEvent: minecraft:dig.cloth
[13:16:13] [Client thread/WARN]: Unable to play unknown soundEvent: minecraft:dig.cloth
[13:16:13] [Client thread/WARN]: Unable to play unknown soundEvent: minecraft:step.cloth
[13:16:13] [Client thread/WARN]: Unable to play unknown soundEvent: minecraft:dig.cloth
[13:16:13] [Client thread/WARN]: Unable to play unknown soundEvent: minecraft:step.cloth
[13:16:14] [Client thread/WARN]: Unable to play unknown soundEvent: minecraft:dig.cloth
[13:16:14] [Client thread/WARN]: Unable to play unknown soundEvent: minecraft:dig.cloth
[13:16:14] [Client thread/WARN]: Unable to play unknown soundEvent: minecraft:dig.cloth
[13:16:14] [Client thread/WARN]: Unable to play unknown soundEvent: minecraft:step.cloth
[13:16:15] [Client thread/WARN]: Unable to play unknown soundEvent: minecraft:dig.cloth
[13:16:15] [Client thread/WARN]: Unable to play unknown soundEvent: minecraft:step.cloth
[13:16:15] [Client thread/WARN]: Unable to play unknown soundEvent: minecraft:dig.cloth
[13:16:15] [Client thread/WARN]: Unable to play unknown soundEvent: minecraft:dig.cloth
[13:16:15] [Client thread/WARN]: Unable to play unknown soundEvent: minecraft:step.cloth
[13:16:15] [Client thread/WARN]: Unable to play unknown soundEvent: minecraft:dig.cloth
[13:16:15] [Client thread/WARN]: Unable to play unknown soundEvent: minecraft:dig.cloth
[13:16:16] [Client thread/WARN]: Unable to play unknown soundEvent: minecraft:step.cloth
[13:16:16] [Client thread/WARN]: Unable to play unknown soundEvent: minecraft:dig.cloth
[13:16:16] [Client thread/WARN]: Unable to play unknown soundEvent: minecraft:dig.cloth
[13:16:16] [Client thread/WARN]: Unable to play unknown soundEvent: minecraft:step.cloth
[13:16:17] [Client thread/WARN]: Unable to play unknown soundEvent: minecraft:dig.cloth
[13:16:17] [Client thread/WARN]: Unable to play unknown soundEvent: minecraft:step.cloth
[13:16:17] [Client thread/WARN]: Unable to play unknown soundEvent: minecraft:dig.cloth
[13:16:17] [Client thread/WARN]: Unable to play unknown soundEvent: minecraft:dig.cloth
[13:16:17] [Client thread/WARN]: Unable to play unknown soundEvent: minecraft:dig.cloth
[13:16:18] [Client thread/WARN]: Unable to play unknown soundEvent: minecraft:step.cloth
[13:16:18] [Client thread/WARN]: Unable to play unknown soundEvent: minecraft:dig.cloth
[13:16:18] [Client thread/WARN]: Unable to play unknown soundEvent: minecraft:step.cloth
[13:16:18] [Client thread/WARN]: Unable to play unknown soundEvent: minecraft:dig.cloth
[13:16:19] [Client thread/WARN]: Unable to play unknown soundEvent: minecraft:dig.cloth
[13:16:19] [Client thread/WARN]: Unable to play unknown soundEvent: minecraft:step.cloth
[13:16:19] [Client thread/WARN]: Unable to play unknown soundEvent: minecraft:dig.cloth
[13:16:19] [Client thread/WARN]: Unable to play unknown soundEvent: minecraft:dig.cloth
[13:16:19] [Client thread/WARN]: Unable to play unknown soundEvent: minecraft:step.cloth
[13:16:20] [Client thread/WARN]: Unable to play unknown soundEvent: minecraft:dig.cloth
[13:16:20] [Client thread/WARN]: Unable to play unknown soundEvent: minecraft:dig.cloth
[13:16:20] [Client thread/WARN]: Unable to play unknown soundEvent: minecraft:step.cloth
[13:16:20] [Client thread/WARN]: Unable to play unknown soundEvent: minecraft:dig.cloth
[13:16:21] [Client thread/WARN]: Unable to play unknown soundEvent: minecraft:step.cloth
[13:16:21] [Client thread/WARN]: Unable to play unknown soundEvent: minecraft:dig.cloth
[13:16:21] [Client thread/WARN]: Unable to play unknown soundEvent: minecraft:dig.cloth
[13:16:21] [Client thread/WARN]: Unable to play unknown soundEvent: minecraft:step.cloth
[13:16:21] [Client thread/WARN]: Unable to play unknown soundEvent: minecraft:dig.cloth
[13:16:21] [Client thread/WARN]: Unable to play unknown soundEvent: minecraft:dig.cloth
[13:16:22] [Client thread/WARN]: Unable to play unknown soundEvent: minecraft:step.cloth
[13:16:22] [Client thread/WARN]: Unable to play unknown soundEvent: minecraft:dig.cloth
[13:16:22] [Client thread/WARN]: Unable to play unknown soundEvent: minecraft:dig.cloth
[13:16:22] [Client thread/WARN]: Unable to play unknown soundEvent: minecraft:step.cloth
[13:16:23] [Client thread/WARN]: Unable to play unknown soundEvent: minecraft:dig.cloth
[13:16:23] [Client thread/WARN]: Unable to play unknown soundEvent: minecraft:step.cloth
[13:16:23] [Client thread/WARN]: Unable to play unknown soundEvent: minecraft:dig.cloth
[13:16:23] [Client thread/WARN]: Unable to play unknown soundEvent: minecraft:dig.cloth
[13:16:23] [Client thread/WARN]: Unable to play unknown soundEvent: minecraft:dig.cloth
[13:16:24] [Client thread/WARN]: Unable to play unknown soundEvent: minecraft:step.cloth
[13:16:24] [Client thread/WARN]: Unable to play unknown soundEvent: minecraft:step.cloth
[13:16:24] [Client thread/WARN]: Unable to play unknown soundEvent: minecraft:dig.cloth
[13:16:24] [Client thread/WARN]: Unable to play unknown soundEvent: minecraft:step.cloth
[13:16:24] [Client thread/WARN]: Unable to play unknown soundEvent: minecraft:dig.cloth
[13:16:25] [Client thread/WARN]: Unable to play unknown soundEvent: minecraft:dig.cloth
[13:16:25] [Client thread/WARN]: Unable to play unknown soundEvent: minecraft:dig.cloth
[13:16:28] [Client thread/WARN]: Unable to play unknown soundEvent: minecraft:step.cloth
[13:16:29] [Client thread/WARN]: Unable to play unknown soundEvent: minecraft:dig.cloth
[13:16:29] [Client thread/WARN]: Unable to play unknown soundEvent: minecraft:dig.cloth
[13:16:29] [Client thread/WARN]: Unable to play unknown soundEvent: minecraft:dig.cloth
[13:16:29] [Client thread/WARN]: Unable to play unknown soundEvent: minecraft:step.cloth
[13:16:29] [Client thread/WARN]: Unable to play unknown soundEvent: minecraft:dig.cloth
[13:16:29] [Client thread/WARN]: Unable to play unknown soundEvent: minecraft:step.cloth
[13:16:30] [Client thread/WARN]: Unable to play unknown soundEvent: minecraft:dig.cloth
[13:16:30] [Client thread/WARN]: Unable to play unknown soundEvent: minecraft:dig.cloth
[13:16:30] [Client thread/WARN]: Unable to play unknown soundEvent: minecraft:step.cloth
[13:16:30] [Client thread/WARN]: Unable to play unknown soundEvent: minecraft:dig.cloth
[13:16:31] [Client thread/WARN]: Unable to play unknown soundEvent: minecraft:step.cloth
[13:16:31] [Client thread/WARN]: Unable to play unknown soundEvent: minecraft:dig.cloth
[13:16:31] [Client thread/WARN]: Unable to play unknown soundEvent: minecraft:dig.cloth
[13:16:31] [Client thread/WARN]: Unable to play unknown soundEvent: minecraft:step.cloth
[13:16:31] [Client thread/WARN]: Unable to play unknown soundEvent: minecraft:dig.cloth
[13:16:32] [Client thread/WARN]: Unable to play unknown soundEvent: minecraft:dig.cloth
[13:16:32] [Client thread/WARN]: Unable to play unknown soundEvent: minecraft:dig.cloth
[13:16:32] [Client thread/WARN]: Unable to play unknown soundEvent: minecraft:step.cloth
[13:16:32] [Client thread/WARN]: Unable to play unknown soundEvent: minecraft:dig.cloth
[13:16:32] [Client thread/WARN]: Unable to play unknown soundEvent: minecraft:step.cloth
[13:16:33] [Client thread/WARN]: Unable to play unknown soundEvent: minecraft:dig.cloth
[13:16:33] [Client thread/WARN]: Unable to play unknown soundEvent: minecraft:dig.cloth
[13:16:33] [Client thread/WARN]: Unable to play unknown soundEvent: minecraft:step.cloth
[13:16:33] [Client thread/WARN]: Unable to play unknown soundEvent: minecraft:dig.cloth
[13:16:34] [Client thread/WARN]: Unable to play unknown soundEvent: minecraft:step.cloth
[13:16:34] [Client thread/WARN]: Unable to play unknown soundEvent: minecraft:dig.cloth
[13:16:34] [Client thread/WARN]: Unable to play unknown soundEvent: minecraft:dig.cloth
[13:16:34] [Client thread/WARN]: Unable to play unknown soundEvent: minecraft:step.cloth
[13:16:34] [Client thread/WARN]: Unable to play unknown soundEvent: minecraft:dig.cloth
[13:16:35] [Client thread/WARN]: Unable to play unknown soundEvent: minecraft:dig.cloth
[13:16:35] [Client thread/WARN]: Unable to play unknown soundEvent: minecraft:dig.cloth
[13:16:35] [Client thread/WARN]: Unable to play unknown soundEvent: minecraft:step.cloth
[13:16:35] [Client thread/WARN]: Unable to play unknown soundEvent: minecraft:dig.cloth
[13:16:35] [Client thread/WARN]: Unable to play unknown soundEvent: minecraft:step.cloth
[13:16:36] [Client thread/WARN]: Unable to play unknown soundEvent: minecraft:dig.cloth
[13:16:36] [Client thread/WARN]: Unable to play unknown soundEvent: minecraft:dig.cloth
[13:16:36] [Client thread/WARN]: Unable to play unknown soundEvent: minecraft:step.cloth
[13:16:36] [Client thread/WARN]: Unable to play unknown soundEvent: minecraft:dig.cloth
[13:16:36] [Client thread/WARN]: Unable to play unknown soundEvent: minecraft:dig.cloth
[13:16:37] [Client thread/WARN]: Unable to play unknown soundEvent: minecraft:step.cloth
[13:16:37] [Client thread/WARN]: Unable to play unknown soundEvent: minecraft:dig.cloth
[13:16:37] [Client thread/WARN]: Unable to play unknown soundEvent: minecraft:step.cloth
[13:16:37] [Client thread/WARN]: Unable to play unknown soundEvent: minecraft:dig.cloth
[13:16:37] [Client thread/WARN]: Unable to play unknown soundEvent: minecraft:step.cloth
[13:16:38] [Client thread/WARN]: Unable to play unknown soundEvent: minecraft:dig.cloth
[13:16:38] [Client thread/WARN]: Unable to play unknown soundEvent: minecraft:dig.cloth
[13:16:38] [Client thread/WARN]: Unable to play unknown soundEvent: minecraft:dig.cloth
[13:16:38] [Client thread/WARN]: Unable to play unknown soundEvent: minecraft:step.cloth
[13:16:38] [Client thread/WARN]: Unable to play unknown soundEvent: minecraft:music.game.creative
[13:16:38] [Client thread/WARN]: Unable to play unknown soundEvent: minecraft:step.cloth
[13:16:38] [Client thread/WARN]: Unable to play unknown soundEvent: minecraft:dig.cloth
[13:16:39] [Client thread/WARN]: Unable to play unknown soundEvent: minecraft:dig.cloth
[13:16:39] [Client thread/WARN]: Unable to play unknown soundEvent: minecraft:step.cloth
[13:16:39] [Client thread/WARN]: Unable to play unknown soundEvent: minecraft:dig.cloth
[13:16:39] [Client thread/WARN]: Unable to play unknown soundEvent: minecraft:dig.cloth
[13:16:39] [Client thread/WARN]: Unable to play unknown soundEvent: minecraft:step.cloth
[13:16:39] [Client thread/WARN]: Unable to play unknown soundEvent: minecraft:dig.cloth
[13:16:39] [Client thread/WARN]: Unable to play unknown soundEvent: minecraft:dig.cloth
[13:16:39] [Client thread/WARN]: Unable to play unknown soundEvent: minecraft:dig.cloth
[13:16:39] [Client thread/WARN]: Unable to play unknown soundEvent: minecraft:step.cloth
[13:16:40] [Client thread/WARN]: Unable to play unknown soundEvent: minecraft:dig.cloth
[13:16:40] [Client thread/WARN]: Unable to play unknown soundEvent: minecraft:dig.cloth
[13:16:40] [Client thread/WARN]: Unable to play unknown soundEvent: minecraft:step.cloth
[13:16:40] [Client thread/WARN]: Unable to play unknown soundEvent: minecraft:dig.cloth
[13:16:40] [Client thread/WARN]: Unable to play unknown soundEvent: minecraft:step.cloth
[13:16:40] [Client thread/WARN]: Unable to play unknown soundEvent: minecraft:dig.cloth
[13:16:40] [Client thread/WARN]: Unable to play unknown soundEvent: minecraft:dig.cloth
[13:16:41] [Client thread/WARN]: Unable to play unknown soundEvent: minecraft:step.cloth
[13:16:41] [Client thread/WARN]: Unable to play unknown soundEvent: minecraft:dig.cloth
[13:16:41] [Client thread/WARN]: Unable to play unknown soundEvent: minecraft:dig.cloth
[13:16:41] [Client thread/WARN]: Unable to play unknown soundEvent: minecraft:dig.cloth
[13:16:41] [Client thread/WARN]: Unable to play unknown soundEvent: minecraft:dig.cloth
[13:16:41] [Client thread/WARN]: Unable to play unknown soundEvent: minecraft:step.cloth
[13:16:41] [Client thread/WARN]: Unable to play unknown soundEvent: minecraft:dig.cloth
[13:16:41] [Client thread/WARN]: Unable to play unknown soundEvent: minecraft:dig.cloth
[13:16:41] [Client thread/WARN]: Unable to play unknown soundEvent: minecraft:dig.cloth
[13:16:41] [Client thread/WARN]: Unable to play unknown soundEvent: minecraft:step.cloth
[13:16:42] [Client thread/WARN]: Unable to play unknown soundEvent: minecraft:dig.cloth
[13:16:42] [Client thread/WARN]: Unable to play unknown soundEvent: minecraft:dig.cloth
[13:16:42] [Client thread/WARN]: Unable to play unknown soundEvent: minecraft:step.cloth
[13:16:42] [Client thread/WARN]: Unable to play unknown soundEvent: minecraft:step.cloth
[13:16:42] [Client thread/WARN]: Unable to play unknown soundEvent: minecraft:dig.cloth
[13:16:42] [Client thread/WARN]: Unable to play unknown soundEvent: minecraft:dig.cloth
[13:16:43] [Client thread/WARN]: Unable to play unknown soundEvent: minecraft:step.cloth
[13:16:43] [Client thread/WARN]: Unable to play unknown soundEvent: minecraft:dig.cloth
[13:16:43] [Client thread/WARN]: Unable to play unknown soundEvent: minecraft:dig.cloth
[13:16:43] [Client thread/WARN]: Unable to play unknown soundEvent: minecraft:dig.cloth
[13:16:43] [Client thread/WARN]: Unable to play unknown soundEvent: minecraft:step.cloth
[13:16:43] [Client thread/WARN]: Unable to play unknown soundEvent: minecraft:dig.cloth
[13:16:43] [Client thread/WARN]: Unable to play unknown soundEvent: minecraft:dig.cloth
[13:16:43] [Client thread/WARN]: Unable to play unknown soundEvent: minecraft:dig.cloth
[13:16:44] [Client thread/WARN]: Unable to play unknown soundEvent: minecraft:step.cloth
[13:16:44] [Client thread/WARN]: Unable to play unknown soundEvent: minecraft:dig.cloth
[13:16:44] [Client thread/WARN]: Unable to play unknown soundEvent: minecraft:dig.cloth
[13:16:44] [Client thread/WARN]: Unable to play unknown soundEvent: minecraft:dig.cloth
[13:16:44] [Client thread/WARN]: Unable to play unknown soundEvent: minecraft:step.cloth
[13:16:44] [Client thread/WARN]: Unable to play unknown soundEvent: minecraft:dig.cloth
[13:16:44] [Client thread/WARN]: Unable to play unknown soundEvent: minecraft:dig.cloth
[13:16:44] [Client thread/WARN]: Unable to play unknown soundEvent: minecraft:dig.cloth
[13:16:44] [Client thread/WARN]: Unable to play unknown soundEvent: minecraft:step.cloth
[13:16:45] [Client thread/WARN]: Unable to play unknown soundEvent: minecraft:step.cloth
[13:16:45] [Client thread/WARN]: Unable to play unknown soundEvent: minecraft:dig.cloth
[13:16:45] [Client thread/WARN]: Unable to play unknown soundEvent: minecraft:dig.cloth
[13:16:45] [Client thread/WARN]: Unable to play unknown soundEvent: minecraft:step.cloth
[13:16:45] [Client thread/WARN]: Unable to play unknown soundEvent: minecraft:dig.cloth
[13:16:45] [Client thread/WARN]: Unable to play unknown soundEvent: minecraft:dig.cloth
[13:16:45] [Client thread/WARN]: Unable to play unknown soundEvent: minecraft:dig.cloth
[13:16:46] [Client thread/WARN]: Unable to play unknown soundEvent: minecraft:dig.cloth
[13:16:46] [Client thread/WARN]: Unable to play unknown soundEvent: minecraft:dig.cloth
[13:16:46] [Client thread/WARN]: Unable to play unknown soundEvent: minecraft:step.cloth
[13:16:46] [Client thread/WARN]: Unable to play unknown soundEvent: minecraft:dig.cloth
[13:16:46] [Client thread/WARN]: Unable to play unknown soundEvent: minecraft:dig.cloth
[13:16:47] [Client thread/WARN]: Unable to play unknown soundEvent: minecraft:step.cloth
[13:16:47] [Client thread/WARN]: Unable to play unknown soundEvent: minecraft:dig.cloth
[13:16:47] [Client thread/WARN]: Unable to play unknown soundEvent: minecraft:dig.cloth
[13:16:47] [Client thread/WARN]: Unable to play unknown soundEvent: minecraft:step.cloth
[13:16:47] [Client thread/WARN]: Unable to play unknown soundEvent: minecraft:dig.cloth
[13:16:48] [Client thread/WARN]: Unable to play unknown soundEvent: minecraft:step.cloth
[13:16:48] [Client thread/WARN]: Unable to play unknown soundEvent: minecraft:dig.cloth
[13:16:48] [Client thread/WARN]: Unable to play unknown soundEvent: minecraft:dig.cloth
[13:16:48] [Client thread/WARN]: Unable to play unknown soundEvent: minecraft:dig.cloth
[13:16:48] [Client thread/WARN]: Unable to play unknown soundEvent: minecraft:dig.cloth
[13:16:48] [Client thread/WARN]: Unable to play unknown soundEvent: minecraft:step.cloth
[13:16:49] [Client thread/WARN]: Unable to play unknown soundEvent: minecraft:dig.cloth
[13:16:49] [Client thread/WARN]: Unable to play unknown soundEvent: minecraft:dig.cloth
[13:16:50] [Client thread/WARN]: Unable to play unknown soundEvent: minecraft:step.cloth
[13:16:50] [Client thread/WARN]: Unable to play unknown soundEvent: minecraft:dig.cloth
[13:16:50] [Client thread/WARN]: Unable to play unknown soundEvent: minecraft:dig.cloth
[13:16:50] [Client thread/WARN]: Unable to play unknown soundEvent: minecraft:step.cloth
[13:16:51] [Client thread/WARN]: Unable to play unknown soundEvent: minecraft:dig.cloth
[13:16:51] [Client thread/WARN]: Unable to play unknown soundEvent: minecraft:dig.cloth
[13:16:51] [Client thread/WARN]: Unable to play unknown soundEvent: minecraft:step.cloth
[13:16:51] [Client thread/WARN]: Unable to play unknown soundEvent: minecraft:dig.cloth
[13:16:51] [Client thread/WARN]: Unable to play unknown soundEvent: minecraft:dig.cloth
[13:16:51] [Client thread/WARN]: Unable to play unknown soundEvent: minecraft:dig.cloth
[13:16:51] [Client thread/WARN]: Unable to play unknown soundEvent: minecraft:step.cloth
[13:16:52] [Client thread/WARN]: Unable to play unknown soundEvent: minecraft:dig.cloth
[13:16:52] [Client thread/WARN]: Unable to play unknown soundEvent: minecraft:step.cloth
[13:16:52] [Client thread/WARN]: Unable to play unknown soundEvent: minecraft:dig.cloth
[13:16:53] [Client thread/WARN]: Unable to play unknown soundEvent: minecraft:step.cloth
[13:16:53] [Client thread/WARN]: Unable to play unknown soundEvent: minecraft:dig.cloth
[13:16:53] [Client thread/WARN]: Unable to play unknown soundEvent: minecraft:dig.cloth
[13:16:53] [Client thread/WARN]: Unable to play unknown soundEvent: minecraft:dig.cloth
[13:16:53] [Client thread/WARN]: Unable to play unknown soundEvent: minecraft:step.cloth
[13:16:53] [Client thread/WARN]: Unable to play unknown soundEvent: minecraft:dig.cloth
[13:16:54] [Client thread/WARN]: Unable to play unknown soundEvent: minecraft:step.cloth
[13:16:54] [Client thread/WARN]: Unable to play unknown soundEvent: minecraft:dig.cloth
[13:16:54] [Client thread/WARN]: Unable to play unknown soundEvent: minecraft:dig.cloth
[13:16:54] [Client thread/WARN]: Unable to play unknown soundEvent: minecraft:dig.cloth
[13:16:54] [Client thread/WARN]: Unable to play unknown soundEvent: minecraft:step.cloth
[13:16:55] [Client thread/WARN]: Unable to play unknown soundEvent: minecraft:dig.cloth
[13:16:55] [Client thread/WARN]: Unable to play unknown soundEvent: minecraft:dig.cloth
[13:16:55] [Client thread/WARN]: Unable to play unknown soundEvent: minecraft:dig.cloth
[13:16:56] [Client thread/WARN]: Unable to play unknown soundEvent: minecraft:step.cloth
[13:16:56] [Client thread/WARN]: Unable to play unknown soundEvent: minecraft:dig.cloth
[13:16:56] [Client thread/WARN]: Unable to play unknown soundEvent: minecraft:dig.cloth
[13:16:56] [Client thread/WARN]: Unable to play unknown soundEvent: minecraft:step.cloth
[13:16:56] [Client thread/WARN]: Unable to play unknown soundEvent: minecraft:dig.cloth
[13:16:56] [Client thread/WARN]: Unable to play unknown soundEvent: minecraft:dig.cloth
[13:16:57] [Client thread/WARN]: Unable to play unknown soundEvent: minecraft:step.cloth
[13:16:57] [Client thread/WARN]: Unable to play unknown soundEvent: minecraft:dig.cloth
[13:16:57] [Client thread/WARN]: Unable to play unknown soundEvent: minecraft:dig.cloth
[13:16:57] [Client thread/WARN]: Unable to play unknown soundEvent: minecraft:dig.cloth
[13:16:57] [Client thread/WARN]: Unable to play unknown soundEvent: minecraft:dig.cloth
[13:16:57] [Client thread/WARN]: Unable to play unknown soundEvent: minecraft:step.cloth
[13:16:58] [Client thread/WARN]: Unable to play unknown soundEvent: minecraft:dig.cloth
[13:16:58] [Client thread/WARN]: Unable to play unknown soundEvent: minecraft:step.cloth
[13:16:58] [Client thread/WARN]: Unable to play unknown soundEvent: minecraft:dig.cloth
[13:16:59] [Client thread/WARN]: Unable to play unknown soundEvent: minecraft:dig.cloth
[13:16:59] [Client thread/WARN]: Unable to play unknown soundEvent: minecraft:dig.cloth
[13:16:59] [Client thread/WARN]: Unable to play unknown soundEvent: minecraft:dig.cloth
[13:17:00] [Client thread/WARN]: Unable to play unknown soundEvent: minecraft:dig.cloth
[13:17:02] [Client thread/WARN]: Unable to play unknown soundEvent: minecraft:step.cloth
[13:17:02] [Client thread/WARN]: Unable to play unknown soundEvent: minecraft:dig.cloth
[13:17:02] [Client thread/WARN]: Unable to play unknown soundEvent: minecraft:dig.cloth
[13:17:02] [Client thread/WARN]: Unable to play unknown soundEvent: minecraft:dig.cloth
[13:17:06] [Client thread/WARN]: Unable to play unknown soundEvent: minecraft:dig.cloth
[13:17:06] [Client thread/WARN]: Unable to play unknown soundEvent: minecraft:step.cloth
[13:17:07] [Client thread/WARN]: Unable to play unknown soundEvent: minecraft:step.cloth
[13:17:07] [Client thread/WARN]: Unable to play unknown soundEvent: minecraft:dig.cloth
[13:17:07] [Client thread/WARN]: Unable to play unknown soundEvent: minecraft:dig.cloth
[13:17:07] [Client thread/WARN]: Unable to play unknown soundEvent: minecraft:dig.cloth
[13:17:07] [Client thread/WARN]: Unable to play unknown soundEvent: minecraft:step.cloth
[13:17:07] [Client thread/WARN]: Unable to play unknown soundEvent: minecraft:dig.cloth
[13:17:07] [Client thread/WARN]: Unable to play unknown soundEvent: minecraft:dig.cloth
[13:17:07] [Client thread/WARN]: Unable to play unknown soundEvent: minecraft:dig.cloth
[13:17:08] [Client thread/WARN]: Unable to play unknown soundEvent: minecraft:step.cloth
[13:17:08] [Client thread/WARN]: Unable to play unknown soundEvent: minecraft:dig.cloth
[13:17:09] [Client thread/WARN]: Unable to play unknown soundEvent: minecraft:step.cloth
[13:17:09] [Client thread/WARN]: Unable to play unknown soundEvent: minecraft:dig.cloth
[13:17:09] [Client thread/WARN]: Unable to play unknown soundEvent: minecraft:dig.cloth
[13:17:09] [Client thread/WARN]: Unable to play unknown soundEvent: minecraft:step.cloth
[13:17:09] [Client thread/WARN]: Unable to play unknown soundEvent: minecraft:dig.cloth
[13:17:09] [Client thread/WARN]: Unable to play unknown soundEvent: minecraft:dig.cloth
[13:17:09] [Client thread/WARN]: Unable to play unknown soundEvent: minecraft:dig.cloth
[13:17:10] [Client thread/WARN]: Unable to play unknown soundEvent: minecraft:dig.cloth
[13:17:10] [Client thread/WARN]: Unable to play unknown soundEvent: minecraft:step.cloth
[13:17:10] [Client thread/WARN]: Unable to play unknown soundEvent: minecraft:dig.cloth
[13:17:10] [Client thread/WARN]: Unable to play unknown soundEvent: minecraft:dig.cloth
[13:17:11] [Client thread/WARN]: Unable to play unknown soundEvent: minecraft:step.cloth
[13:17:11] [Client thread/WARN]: Unable to play unknown soundEvent: minecraft:dig.cloth
[13:17:11] [Client thread/WARN]: Unable to play unknown soundEvent: minecraft:dig.cloth
[13:17:14] [Client thread/WARN]: Unable to play unknown soundEvent: minecraft:step.sand
[13:17:14] [Client thread/WARN]: Unable to play unknown soundEvent: minecraft:dig.sand
[13:17:14] [Client thread/WARN]: Unable to play unknown soundEvent: minecraft:step.cloth
[13:17:15] [Client thread/WARN]: Unable to play unknown soundEvent: minecraft:step.sand
[13:17:15] [Client thread/WARN]: Unable to play unknown soundEvent: minecraft:step.sand
[13:17:15] [Client thread/WARN]: Unable to play unknown soundEvent: minecraft:dig.sand
[13:17:15] [Client thread/WARN]: Unable to play unknown soundEvent: minecraft:dig.sand
[13:17:15] [Client thread/WARN]: Unable to play unknown soundEvent: minecraft:dig.sand
[13:17:15] [Client thread/WARN]: Unable to play unknown soundEvent: minecraft:dig.sand
[13:17:16] [Client thread/WARN]: Unable to play unknown soundEvent: minecraft:random.pop
[13:17:16] [Client thread/WARN]: Unable to play unknown soundEvent: minecraft:step.sand
[13:17:16] [Client thread/WARN]: Unable to play unknown soundEvent: minecraft:step.sand
[13:17:18] [Client thread/WARN]: Unable to play unknown soundEvent: minecraft:dig.cloth
[13:17:19] [Client thread/WARN]: Unable to play unknown soundEvent: minecraft:dig.cloth
[13:17:20] [Client thread/WARN]: Unable to play unknown soundEvent: minecraft:dig.cloth
[13:17:20] [Client thread/WARN]: Unable to play unknown soundEvent: minecraft:dig.cloth
[13:17:20] [Client thread/WARN]: Unable to play unknown soundEvent: minecraft:dig.cloth
[13:17:20] [Client thread/WARN]: Unable to play unknown soundEvent: minecraft:dig.cloth
[13:17:20] [Client thread/WARN]: Unable to play unknown soundEvent: minecraft:dig.cloth
[13:17:20] [Client thread/WARN]: Unable to play unknown soundEvent: minecraft:dig.cloth
[13:17:21] [Client thread/WARN]: Unable to play unknown soundEvent: minecraft:step.cloth
[13:17:21] [Client thread/WARN]: Unable to play unknown soundEvent: minecraft:step.cloth
[13:17:21] [Client thread/WARN]: Unable to play unknown soundEvent: minecraft:dig.cloth
[13:17:21] [Client thread/WARN]: Unable to play unknown soundEvent: minecraft:dig.cloth
[13:17:21] [Client thread/WARN]: Unable to play unknown soundEvent: minecraft:dig.cloth
[13:17:22] [Client thread/WARN]: Unable to play unknown soundEvent: minecraft:dig.cloth
[13:17:22] [Client thread/WARN]: Unable to play unknown soundEvent: minecraft:dig.cloth
[13:17:22] [Client thread/WARN]: Unable to play unknown soundEvent: minecraft:dig.cloth
[13:17:22] [Client thread/WARN]: Unable to play unknown soundEvent: minecraft:dig.cloth
[13:17:22] [Client thread/WARN]: Unable to play unknown soundEvent: minecraft:dig.cloth
[13:17:23] [Client thread/WARN]: Unable to play unknown soundEvent: minecraft:dig.cloth
[13:17:24] [Client thread/WARN]: Unable to play unknown soundEvent: minecraft:dig.cloth
[13:17:24] [Client thread/WARN]: Unable to play unknown soundEvent: minecraft:dig.cloth
[13:17:24] [Client thread/WARN]: Unable to play unknown soundEvent: minecraft:dig.cloth
[13:17:24] [Client thread/WARN]: Unable to play unknown soundEvent: minecraft:dig.cloth
[13:17:24] [Client thread/WARN]: Unable to play unknown soundEvent: minecraft:dig.cloth
[13:17:24] [Client thread/WARN]: Unable to play unknown soundEvent: minecraft:dig.cloth
[13:17:24] [Client thread/WARN]: Unable to play unknown soundEvent: minecraft:dig.cloth
[13:17:24] [Client thread/WARN]: Unable to play unknown soundEvent: minecraft:dig.cloth
[13:17:24] [Client thread/WARN]: Unable to play unknown soundEvent: minecraft:dig.cloth
[13:17:24] [Client thread/WARN]: Unable to play unknown soundEvent: minecraft:dig.cloth
[13:17:25] [Client thread/WARN]: Unable to play unknown soundEvent: minecraft:dig.cloth
[13:17:26] [Client thread/WARN]: Unable to play unknown soundEvent: minecraft:step.cloth
[13:17:26] [Client thread/WARN]: Unable to play unknown soundEvent: minecraft:dig.cloth
[13:17:26] [Client thread/WARN]: Unable to play unknown soundEvent: minecraft:dig.cloth
[13:17:26] [Client thread/WARN]: Unable to play unknown soundEvent: minecraft:dig.cloth
[13:17:27] [Client thread/WARN]: Unable to play unknown soundEvent: minecraft:dig.cloth
[13:17:27] [Client thread/WARN]: Unable to play unknown soundEvent: minecraft:dig.cloth
[13:17:28] [Client thread/WARN]: Unable to play unknown soundEvent: minecraft:dig.cloth
[13:17:28] [Client thread/WARN]: Unable to play unknown soundEvent: minecraft:dig.cloth
[13:17:29] [Client thread/WARN]: Unable to play unknown soundEvent: minecraft:dig.cloth
[13:17:29] [Client thread/WARN]: Unable to play unknown soundEvent: minecraft:dig.cloth
[13:17:32] [Client thread/WARN]: Unable to play unknown soundEvent: minecraft:step.cloth
[13:17:32] [Client thread/WARN]: Unable to play unknown soundEvent: minecraft:dig.cloth
[13:17:32] [Client thread/WARN]: Unable to play unknown soundEvent: minecraft:dig.cloth
[13:17:32] [Client thread/WARN]: Unable to play unknown soundEvent: minecraft:dig.cloth
[13:17:33] [Client thread/WARN]: Unable to play unknown soundEvent: minecraft:step.cloth
[13:17:33] [Client thread/WARN]: Unable to play unknown soundEvent: minecraft:dig.cloth
[13:17:33] [Client thread/WARN]: Unable to play unknown soundEvent: minecraft:dig.cloth
[13:17:33] [Client thread/WARN]: Unable to play unknown soundEvent: minecraft:dig.cloth
[13:17:33] [Client thread/WARN]: Unable to play unknown soundEvent: minecraft:dig.cloth
[13:17:35] [Client thread/WARN]: Unable to play unknown soundEvent: minecraft:step.cloth
[13:17:35] [Client thread/WARN]: Unable to play unknown soundEvent: minecraft:dig.cloth
[13:17:35] [Client thread/WARN]: Unable to play unknown soundEvent: minecraft:dig.cloth
[13:17:35] [Client thread/WARN]: Unable to play unknown soundEvent: minecraft:dig.cloth
[13:17:35] [Client thread/WARN]: Unable to play unknown soundEvent: minecraft:dig.cloth
[13:17:36] [Client thread/WARN]: Unable to play unknown soundEvent: minecraft:step.cloth
[13:17:36] [Client thread/WARN]: Unable to play unknown soundEvent: minecraft:dig.cloth
[13:17:36] [Client thread/WARN]: Unable to play unknown soundEvent: minecraft:dig.cloth
[13:17:36] [Client thread/WARN]: Unable to play unknown soundEvent: minecraft:dig.cloth
[13:17:36] [Client thread/WARN]: Unable to play unknown soundEvent: minecraft:dig.cloth
[13:17:37] [Client thread/WARN]: Unable to play unknown soundEvent: minecraft:dig.cloth
[13:17:37] [Client thread/WARN]: Unable to play unknown soundEvent: minecraft:dig.cloth
[13:17:38] [Client thread/WARN]: Unable to play unknown soundEvent: minecraft:step.cloth
[13:17:38] [Client thread/WARN]: Unable to play unknown soundEvent: minecraft:dig.cloth
[13:17:38] [Client thread/WARN]: Unable to play unknown soundEvent: minecraft:dig.cloth
[13:17:38] [Client thread/WARN]: Unable to play unknown soundEvent: minecraft:dig.cloth
[13:17:38] [Client thread/WARN]: Unable to play unknown soundEvent: minecraft:step.cloth
[13:17:38] [Client thread/WARN]: Unable to play unknown soundEvent: minecraft:dig.cloth
[13:17:38] [Client thread/WARN]: Unable to play unknown soundEvent: minecraft:dig.cloth
[13:17:39] [Client thread/WARN]: Unable to play unknown soundEvent: minecraft:step.cloth
[13:17:39] [Client thread/WARN]: Unable to play unknown soundEvent: minecraft:dig.cloth
[13:17:39] [Client thread/WARN]: Unable to play unknown soundEvent: minecraft:dig.cloth
[13:17:39] [Client thread/WARN]: Unable to play unknown soundEvent: minecraft:dig.cloth
[13:17:39] [Client thread/WARN]: Unable to play unknown soundEvent: minecraft:dig.cloth
[13:17:39] [Client thread/WARN]: Unable to play unknown soundEvent: minecraft:step.cloth
[13:17:39] [Client thread/WARN]: Unable to play unknown soundEvent: minecraft:step.cloth
[13:17:39] [Client thread/WARN]: Unable to play unknown soundEvent: minecraft:dig.cloth
[13:17:39] [Client thread/WARN]: Unable to play unknown soundEvent: minecraft:dig.cloth
[13:17:40] [Client thread/WARN]: Unable to play unknown soundEvent: minecraft:step.cloth
[13:17:40] [Client thread/WARN]: Unable to play unknown soundEvent: minecraft:dig.cloth
[13:17:40] [Client thread/WARN]: Unable to play unknown soundEvent: minecraft:dig.cloth
[13:17:40] [Client thread/WARN]: Unable to play unknown soundEvent: minecraft:dig.cloth
[13:17:40] [Client thread/WARN]: Unable to play unknown soundEvent: minecraft:step.cloth
[13:17:40] [Client thread/WARN]: Unable to play unknown soundEvent: minecraft:dig.cloth
[13:17:40] [Client thread/WARN]: Unable to play unknown soundEvent: minecraft:dig.cloth
[13:17:40] [Client thread/WARN]: Unable to play unknown soundEvent: minecraft:dig.cloth
[13:17:41] [Client thread/WARN]: Unable to play unknown soundEvent: minecraft:step.cloth
[13:17:41] [Client thread/WARN]: Unable to play unknown soundEvent: minecraft:dig.cloth
[13:17:41] [Client thread/WARN]: Unable to play unknown soundEvent: minecraft:dig.cloth
[13:17:41] [Client thread/WARN]: Unable to play unknown soundEvent: minecraft:step.cloth
[13:17:41] [Client thread/WARN]: Unable to play unknown soundEvent: minecraft:dig.cloth
[13:17:41] [Client thread/WARN]: Unable to play unknown soundEvent: minecraft:dig.cloth
[13:17:41] [Client thread/WARN]: Unable to play unknown soundEvent: minecraft:dig.cloth
[13:17:41] [Client thread/WARN]: Unable to play unknown soundEvent: minecraft:dig.cloth
[13:17:41] [Client thread/WARN]: Unable to play unknown soundEvent: minecraft:step.cloth
[13:17:42] [Client thread/WARN]: Unable to play unknown soundEvent: minecraft:dig.cloth
[13:17:42] [Client thread/WARN]: Unable to play unknown soundEvent: minecraft:dig.cloth
[13:17:42] [Client thread/WARN]: Unable to play unknown soundEvent: minecraft:step.cloth
[13:17:42] [Client thread/WARN]: Unable to play unknown soundEvent: minecraft:step.cloth
[13:17:42] [Client thread/WARN]: Unable to play unknown soundEvent: minecraft:dig.cloth
[13:17:42] [Client thread/WARN]: Unable to play unknown soundEvent: minecraft:dig.cloth
[13:17:42] [Client thread/WARN]: Unable to play unknown soundEvent: minecraft:dig.cloth
[13:17:43] [Client thread/WARN]: Unable to play unknown soundEvent: minecraft:dig.cloth
[13:17:43] [Client thread/WARN]: Unable to play unknown soundEvent: minecraft:dig.cloth
[13:17:43] [Client thread/WARN]: Unable to play unknown soundEvent: minecraft:step.cloth
[13:17:43] [Client thread/WARN]: Unable to play unknown soundEvent: minecraft:dig.cloth
[13:17:43] [Client thread/WARN]: Unable to play unknown soundEvent: minecraft:dig.cloth
[13:17:44] [Client thread/WARN]: Unable to play unknown soundEvent: minecraft:step.cloth
[13:17:44] [Client thread/WARN]: Unable to play unknown soundEvent: minecraft:dig.cloth
[13:17:44] [Client thread/WARN]: Unable to play unknown soundEvent: minecraft:step.cloth
[13:17:44] [Client thread/WARN]: Unable to play unknown soundEvent: minecraft:dig.cloth
[13:17:45] [Client thread/WARN]: Unable to play unknown soundEvent: minecraft:dig.cloth
[13:17:45] [Client thread/WARN]: Unable to play unknown soundEvent: minecraft:dig.cloth
[13:17:45] [Client thread/WARN]: Unable to play unknown soundEvent: minecraft:dig.cloth
[13:17:45] [Client thread/WARN]: Unable to play unknown soundEvent: minecraft:step.cloth
[13:17:45] [Client thread/WARN]: Unable to play unknown soundEvent: minecraft:dig.cloth
[13:17:45] [Client thread/WARN]: Unable to play unknown soundEvent: minecraft:dig.cloth
[13:17:45] [Client thread/WARN]: Unable to play unknown soundEvent: minecraft:dig.cloth
[13:17:45] [Client thread/WARN]: Unable to play unknown soundEvent: minecraft:dig.cloth
[13:17:45] [Client thread/WARN]: Unable to play unknown soundEvent: minecraft:step.cloth
[13:17:46] [Client thread/WARN]: Unable to play unknown soundEvent: minecraft:dig.cloth
[13:17:46] [Client thread/WARN]: Unable to play unknown soundEvent: minecraft:dig.cloth
[13:17:46] [Client thread/WARN]: Unable to play unknown soundEvent: minecraft:dig.cloth
[13:17:46] [Client thread/WARN]: Unable to play unknown soundEvent: minecraft:dig.cloth
[13:17:46] [Client thread/WARN]: Unable to play unknown soundEvent: minecraft:dig.cloth
[13:17:46] [Client thread/WARN]: Unable to play unknown soundEvent: minecraft:dig.cloth
[13:17:46] [Client thread/WARN]: Unable to play unknown soundEvent: minecraft:dig.cloth
[13:17:46] [Client thread/WARN]: Unable to play unknown soundEvent: minecraft:dig.cloth
[13:17:47] [Client thread/WARN]: Unable to play unknown soundEvent: minecraft:step.cloth
[13:17:47] [Client thread/WARN]: Unable to play unknown soundEvent: minecraft:dig.cloth
[13:17:47] [Client thread/WARN]: Unable to play unknown soundEvent: minecraft:dig.cloth
[13:17:47] [Client thread/WARN]: Unable to play unknown soundEvent: minecraft:dig.cloth
[13:17:47] [Client thread/WARN]: Unable to play unknown soundEvent: minecraft:dig.cloth
[13:17:47] [Client thread/WARN]: Unable to play unknown soundEvent: minecraft:dig.cloth
[13:17:47] [Client thread/WARN]: Unable to play unknown soundEvent: minecraft:dig.cloth
[13:17:48] [Client thread/WARN]: Unable to play unknown soundEvent: minecraft:step.cloth
[13:17:48] [Client thread/WARN]: Unable to play unknown soundEvent: minecraft:dig.cloth
[13:17:48] [Client thread/WARN]: Unable to play unknown soundEvent: minecraft:dig.cloth
[13:17:48] [Client thread/WARN]: Unable to play unknown soundEvent: minecraft:dig.cloth
[13:17:48] [Client thread/WARN]: Unable to play unknown soundEvent: minecraft:step.cloth
[13:17:48] [Client thread/WARN]: Unable to play unknown soundEvent: minecraft:dig.cloth
[13:17:48] [Client thread/WARN]: Unable to play unknown soundEvent: minecraft:dig.cloth
[13:17:49] [Client thread/WARN]: Unable to play unknown soundEvent: minecraft:dig.cloth
[13:17:49] [Client thread/WARN]: Unable to play unknown soundEvent: minecraft:dig.cloth
[13:17:49] [Client thread/WARN]: Unable to play unknown soundEvent: minecraft:step.cloth
[13:17:49] [Client thread/WARN]: Unable to play unknown soundEvent: minecraft:dig.cloth
[13:17:50] [Client thread/WARN]: Unable to play unknown soundEvent: minecraft:step.cloth
[13:17:50] [Client thread/WARN]: Unable to play unknown soundEvent: minecraft:dig.cloth
[13:17:50] [Client thread/WARN]: Unable to play unknown soundEvent: minecraft:dig.cloth
[13:17:50] [Client thread/WARN]: Unable to play unknown soundEvent: minecraft:step.cloth
[13:17:50] [Client thread/WARN]: Unable to play unknown soundEvent: minecraft:dig.cloth
[13:17:50] [Client thread/WARN]: Unable to play unknown soundEvent: minecraft:dig.cloth
[13:17:51] [Client thread/WARN]: Unable to play unknown soundEvent: minecraft:dig.cloth
[13:17:51] [Client thread/WARN]: Unable to play unknown soundEvent: minecraft:dig.cloth
[13:17:51] [Client thread/WARN]: Unable to play unknown soundEvent: minecraft:dig.cloth
[13:17:51] [Client thread/WARN]: Unable to play unknown soundEvent: minecraft:step.cloth
[13:17:51] [Client thread/WARN]: Unable to play unknown soundEvent: minecraft:dig.cloth
[13:17:52] [Client thread/WARN]: Unable to play unknown soundEvent: minecraft:dig.cloth
[13:17:52] [Client thread/WARN]: Unable to play unknown soundEvent: minecraft:step.cloth
[13:17:52] [Client thread/WARN]: Unable to play unknown soundEvent: minecraft:dig.cloth
[13:17:53] [Client thread/WARN]: Unable to play unknown soundEvent: minecraft:dig.cloth
[13:17:53] [Client thread/WARN]: Unable to play unknown soundEvent: minecraft:dig.cloth
[13:17:53] [Client thread/WARN]: Unable to play unknown soundEvent: minecraft:step.cloth
[13:17:53] [Client thread/WARN]: Unable to play unknown soundEvent: minecraft:dig.cloth
[13:17:54] [Client thread/WARN]: Unable to play unknown soundEvent: minecraft:step.cloth
[13:17:54] [Client thread/WARN]: Unable to play unknown soundEvent: minecraft:dig.cloth
[13:17:54] [Client thread/WARN]: Unable to play unknown soundEvent: minecraft:dig.cloth
[13:17:54] [Client thread/WARN]: Unable to play unknown soundEvent: minecraft:dig.cloth
[13:17:55] [Client thread/WARN]: Unable to play unknown soundEvent: minecraft:dig.cloth
[13:17:55] [Client thread/WARN]: Unable to play unknown soundEvent: minecraft:dig.cloth
[13:17:55] [Client thread/WARN]: Unable to play unknown soundEvent: minecraft:step.cloth
[13:17:55] [Client thread/WARN]: Unable to play unknown soundEvent: minecraft:dig.cloth
[13:17:55] [Client thread/WARN]: Unable to play unknown soundEvent: minecraft:dig.cloth
[13:17:56] [Client thread/WARN]: Unable to play unknown soundEvent: minecraft:step.cloth
[13:17:56] [Client thread/WARN]: Unable to play unknown soundEvent: minecraft:dig.cloth
[13:17:56] [Client thread/WARN]: Unable to play unknown soundEvent: minecraft:step.cloth
[13:17:56] [Client thread/WARN]: Unable to play unknown soundEvent: minecraft:dig.cloth
[13:17:57] [Client thread/WARN]: Unable to play unknown soundEvent: minecraft:step.cloth
[13:17:57] [Client thread/WARN]: Unable to play unknown soundEvent: minecraft:dig.cloth
[13:17:57] [Client thread/WARN]: Unable to play unknown soundEvent: minecraft:dig.cloth
[13:17:57] [Client thread/WARN]: Unable to play unknown soundEvent: minecraft:step.cloth
[13:17:57] [Client thread/WARN]: Unable to play unknown soundEvent: minecraft:dig.cloth
[13:17:58] [Client thread/WARN]: Unable to play unknown soundEvent: minecraft:dig.cloth
[13:17:58] [Client thread/WARN]: Unable to play unknown soundEvent: minecraft:step.cloth
[13:17:58] [Client thread/WARN]: Unable to play unknown soundEvent: minecraft:step.cloth
[13:17:58] [Client thread/WARN]: Unable to play unknown soundEvent: minecraft:dig.cloth
[13:17:58] [Client thread/WARN]: Unable to play unknown soundEvent: minecraft:dig.cloth
[13:17:59] [Client thread/WARN]: Unable to play unknown soundEvent: minecraft:step.cloth
[13:17:59] [Client thread/WARN]: Unable to play unknown soundEvent: minecraft:dig.cloth
[13:17:59] [Client thread/WARN]: Unable to play unknown soundEvent: minecraft:dig.cloth
[13:17:59] [Client thread/WARN]: Unable to play unknown soundEvent: minecraft:step.cloth
[13:17:59] [Client thread/WARN]: Unable to play unknown soundEvent: minecraft:dig.cloth
[13:17:59] [Client thread/WARN]: Unable to play unknown soundEvent: minecraft:dig.cloth
[13:18:00] [Client thread/WARN]: Unable to play unknown soundEvent: minecraft:step.cloth
[13:18:00] [Client thread/WARN]: Unable to play unknown soundEvent: minecraft:dig.cloth
[13:18:05] [Client thread/WARN]: Unable to play unknown soundEvent: minecraft:step.cloth
[13:18:05] [Client thread/WARN]: Unable to play unknown soundEvent: minecraft:dig.cloth
[13:18:05] [Client thread/WARN]: Unable to play unknown soundEvent: minecraft:dig.cloth
[13:18:05] [Client thread/WARN]: Unable to play unknown soundEvent: minecraft:dig.cloth
[13:18:05] [Client thread/WARN]: Unable to play unknown soundEvent: minecraft:step.cloth
[13:18:06] [Client thread/WARN]: Unable to play unknown soundEvent: minecraft:step.cloth
[13:18:06] [Client thread/WARN]: Unable to play unknown soundEvent: minecraft:dig.cloth
[13:18:06] [Client thread/WARN]: Unable to play unknown soundEvent: minecraft:dig.cloth
[13:18:06] [Client thread/WARN]: Unable to play unknown soundEvent: minecraft:dig.cloth
[13:18:06] [Client thread/WARN]: Unable to play unknown soundEvent: minecraft:dig.cloth
[13:18:06] [Client thread/WARN]: Unable to play unknown soundEvent: minecraft:dig.cloth
[13:18:06] [Client thread/WARN]: Unable to play unknown soundEvent: minecraft:step.cloth
[13:18:06] [Client thread/WARN]: Unable to play unknown soundEvent: minecraft:step.cloth
[13:18:07] [Client thread/WARN]: Unable to play unknown soundEvent: minecraft:step.cloth
[13:18:07] [Client thread/WARN]: Unable to play unknown soundEvent: minecraft:dig.cloth
[13:18:07] [Client thread/WARN]: Unable to play unknown soundEvent: minecraft:dig.cloth
[13:18:07] [Client thread/WARN]: Unable to play unknown soundEvent: minecraft:dig.cloth
[13:18:07] [Client thread/WARN]: Unable to play unknown soundEvent: minecraft:dig.cloth
[13:18:07] [Client thread/WARN]: Unable to play unknown soundEvent: minecraft:step.cloth
[13:18:08] [Client thread/WARN]: Unable to play unknown soundEvent: minecraft:step.cloth
[13:18:08] [Client thread/WARN]: Unable to play unknown soundEvent: minecraft:dig.cloth
[13:18:08] [Client thread/WARN]: Unable to play unknown soundEvent: minecraft:dig.cloth
[13:18:08] [Client thread/WARN]: Unable to play unknown soundEvent: minecraft:dig.cloth
[13:18:08] [Client thread/WARN]: Unable to play unknown soundEvent: minecraft:dig.cloth
[13:18:08] [Client thread/WARN]: Unable to play unknown soundEvent: minecraft:step.cloth
[13:18:09] [Client thread/WARN]: Unable to play unknown soundEvent: minecraft:dig.cloth
[13:18:09] [Client thread/WARN]: Unable to play unknown soundEvent: minecraft:dig.cloth
[13:18:18] [Client thread/WARN]: Unable to play unknown soundEvent: minecraft:step.cloth
[13:18:18] [Client thread/WARN]: Unable to play unknown soundEvent: minecraft:step.cloth
[13:18:18] [Client thread/WARN]: Unable to play unknown soundEvent: minecraft:step.cloth
[13:18:19] [Client thread/WARN]: Unable to play unknown soundEvent: minecraft:step.cloth
[13:18:19] [Client thread/WARN]: Unable to play unknown soundEvent: minecraft:step.cloth
[13:18:19] [Client thread/WARN]: Unable to play unknown soundEvent: minecraft:step.cloth
[13:18:20] [Client thread/WARN]: Unable to play unknown soundEvent: minecraft:step.cloth
[13:18:20] [Client thread/WARN]: Unable to play unknown soundEvent: minecraft:step.cloth
[13:18:33] [Client thread/WARN]: Unable to play unknown soundEvent: minecraft:step.cloth
[13:18:35] [Client thread/WARN]: Unable to play unknown soundEvent: minecraft:dig.cloth
[13:18:35] [Client thread/WARN]: Unable to play unknown soundEvent: minecraft:dig.cloth
[13:18:35] [Client thread/WARN]: Unable to play unknown soundEvent: minecraft:dig.cloth
[13:18:35] [Client thread/WARN]: Unable to play unknown soundEvent: minecraft:dig.cloth
[13:18:35] [Client thread/WARN]: Unable to play unknown soundEvent: minecraft:dig.cloth
[13:18:35] [Client thread/WARN]: Unable to play unknown soundEvent: minecraft:dig.cloth
[13:18:35] [Client thread/WARN]: Unable to play unknown soundEvent: minecraft:dig.cloth
[13:18:35] [Client thread/WARN]: Unable to play unknown soundEvent: minecraft:dig.cloth
[13:18:35] [Client thread/WARN]: Unable to play unknown soundEvent: minecraft:dig.cloth
[13:18:35] [Client thread/WARN]: Unable to play unknown soundEvent: minecraft:dig.cloth
[13:18:35] [Client thread/WARN]: Unable to play unknown soundEvent: minecraft:dig.cloth
[13:18:35] [Client thread/WARN]: Unable to play unknown soundEvent: minecraft:dig.cloth
[13:18:35] [Client thread/WARN]: Unable to play unknown soundEvent: minecraft:dig.cloth
[13:18:35] [Client thread/WARN]: Unable to play unknown soundEvent: minecraft:dig.cloth
[13:18:35] [Client thread/WARN]: Unable to play unknown soundEvent: minecraft:dig.cloth
[13:18:35] [Client thread/WARN]: Unable to play unknown soundEvent: minecraft:dig.cloth
[13:18:35] [Client thread/WARN]: Unable to play unknown soundEvent: minecraft:dig.cloth
[13:18:35] [Client thread/WARN]: Unable to play unknown soundEvent: minecraft:dig.cloth
[13:18:35] [Client thread/WARN]: Unable to play unknown soundEvent: minecraft:dig.cloth
[13:18:35] [Client thread/WARN]: Unable to play unknown soundEvent: minecraft:dig.cloth
[13:18:35] [Client thread/WARN]: Unable to play unknown soundEvent: minecraft:dig.cloth
[13:18:35] [Client thread/WARN]: Unable to play unknown soundEvent: minecraft:dig.cloth
[13:18:35] [Client thread/WARN]: Unable to play unknown soundEvent: minecraft:dig.cloth
[13:18:35] [Client thread/WARN]: Unable to play unknown soundEvent: minecraft:dig.cloth
[13:18:35] [Client thread/WARN]: Unable to play unknown soundEvent: minecraft:dig.cloth
[13:18:35] [Client thread/WARN]: Unable to play unknown soundEvent: minecraft:dig.cloth
[13:18:35] [Client thread/WARN]: Unable to play unknown soundEvent: minecraft:dig.cloth
[13:18:35] [Client thread/WARN]: Unable to play unknown soundEvent: minecraft:dig.cloth
[13:18:35] [Client thread/WARN]: Unable to play unknown soundEvent: minecraft:dig.cloth
[13:18:35] [Client thread/WARN]: Unable to play unknown soundEvent: minecraft:dig.cloth
[13:18:35] [Client thread/WARN]: Unable to play unknown soundEvent: minecraft:dig.cloth
[13:18:35] [Client thread/WARN]: Unable to play unknown soundEvent: minecraft:dig.cloth
[13:18:35] [Client thread/WARN]: Unable to play unknown soundEvent: minecraft:dig.cloth
[13:18:35] [Client thread/WARN]: Unable to play unknown soundEvent: minecraft:dig.cloth
[13:18:35] [Client thread/WARN]: Unable to play unknown soundEvent: minecraft:dig.cloth
[13:18:35] [Client thread/WARN]: Unable to play unknown soundEvent: minecraft:dig.cloth
[13:18:35] [Client thread/WARN]: Unable to play unknown soundEvent: minecraft:dig.cloth
[13:18:35] [Client thread/WARN]: Unable to play unknown soundEvent: minecraft:dig.cloth
[13:18:35] [Client thread/WARN]: Unable to play unknown soundEvent: minecraft:dig.cloth
[13:18:35] [Client thread/WARN]: Unable to play unknown soundEvent: minecraft:dig.cloth
[13:18:35] [Client thread/WARN]: Unable to play unknown soundEvent: minecraft:dig.cloth
[13:18:35] [Client thread/WARN]: Unable to play unknown soundEvent: minecraft:dig.cloth
[13:18:35] [Client thread/WARN]: Unable to play unknown soundEvent: minecraft:dig.cloth
[13:18:35] [Client thread/WARN]: Unable to play unknown soundEvent: minecraft:dig.cloth
[13:18:35] [Client thread/WARN]: Unable to play unknown soundEvent: minecraft:dig.cloth
[13:18:35] [Client thread/WARN]: Unable to play unknown soundEvent: minecraft:dig.cloth
[13:18:35] [Client thread/WARN]: Unable to play unknown soundEvent: minecraft:dig.cloth
[13:18:35] [Client thread/WARN]: Unable to play unknown soundEvent: minecraft:dig.cloth
[13:18:35] [Client thread/WARN]: Unable to play unknown soundEvent: minecraft:dig.cloth
[13:18:35] [Client thread/WARN]: Unable to play unknown soundEvent: minecraft:dig.cloth
[13:18:35] [Client thread/WARN]: Unable to play unknown soundEvent: minecraft:dig.cloth
[13:18:35] [Client thread/WARN]: Unable to play unknown soundEvent: minecraft:dig.cloth
[13:18:35] [Client thread/WARN]: Unable to play unknown soundEvent: minecraft:dig.cloth
[13:18:35] [Client thread/WARN]: Unable to play unknown soundEvent: minecraft:dig.cloth
[13:18:35] [Client thread/WARN]: Unable to play unknown soundEvent: minecraft:dig.cloth
[13:18:35] [Client thread/WARN]: Unable to play unknown soundEvent: minecraft:dig.cloth
[13:18:35] [Client thread/WARN]: Unable to play unknown soundEvent: minecraft:dig.cloth
[13:18:35] [Client thread/WARN]: Unable to play unknown soundEvent: minecraft:dig.cloth
[13:18:35] [Client thread/WARN]: Unable to play unknown soundEvent: minecraft:dig.cloth
[13:18:35] [Client thread/WARN]: Unable to play unknown soundEvent: minecraft:dig.cloth
[13:18:35] [Client thread/WARN]: Unable to play unknown soundEvent: minecraft:dig.cloth
[13:18:35] [Client thread/WARN]: Unable to play unknown soundEvent: minecraft:dig.cloth
[13:18:35] [Client thread/WARN]: Unable to play unknown soundEvent: minecraft:dig.cloth
[13:18:35] [Client thread/WARN]: Unable to play unknown soundEvent: minecraft:dig.cloth
[13:18:35] [Client thread/WARN]: Unable to play unknown soundEvent: minecraft:dig.cloth
[13:18:35] [Client thread/WARN]: Unable to play unknown soundEvent: minecraft:dig.cloth
[13:18:35] [Client thread/WARN]: Unable to play unknown soundEvent: minecraft:dig.cloth
[13:18:35] [Client thread/WARN]: Unable to play unknown soundEvent: minecraft:dig.cloth
[13:18:35] [Client thread/WARN]: Unable to play unknown soundEvent: minecraft:dig.cloth
[13:18:35] [Client thread/WARN]: Unable to play unknown soundEvent: minecraft:dig.cloth
[13:18:35] [Client thread/WARN]: Unable to play unknown soundEvent: minecraft:dig.cloth
[13:18:35] [Client thread/WARN]: Unable to play unknown soundEvent: minecraft:dig.cloth
[13:18:35] [Client thread/WARN]: Unable to play unknown soundEvent: minecraft:dig.cloth
[13:18:35] [Client thread/WARN]: Unable to play unknown soundEvent: minecraft:dig.cloth
[13:18:35] [Client thread/WARN]: Unable to play unknown soundEvent: minecraft:dig.cloth
[13:18:35] [Client thread/WARN]: Unable to play unknown soundEvent: minecraft:dig.cloth
[13:18:35] [Client thread/WARN]: Unable to play unknown soundEvent: minecraft:dig.cloth
[13:18:35] [Client thread/WARN]: Unable to play unknown soundEvent: minecraft:dig.cloth
[13:18:35] [Client thread/WARN]: Unable to play unknown soundEvent: minecraft:dig.cloth
[13:18:35] [Client thread/WARN]: Unable to play unknown soundEvent: minecraft:dig.cloth
[13:18:35] [Client thread/WARN]: Unable to play unknown soundEvent: minecraft:dig.cloth
[13:18:35] [Client thread/WARN]: Unable to play unknown soundEvent: minecraft:dig.cloth
[13:18:35] [Client thread/WARN]: Unable to play unknown soundEvent: minecraft:dig.cloth
[13:18:35] [Client thread/WARN]: Unable to play unknown soundEvent: minecraft:dig.cloth
[13:18:35] [Client thread/WARN]: Unable to play unknown soundEvent: minecraft:dig.cloth
[13:18:35] [Client thread/WARN]: Unable to play unknown soundEvent: minecraft:dig.cloth
[13:18:35] [Client thread/WARN]: Unable to play unknown soundEvent: minecraft:dig.cloth
[13:18:35] [Client thread/WARN]: Unable to play unknown soundEvent: minecraft:dig.cloth
[13:18:35] [Client thread/WARN]: Unable to play unknown soundEvent: minecraft:dig.cloth
[13:18:35] [Client thread/WARN]: Unable to play unknown soundEvent: minecraft:dig.cloth
[13:18:35] [Client thread/WARN]: Unable to play unknown soundEvent: minecraft:dig.cloth
[13:18:35] [Client thread/WARN]: Unable to play unknown soundEvent: minecraft:dig.cloth
[13:18:35] [Client thread/WARN]: Unable to play unknown soundEvent: minecraft:dig.cloth
[13:18:35] [Client thread/WARN]: Unable to play unknown soundEvent: minecraft:dig.cloth
[13:18:35] [Client thread/WARN]: Unable to play unknown soundEvent: minecraft:dig.cloth
[13:18:35] [Client thread/WARN]: Unable to play unknown soundEvent: minecraft:dig.cloth
[13:18:35] [Client thread/WARN]: Unable to play unknown soundEvent: minecraft:dig.cloth
[13:18:35] [Client thread/WARN]: Unable to play unknown soundEvent: minecraft:dig.cloth
[13:18:35] [Client thread/WARN]: Unable to play unknown soundEvent: minecraft:dig.cloth
[13:18:35] [Client thread/WARN]: Unable to play unknown soundEvent: minecraft:dig.cloth
[13:18:35] [Client thread/WARN]: Unable to play unknown soundEvent: minecraft:dig.cloth
[13:18:35] [Client thread/WARN]: Unable to play unknown soundEvent: minecraft:dig.cloth
[13:18:35] [Client thread/WARN]: Unable to play unknown soundEvent: minecraft:dig.cloth
[13:18:35] [Client thread/WARN]: Unable to play unknown soundEvent: minecraft:dig.cloth
[13:18:35] [Client thread/WARN]: Unable to play unknown soundEvent: minecraft:dig.cloth
[13:18:35] [Client thread/WARN]: Unable to play unknown soundEvent: minecraft:dig.cloth
[13:18:35] [Client thread/WARN]: Unable to play unknown soundEvent: minecraft:dig.cloth
[13:18:35] [Client thread/WARN]: Unable to play unknown soundEvent: minecraft:dig.cloth
[13:18:35] [Client thread/WARN]: Unable to play unknown soundEvent: minecraft:dig.cloth
[13:18:35] [Client thread/WARN]: Unable to play unknown soundEvent: minecraft:dig.cloth
[13:18:35] [Client thread/WARN]: Unable to play unknown soundEvent: minecraft:dig.cloth
[13:18:35] [Client thread/WARN]: Unable to play unknown soundEvent: minecraft:dig.cloth
[13:18:35] [Client thread/WARN]: Unable to play unknown soundEvent: minecraft:dig.cloth
[13:18:35] [Client thread/WARN]: Unable to play unknown soundEvent: minecraft:dig.cloth
[13:18:35] [Client thread/WARN]: Unable to play unknown soundEvent: minecraft:dig.cloth
[13:18:35] [Client thread/WARN]: Unable to play unknown soundEvent: minecraft:dig.cloth
[13:18:35] [Client thread/WARN]: Unable to play unknown soundEvent: minecraft:dig.cloth
[13:18:35] [Client thread/WARN]: Unable to play unknown soundEvent: minecraft:dig.cloth
[13:18:35] [Client thread/WARN]: Unable to play unknown soundEvent: minecraft:dig.cloth
[13:18:35] [Client thread/WARN]: Unable to play unknown soundEvent: minecraft:dig.cloth
[13:18:35] [Client thread/WARN]: Unable to play unknown soundEvent: minecraft:dig.cloth
[13:18:35] [Client thread/WARN]: Unable to play unknown soundEvent: minecraft:dig.cloth
[13:18:35] [Client thread/WARN]: Unable to play unknown soundEvent: minecraft:dig.cloth
[13:18:35] [Client thread/WARN]: Unable to play unknown soundEvent: minecraft:dig.cloth
[13:18:35] [Client thread/WARN]: Unable to play unknown soundEvent: minecraft:dig.cloth
[13:18:35] [Client thread/WARN]: Unable to play unknown soundEvent: minecraft:dig.cloth
[13:18:35] [Client thread/WARN]: Unable to play unknown soundEvent: minecraft:dig.cloth
[13:18:35] [Client thread/WARN]: Unable to play unknown soundEvent: minecraft:dig.cloth
[13:18:35] [Client thread/WARN]: Unable to play unknown soundEvent: minecraft:dig.cloth
[13:18:35] [Client thread/WARN]: Unable to play unknown soundEvent: minecraft:dig.cloth
[13:18:35] [Client thread/WARN]: Unable to play unknown soundEvent: minecraft:dig.cloth
[13:18:35] [Client thread/WARN]: Unable to play unknown soundEvent: minecraft:dig.cloth
[13:18:35] [Client thread/WARN]: Unable to play unknown soundEvent: minecraft:dig.cloth
[13:18:35] [Client thread/WARN]: Unable to play unknown soundEvent: minecraft:dig.cloth
[13:18:35] [Client thread/WARN]: Unable to play unknown soundEvent: minecraft:dig.cloth
[13:18:36] [Client thread/WARN]: Unable to play unknown soundEvent: minecraft:step.cloth
[13:18:36] [Client thread/WARN]: Unable to play unknown soundEvent: minecraft:step.cloth
[13:18:36] [Client thread/WARN]: Unable to play unknown soundEvent: minecraft:step.cloth
[13:18:37] [Client thread/WARN]: Unable to play unknown soundEvent: minecraft:dig.cloth
[13:18:37] [Client thread/WARN]: Unable to play unknown soundEvent: minecraft:dig.cloth
[13:18:37] [Client thread/WARN]: Unable to play unknown soundEvent: minecraft:dig.cloth
[13:18:37] [Client thread/WARN]: Unable to play unknown soundEvent: minecraft:step.cloth
[13:18:37] [Client thread/WARN]: Unable to play unknown soundEvent: minecraft:step.cloth
[13:18:38] [Client thread/WARN]: Unable to play unknown soundEvent: minecraft:step.cloth
[13:18:38] [Client thread/WARN]: Unable to play unknown soundEvent: minecraft:dig.cloth
[13:18:39] [Client thread/WARN]: Unable to play unknown soundEvent: minecraft:dig.cloth
[13:18:39] [Client thread/WARN]: Unable to play unknown soundEvent: minecraft:step.cloth
[13:18:39] [Client thread/WARN]: Unable to play unknown soundEvent: minecraft:dig.cloth
[13:18:39] [Client thread/WARN]: Unable to play unknown soundEvent: minecraft:step.cloth
[13:18:39] [Client thread/WARN]: Unable to play unknown soundEvent: minecraft:dig.cloth
[13:18:40] [Client thread/WARN]: Unable to play unknown soundEvent: minecraft:dig.cloth
[13:18:40] [Client thread/WARN]: Unable to play unknown soundEvent: minecraft:step.cloth
[13:18:40] [Client thread/WARN]: Unable to play unknown soundEvent: minecraft:dig.cloth
[13:18:40] [Client thread/WARN]: Unable to play unknown soundEvent: minecraft:dig.cloth
[13:18:40] [Client thread/WARN]: Unable to play unknown soundEvent: minecraft:step.cloth
[13:18:41] [Client thread/WARN]: Unable to play unknown soundEvent: minecraft:dig.cloth
[13:18:41] [Client thread/WARN]: Unable to play unknown soundEvent: minecraft:step.cloth
[13:18:41] [Client thread/WARN]: Unable to play unknown soundEvent: minecraft:dig.cloth
[13:18:41] [Client thread/WARN]: Unable to play unknown soundEvent: minecraft:dig.cloth
[13:18:41] [Client thread/WARN]: Unable to play unknown soundEvent: minecraft:step.cloth
[13:18:41] [Client thread/WARN]: Unable to play unknown soundEvent: minecraft:dig.cloth
[13:18:42] [Client thread/WARN]: Unable to play unknown soundEvent: minecraft:dig.cloth
[13:18:42] [Client thread/WARN]: Unable to play unknown soundEvent: minecraft:step.cloth
[13:18:42] [Client thread/WARN]: Unable to play unknown soundEvent: minecraft:dig.cloth
[13:18:42] [Client thread/WARN]: Unable to play unknown soundEvent: minecraft:step.cloth
[13:18:42] [Client thread/WARN]: Unable to play unknown soundEvent: minecraft:dig.cloth
[13:18:42] [Client thread/WARN]: Unable to play unknown soundEvent: minecraft:dig.cloth
[13:18:42] [Client thread/WARN]: Unable to play unknown soundEvent: minecraft:step.cloth
[13:18:43] [Client thread/WARN]: Unable to play unknown soundEvent: minecraft:dig.cloth
[13:18:43] [Client thread/WARN]: Unable to play unknown soundEvent: minecraft:dig.cloth
[13:18:43] [Client thread/WARN]: Unable to play unknown soundEvent: minecraft:step.cloth
[13:18:43] [Client thread/WARN]: Unable to play unknown soundEvent: minecraft:dig.cloth
[13:18:43] [Client thread/WARN]: Unable to play unknown soundEvent: minecraft:step.cloth
[13:18:43] [Client thread/WARN]: Unable to play unknown soundEvent: minecraft:dig.cloth
[13:18:44] [Client thread/WARN]: Unable to play unknown soundEvent: minecraft:dig.cloth
[13:18:45] [Client thread/WARN]: Unable to play unknown soundEvent: minecraft:step.cloth
[13:18:45] [Client thread/WARN]: Unable to play unknown soundEvent: minecraft:step.cloth
[13:18:45] [Client thread/WARN]: Unable to play unknown soundEvent: minecraft:dig.cloth
[13:18:45] [Client thread/WARN]: Unable to play unknown soundEvent: minecraft:step.cloth
[13:18:46] [Client thread/WARN]: Unable to play unknown soundEvent: minecraft:dig.cloth
[13:18:46] [Client thread/WARN]: Unable to play unknown soundEvent: minecraft:dig.cloth
[13:18:46] [Client thread/WARN]: Unable to play unknown soundEvent: minecraft:dig.cloth
[13:18:46] [Client thread/WARN]: Unable to play unknown soundEvent: minecraft:step.cloth
[13:18:46] [Client thread/WARN]: Unable to play unknown soundEvent: minecraft:dig.cloth
[13:18:46] [Client thread/WARN]: Unable to play unknown soundEvent: minecraft:step.cloth
[13:18:46] [Client thread/WARN]: Unable to play unknown soundEvent: minecraft:dig.cloth
[13:18:47] [Client thread/WARN]: Unable to play unknown soundEvent: minecraft:dig.cloth
[13:18:47] [Client thread/WARN]: Unable to play unknown soundEvent: minecraft:step.cloth
[13:18:47] [Client thread/WARN]: Unable to play unknown soundEvent: minecraft:dig.cloth
[13:18:47] [Client thread/WARN]: Unable to play unknown soundEvent: minecraft:dig.cloth
[13:18:47] [Client thread/WARN]: Unable to play unknown soundEvent: minecraft:step.cloth
[13:18:47] [Client thread/WARN]: Unable to play unknown soundEvent: minecraft:dig.cloth
[13:18:47] [Client thread/WARN]: Unable to play unknown soundEvent: minecraft:step.cloth
[13:18:48] [Client thread/WARN]: Unable to play unknown soundEvent: minecraft:dig.cloth
[13:18:48] [Client thread/WARN]: Unable to play unknown soundEvent: minecraft:dig.cloth
[13:18:48] [Client thread/WARN]: Unable to play unknown soundEvent: minecraft:step.cloth
[13:18:48] [Client thread/WARN]: Unable to play unknown soundEvent: minecraft:dig.cloth
[13:18:48] [Client thread/WARN]: Unable to play unknown soundEvent: minecraft:dig.cloth
[13:18:48] [Client thread/WARN]: Unable to play unknown soundEvent: minecraft:step.cloth
[13:18:49] [Client thread/WARN]: Unable to play unknown soundEvent: minecraft:dig.cloth
[13:18:49] [Client thread/WARN]: Unable to play unknown soundEvent: minecraft:dig.cloth
[13:18:49] [Client thread/WARN]: Unable to play unknown soundEvent: minecraft:step.cloth
[13:18:50] [Client thread/WARN]: Unable to play unknown soundEvent: minecraft:dig.cloth
[13:18:50] [Client thread/WARN]: Unable to play unknown soundEvent: minecraft:dig.cloth
[13:18:50] [Client thread/WARN]: Unable to play unknown soundEvent: minecraft:step.cloth
[13:18:50] [Client thread/WARN]: Unable to play unknown soundEvent: minecraft:dig.cloth
[13:18:50] [Client thread/WARN]: Unable to play unknown soundEvent: minecraft:step.cloth
[13:18:50] [Client thread/WARN]: Unable to play unknown soundEvent: minecraft:dig.cloth
[13:18:51] [Client thread/WARN]: Unable to play unknown soundEvent: minecraft:dig.cloth
[13:18:51] [Client thread/WARN]: Unable to play unknown soundEvent: minecraft:step.cloth
[13:18:51] [Client thread/WARN]: Unable to play unknown soundEvent: minecraft:dig.cloth
[13:18:51] [Client thread/WARN]: Unable to play unknown soundEvent: minecraft:step.cloth
[13:18:51] [Client thread/WARN]: Unable to play unknown soundEvent: minecraft:dig.cloth
[13:18:51] [Client thread/WARN]: Unable to play unknown soundEvent: minecraft:dig.cloth
[13:18:52] [Client thread/WARN]: Unable to play unknown soundEvent: minecraft:step.cloth
[13:18:52] [Client thread/WARN]: Unable to play unknown soundEvent: minecraft:dig.cloth
[13:18:52] [Client thread/WARN]: Unable to play unknown soundEvent: minecraft:dig.cloth
[13:18:52] [Client thread/WARN]: Unable to play unknown soundEvent: minecraft:step.cloth
[13:18:52] [Client thread/WARN]: Unable to play unknown soundEvent: minecraft:dig.cloth
[13:18:52] [Client thread/WARN]: Unable to play unknown soundEvent: minecraft:step.cloth
[13:18:53] [Client thread/WARN]: Unable to play unknown soundEvent: minecraft:dig.cloth
[13:18:53] [Client thread/WARN]: Unable to play unknown soundEvent: minecraft:step.cloth
[13:18:53] [Client thread/WARN]: Unable to play unknown soundEvent: minecraft:step.cloth
[13:18:54] [Client thread/WARN]: Unable to play unknown soundEvent: minecraft:dig.cloth
[13:18:54] [Client thread/WARN]: Unable to play unknown soundEvent: minecraft:step.cloth
[13:18:54] [Client thread/WARN]: Unable to play unknown soundEvent: minecraft:step.cloth
[13:18:55] [Client thread/WARN]: Unable to play unknown soundEvent: minecraft:step.cloth
[13:18:55] [Client thread/WARN]: Unable to play unknown soundEvent: minecraft:dig.cloth
[13:18:55] [Client thread/WARN]: Unable to play unknown soundEvent: minecraft:step.cloth
[13:18:55] [Client thread/WARN]: Unable to play unknown soundEvent: minecraft:dig.cloth
[13:18:56] [Client thread/WARN]: Unable to play unknown soundEvent: minecraft:step.cloth
[13:18:56] [Client thread/WARN]: Unable to play unknown soundEvent: minecraft:step.cloth
[13:18:56] [Client thread/WARN]: Unable to play unknown soundEvent: minecraft:dig.cloth
[13:18:56] [Client thread/WARN]: Unable to play unknown soundEvent: minecraft:step.cloth
[13:18:56] [Client thread/WARN]: Unable to play unknown soundEvent: minecraft:dig.cloth
[13:18:57] [Client thread/WARN]: Unable to play unknown soundEvent: minecraft:dig.cloth
[13:18:57] [Client thread/WARN]: Unable to play unknown soundEvent: minecraft:step.cloth
[13:18:57] [Client thread/WARN]: Unable to play unknown soundEvent: minecraft:dig.cloth
[13:18:57] [Client thread/WARN]: Unable to play unknown soundEvent: minecraft:step.cloth
[13:18:57] [Client thread/WARN]: Unable to play unknown soundEvent: minecraft:dig.cloth
[13:18:57] [Client thread/WARN]: Unable to play unknown soundEvent: minecraft:dig.cloth
[13:18:58] [Client thread/WARN]: Unable to play unknown soundEvent: minecraft:step.cloth
[13:18:58] [Client thread/WARN]: Unable to play unknown soundEvent: minecraft:dig.cloth
[13:18:58] [Client thread/WARN]: Unable to play unknown soundEvent: minecraft:dig.cloth
[13:18:58] [Client thread/WARN]: Unable to play unknown soundEvent: minecraft:step.cloth
[13:18:58] [Client thread/WARN]: Unable to play unknown soundEvent: minecraft:dig.cloth
[13:18:58] [Client thread/WARN]: Unable to play unknown soundEvent: minecraft:dig.cloth
[13:18:59] [Client thread/WARN]: Unable to play unknown soundEvent: minecraft:step.cloth
[13:18:59] [Client thread/WARN]: Unable to play unknown soundEvent: minecraft:music.game.creative
[13:18:59] [Client thread/WARN]: Unable to play unknown soundEvent: minecraft:dig.cloth
[13:18:59] [Client thread/WARN]: Unable to play unknown soundEvent: minecraft:step.cloth
[13:18:59] [Client thread/WARN]: Unable to play unknown soundEvent: minecraft:dig.cloth
[13:18:59] [Client thread/WARN]: Unable to play unknown soundEvent: minecraft:step.cloth
[13:19:00] [Client thread/WARN]: Unable to play unknown soundEvent: minecraft:dig.cloth
[13:19:00] [Client thread/WARN]: Unable to play unknown soundEvent: minecraft:step.cloth
[13:19:00] [Client thread/WARN]: Unable to play unknown soundEvent: minecraft:dig.cloth
[13:19:00] [Client thread/WARN]: Unable to play unknown soundEvent: minecraft:dig.cloth
[13:19:00] [Client thread/WARN]: Unable to play unknown soundEvent: minecraft:step.cloth
[13:19:01] [Client thread/WARN]: Unable to play unknown soundEvent: minecraft:step.cloth
[13:19:01] [Client thread/WARN]: Unable to play unknown soundEvent: minecraft:dig.cloth
[13:19:01] [Client thread/WARN]: Unable to play unknown soundEvent: minecraft:step.cloth
[13:19:01] [Client thread/WARN]: Unable to play unknown soundEvent: minecraft:dig.cloth
[13:19:01] [Client thread/WARN]: Unable to play unknown soundEvent: minecraft:dig.cloth
[13:19:01] [Client thread/WARN]: Unable to play unknown soundEvent: minecraft:step.cloth
[13:19:01] [Client thread/WARN]: Unable to play unknown soundEvent: minecraft:dig.cloth
[13:19:02] [Client thread/WARN]: Unable to play unknown soundEvent: minecraft:dig.cloth
[13:19:02] [Client thread/WARN]: Unable to play unknown soundEvent: minecraft:step.cloth
[13:19:02] [Client thread/WARN]: Unable to play unknown soundEvent: minecraft:dig.cloth
[13:19:02] [Client thread/WARN]: Unable to play unknown soundEvent: minecraft:dig.cloth
[13:19:02] [Client thread/WARN]: Unable to play unknown soundEvent: minecraft:step.cloth
[13:19:02] [Client thread/WARN]: Unable to play unknown soundEvent: minecraft:dig.cloth
[13:19:03] [Client thread/WARN]: Unable to play unknown soundEvent: minecraft:step.cloth
[13:19:03] [Client thread/WARN]: Unable to play unknown soundEvent: minecraft:dig.cloth
[13:19:03] [Client thread/WARN]: Unable to play unknown soundEvent: minecraft:step.cloth
[13:19:04] [Client thread/WARN]: Unable to play unknown soundEvent: minecraft:step.cloth
[13:19:04] [Client thread/WARN]: Unable to play unknown soundEvent: minecraft:step.cloth
[13:19:04] [Client thread/WARN]: Unable to play unknown soundEvent: minecraft:dig.cloth
[13:19:04] [Client thread/WARN]: Unable to play unknown soundEvent: minecraft:step.cloth
[13:19:05] [Client thread/WARN]: Unable to play unknown soundEvent: minecraft:step.cloth
[13:19:05] [Client thread/WARN]: Unable to play unknown soundEvent: minecraft:step.cloth
[13:19:06] [Client thread/WARN]: Unable to play unknown soundEvent: minecraft:dig.cloth
[13:19:06] [Client thread/WARN]: Unable to play unknown soundEvent: minecraft:step.cloth
[13:19:06] [Client thread/WARN]: Unable to play unknown soundEvent: minecraft:dig.cloth
[13:19:06] [Client thread/WARN]: Unable to play unknown soundEvent: minecraft:dig.cloth
[13:19:06] [Client thread/WARN]: Unable to play unknown soundEvent: minecraft:step.cloth
[13:19:06] [Client thread/WARN]: Unable to play unknown soundEvent: minecraft:dig.cloth
[13:19:07] [Client thread/WARN]: Unable to play unknown soundEvent: minecraft:dig.cloth
[13:19:07] [Client thread/WARN]: Unable to play unknown soundEvent: minecraft:step.cloth
[13:19:07] [Client thread/WARN]: Unable to play unknown soundEvent: minecraft:dig.cloth
[13:19:07] [Client thread/WARN]: Unable to play unknown soundEvent: minecraft:step.cloth
[13:19:07] [Client thread/WARN]: Unable to play unknown soundEvent: minecraft:dig.cloth
[13:19:07] [Client thread/WARN]: Unable to play unknown soundEvent: minecraft:dig.cloth
[13:19:07] [Client thread/WARN]: Unable to play unknown soundEvent: minecraft:step.cloth
[13:19:08] [Client thread/WARN]: Unable to play unknown soundEvent: minecraft:dig.cloth
[13:19:08] [Client thread/WARN]: Unable to play unknown soundEvent: minecraft:dig.cloth
[13:19:08] [Client thread/WARN]: Unable to play unknown soundEvent: minecraft:step.cloth
[13:19:08] [Client thread/WARN]: Unable to play unknown soundEvent: minecraft:dig.cloth
[13:19:08] [Client thread/WARN]: Unable to play unknown soundEvent: minecraft:step.cloth
[13:19:09] [Client thread/WARN]: Unable to play unknown soundEvent: minecraft:step.cloth
[13:19:09] [Client thread/WARN]: Unable to play unknown soundEvent: minecraft:step.cloth
[13:19:09] [Client thread/WARN]: Unable to play unknown soundEvent: minecraft:dig.cloth
[13:19:09] [Client thread/WARN]: Unable to play unknown soundEvent: minecraft:dig.cloth
[13:19:10] [Client thread/WARN]: Unable to play unknown soundEvent: minecraft:step.cloth
[13:19:10] [Client thread/WARN]: Unable to play unknown soundEvent: minecraft:dig.cloth
[13:19:10] [Client thread/WARN]: Unable to play unknown soundEvent: minecraft:dig.cloth
[13:19:10] [Client thread/WARN]: Unable to play unknown soundEvent: minecraft:step.cloth
[13:19:10] [Client thread/WARN]: Unable to play unknown soundEvent: minecraft:dig.cloth
[13:19:10] [Client thread/WARN]: Unable to play unknown soundEvent: minecraft:step.cloth
[13:19:10] [Client thread/WARN]: Unable to play unknown soundEvent: minecraft:dig.cloth
[13:19:11] [Client thread/WARN]: Unable to play unknown soundEvent: minecraft:dig.cloth
[13:19:11] [Client thread/WARN]: Unable to play unknown soundEvent: minecraft:step.cloth
[13:19:11] [Client thread/WARN]: Unable to play unknown soundEvent: minecraft:dig.cloth
[13:19:11] [Client thread/WARN]: Unable to play unknown soundEvent: minecraft:dig.cloth
[13:19:11] [Client thread/WARN]: Unable to play unknown soundEvent: minecraft:step.cloth
[13:19:12] [Client thread/WARN]: Unable to play unknown soundEvent: minecraft:step.cloth
[13:19:12] [Client thread/WARN]: Unable to play unknown soundEvent: minecraft:step.cloth
[13:19:12] [Client thread/WARN]: Unable to play unknown soundEvent: minecraft:step.cloth
[13:19:13] [Client thread/WARN]: Unable to play unknown soundEvent: minecraft:step.cloth
[13:19:13] [Client thread/WARN]: Unable to play unknown soundEvent: minecraft:step.cloth
[13:19:14] [Client thread/WARN]: Unable to play unknown soundEvent: minecraft:step.cloth
[13:19:14] [Client thread/WARN]: Unable to play unknown soundEvent: minecraft:step.cloth
[13:19:14] [Client thread/WARN]: Unable to play unknown soundEvent: minecraft:dig.cloth
[13:19:15] [Client thread/WARN]: Unable to play unknown soundEvent: minecraft:dig.cloth
[13:19:15] [Client thread/WARN]: Unable to play unknown soundEvent: minecraft:step.cloth
[13:19:15] [Client thread/WARN]: Unable to play unknown soundEvent: minecraft:dig.cloth
[13:19:15] [Client thread/WARN]: Unable to play unknown soundEvent: minecraft:step.cloth
[13:19:15] [Client thread/WARN]: Unable to play unknown soundEvent: minecraft:dig.cloth
[13:19:15] [Client thread/WARN]: Unable to play unknown soundEvent: minecraft:step.cloth
[13:19:16] [Client thread/WARN]: Unable to play unknown soundEvent: minecraft:step.cloth
[13:19:16] [Client thread/WARN]: Unable to play unknown soundEvent: minecraft:step.cloth
[13:19:17] [Client thread/WARN]: Unable to play unknown soundEvent: minecraft:step.cloth
[13:19:17] [Client thread/WARN]: Unable to play unknown soundEvent: minecraft:dig.cloth
[13:19:17] [Client thread/WARN]: Unable to play unknown soundEvent: minecraft:step.cloth
[13:19:18] [Client thread/WARN]: Unable to play unknown soundEvent: minecraft:step.cloth
[13:19:18] [Client thread/WARN]: Unable to play unknown soundEvent: minecraft:dig.cloth
[13:19:18] [Client thread/WARN]: Unable to play unknown soundEvent: minecraft:step.cloth
[13:19:18] [Client thread/WARN]: Unable to play unknown soundEvent: minecraft:step.cloth
[13:19:19] [Client thread/WARN]: Unable to play unknown soundEvent: minecraft:dig.cloth
[13:19:19] [Client thread/WARN]: Unable to play unknown soundEvent: minecraft:step.cloth
[13:19:19] [Client thread/WARN]: Unable to play unknown soundEvent: minecraft:step.cloth
[13:19:19] [Client thread/WARN]: Unable to play unknown soundEvent: minecraft:dig.cloth
[13:19:20] [Client thread/WARN]: Unable to play unknown soundEvent: minecraft:step.cloth
[13:19:20] [Client thread/WARN]: Unable to play unknown soundEvent: minecraft:dig.cloth
[13:19:20] [Client thread/WARN]: Unable to play unknown soundEvent: minecraft:step.cloth
[13:19:20] [Client thread/WARN]: Unable to play unknown soundEvent: minecraft:dig.cloth
[13:19:21] [Client thread/WARN]: Unable to play unknown soundEvent: minecraft:step.cloth
[13:19:21] [Client thread/WARN]: Unable to play unknown soundEvent: minecraft:step.cloth
[13:19:21] [Client thread/WARN]: Unable to play unknown soundEvent: minecraft:dig.cloth
[13:19:21] [Client thread/WARN]: Unable to play unknown soundEvent: minecraft:step.cloth
[13:19:22] [Client thread/WARN]: Unable to play unknown soundEvent: minecraft:dig.cloth
[13:19:22] [Client thread/WARN]: Unable to play unknown soundEvent: minecraft:step.cloth
[13:19:22] [Client thread/WARN]: Unable to play unknown soundEvent: minecraft:step.cloth
[13:19:22] [Client thread/WARN]: Unable to play unknown soundEvent: minecraft:dig.cloth
[13:19:23] [Client thread/WARN]: Unable to play unknown soundEvent: minecraft:step.cloth
[13:19:23] [Client thread/WARN]: Unable to play unknown soundEvent: minecraft:dig.cloth
[13:19:23] [Client thread/WARN]: Unable to play unknown soundEvent: minecraft:step.cloth
[13:19:24] [Client thread/WARN]: Unable to play unknown soundEvent: minecraft:step.cloth
[13:19:24] [Client thread/WARN]: Unable to play unknown soundEvent: minecraft:dig.cloth
[13:19:24] [Client thread/WARN]: Unable to play unknown soundEvent: minecraft:step.cloth
[13:19:24] [Client thread/WARN]: Unable to play unknown soundEvent: minecraft:step.cloth
[13:19:24] [Client thread/WARN]: Unable to play unknown soundEvent: minecraft:dig.cloth
[13:19:25] [Client thread/WARN]: Unable to play unknown soundEvent: minecraft:step.cloth
[13:19:25] [Client thread/WARN]: Unable to play unknown soundEvent: minecraft:dig.cloth
[13:19:25] [Client thread/WARN]: Unable to play unknown soundEvent: minecraft:step.cloth
[13:19:26] [Client thread/WARN]: Unable to play unknown soundEvent: minecraft:dig.cloth
[13:19:26] [Client thread/WARN]: Unable to play unknown soundEvent: minecraft:step.cloth
[13:19:26] [Client thread/WARN]: Unable to play unknown soundEvent: minecraft:step.cloth
[13:19:27] [Client thread/WARN]: Unable to play unknown soundEvent: minecraft:step.cloth
[13:19:27] [Client thread/WARN]: Unable to play unknown soundEvent: minecraft:step.cloth
[13:19:27] [Client thread/WARN]: Unable to play unknown soundEvent: minecraft:dig.cloth
[13:19:27] [Client thread/WARN]: Unable to play unknown soundEvent: minecraft:step.cloth
[13:19:28] [Client thread/WARN]: Unable to play unknown soundEvent: minecraft:dig.cloth
[13:19:28] [Client thread/WARN]: Unable to play unknown soundEvent: minecraft:step.cloth
[13:19:28] [Client thread/WARN]: Unable to play unknown soundEvent: minecraft:dig.cloth
[13:19:28] [Client thread/WARN]: Unable to play unknown soundEvent: minecraft:step.cloth
[13:19:32] [Client thread/WARN]: Unable to play unknown soundEvent: minecraft:step.cloth
[13:19:33] [Client thread/WARN]: Unable to play unknown soundEvent: minecraft:step.cloth
[13:19:34] [Client thread/WARN]: Unable to play unknown soundEvent: minecraft:dig.cloth
[13:19:35] [Client thread/WARN]: Unable to play unknown soundEvent: minecraft:dig.cloth
[13:19:35] [Client thread/WARN]: Unable to play unknown soundEvent: minecraft:dig.cloth
[13:19:36] [Client thread/WARN]: Unable to play unknown soundEvent: minecraft:step.cloth
[13:19:36] [Client thread/WARN]: Unable to play unknown soundEvent: minecraft:dig.cloth
[13:19:37] [Client thread/WARN]: Unable to play unknown soundEvent: minecraft:dig.cloth
[13:19:37] [Client thread/WARN]: Unable to play unknown soundEvent: minecraft:dig.cloth
[13:19:38] [Client thread/WARN]: Unable to play unknown soundEvent: minecraft:step.cloth
[13:19:39] [Client thread/WARN]: Unable to play unknown soundEvent: minecraft:dig.cloth
[13:19:40] [Client thread/WARN]: Unable to play unknown soundEvent: minecraft:step.cloth
[13:19:40] [Client thread/WARN]: Unable to play unknown soundEvent: minecraft:step.cloth
[13:19:41] [Client thread/WARN]: Unable to play unknown soundEvent: minecraft:step.cloth
[13:19:41] [Client thread/WARN]: Unable to play unknown soundEvent: minecraft:dig.cloth
[13:19:42] [Client thread/WARN]: Unable to play unknown soundEvent: minecraft:dig.cloth
[13:19:43] [Client thread/WARN]: Unable to play unknown soundEvent: minecraft:dig.cloth
[13:19:43] [Client thread/WARN]: Unable to play unknown soundEvent: minecraft:dig.cloth
[13:19:44] [Client thread/WARN]: Unable to play unknown soundEvent: minecraft:step.cloth
[13:19:44] [Client thread/WARN]: Unable to play unknown soundEvent: minecraft:step.cloth
[13:19:45] [Client thread/WARN]: Unable to play unknown soundEvent: minecraft:step.cloth
[13:19:45] [Client thread/WARN]: Unable to play unknown soundEvent: minecraft:dig.cloth
[13:19:47] [Client thread/WARN]: Unable to play unknown soundEvent: minecraft:step.cloth
[13:19:47] [Client thread/WARN]: Unable to play unknown soundEvent: minecraft:dig.cloth
[13:19:47] [Client thread/WARN]: Unable to play unknown soundEvent: minecraft:step.cloth
[13:19:51] [Client thread/WARN]: Unable to play unknown soundEvent: minecraft:step.cloth
[13:19:51] [Client thread/WARN]: Unable to play unknown soundEvent: minecraft:step.cloth
[13:19:51] [Client thread/WARN]: Unable to play unknown soundEvent: minecraft:step.cloth
[13:19:52] [Client thread/WARN]: Unable to play unknown soundEvent: minecraft:step.cloth
[13:19:52] [Client thread/WARN]: Unable to play unknown soundEvent: minecraft:dig.cloth
[13:19:52] [Client thread/WARN]: Unable to play unknown soundEvent: minecraft:step.cloth
[13:19:53] [Client thread/WARN]: Unable to play unknown soundEvent: minecraft:step.cloth
[13:19:53] [Client thread/WARN]: Unable to play unknown soundEvent: minecraft:dig.cloth
[13:19:54] [Client thread/WARN]: Unable to play unknown soundEvent: minecraft:step.cloth
[13:19:54] [Client thread/WARN]: Unable to play unknown soundEvent: minecraft:dig.cloth
[13:19:54] [Client thread/WARN]: Unable to play unknown soundEvent: minecraft:step.cloth
[13:19:54] [Client thread/WARN]: Unable to play unknown soundEvent: minecraft:dig.cloth
[13:19:55] [Client thread/WARN]: Unable to play unknown soundEvent: minecraft:step.cloth
[13:19:55] [Client thread/WARN]: Unable to play unknown soundEvent: minecraft:step.cloth
[13:19:56] [Client thread/WARN]: Unable to play unknown soundEvent: minecraft:dig.cloth
[13:19:56] [Client thread/WARN]: Unable to play unknown soundEvent: minecraft:dig.cloth
[13:19:57] [Client thread/WARN]: Unable to play unknown soundEvent: minecraft:step.cloth
[13:19:57] [Client thread/WARN]: Unable to play unknown soundEvent: minecraft:dig.cloth
[13:19:57] [Client thread/WARN]: Unable to play unknown soundEvent: minecraft:dig.cloth
[13:19:57] [Client thread/WARN]: Unable to play unknown soundEvent: minecraft:dig.cloth
[13:19:58] [Client thread/WARN]: Unable to play unknown soundEvent: minecraft:dig.cloth
[13:19:58] [Client thread/WARN]: Unable to play unknown soundEvent: minecraft:dig.cloth
[13:19:59] [Client thread/WARN]: Unable to play unknown soundEvent: minecraft:step.cloth
[13:19:59] [Client thread/WARN]: Unable to play unknown soundEvent: minecraft:step.cloth
[13:20:00] [Client thread/WARN]: Unable to play unknown soundEvent: minecraft:step.cloth
[13:20:04] [Client thread/WARN]: Unable to play unknown soundEvent: minecraft:step.cloth
[13:20:05] [Client thread/WARN]: Unable to play unknown soundEvent: minecraft:dig.cloth
[13:20:09] [Client thread/WARN]: Unable to play unknown soundEvent: minecraft:step.cloth
[13:20:10] [Client thread/WARN]: Unable to play unknown soundEvent: minecraft:step.cloth
[13:20:11] [Client thread/WARN]: Unable to play unknown soundEvent: minecraft:step.cloth
[13:20:11] [Client thread/WARN]: Unable to play unknown soundEvent: minecraft:dig.cloth
[13:20:11] [Client thread/WARN]: Unable to play unknown soundEvent: minecraft:step.cloth
[13:20:11] [Client thread/WARN]: Unable to play unknown soundEvent: minecraft:dig.cloth
[13:20:11] [Client thread/WARN]: Unable to play unknown soundEvent: minecraft:step.cloth
[13:20:12] [Client thread/WARN]: Unable to play unknown soundEvent: minecraft:dig.cloth
[13:20:12] [Client thread/WARN]: Unable to play unknown soundEvent: minecraft:step.cloth
[13:20:12] [Client thread/WARN]: Unable to play unknown soundEvent: minecraft:dig.cloth
[13:20:12] [Client thread/WARN]: Unable to play unknown soundEvent: minecraft:step.cloth
[13:20:13] [Client thread/WARN]: Unable to play unknown soundEvent: minecraft:dig.cloth
[13:20:13] [Client thread/WARN]: Unable to play unknown soundEvent: minecraft:step.cloth
[13:20:13] [Client thread/WARN]: Unable to play unknown soundEvent: minecraft:dig.cloth
[13:20:13] [Client thread/WARN]: Unable to play unknown soundEvent: minecraft:step.cloth
[13:20:13] [Client thread/WARN]: Unable to play unknown soundEvent: minecraft:step.cloth
[13:20:14] [Client thread/WARN]: Unable to play unknown soundEvent: minecraft:dig.cloth
[13:20:14] [Client thread/WARN]: Unable to play unknown soundEvent: minecraft:step.cloth
[13:20:14] [Client thread/WARN]: Unable to play unknown soundEvent: minecraft:dig.cloth
[13:20:14] [Client thread/WARN]: Unable to play unknown soundEvent: minecraft:step.cloth
[13:20:14] [Client thread/WARN]: Unable to play unknown soundEvent: minecraft:dig.cloth
[13:20:15] [Client thread/WARN]: Unable to play unknown soundEvent: minecraft:step.cloth
[13:20:15] [Client thread/WARN]: Unable to play unknown soundEvent: minecraft:dig.cloth
[13:20:15] [Client thread/WARN]: Unable to play unknown soundEvent: minecraft:dig.cloth
[13:20:15] [Client thread/WARN]: Unable to play unknown soundEvent: minecraft:dig.cloth
[13:20:15] [Client thread/WARN]: Unable to play unknown soundEvent: minecraft:dig.cloth
[13:20:15] [Client thread/WARN]: Unable to play unknown soundEvent: minecraft:dig.cloth
[13:20:15] [Client thread/WARN]: Unable to play unknown soundEvent: minecraft:dig.cloth
[13:20:15] [Client thread/WARN]: Unable to play unknown soundEvent: minecraft:dig.cloth
[13:20:16] [Client thread/WARN]: Unable to play unknown soundEvent: minecraft:dig.cloth
[13:20:16] [Client thread/WARN]: Unable to play unknown soundEvent: minecraft:dig.cloth
[13:20:16] [Client thread/WARN]: Unable to play unknown soundEvent: minecraft:dig.cloth
[13:20:16] [Client thread/WARN]: Unable to play unknown soundEvent: minecraft:dig.cloth
[13:20:16] [Client thread/WARN]: Unable to play unknown soundEvent: minecraft:dig.cloth
[13:20:16] [Client thread/WARN]: Unable to play unknown soundEvent: minecraft:dig.cloth
[13:20:16] [Client thread/WARN]: Unable to play unknown soundEvent: minecraft:dig.cloth
[13:20:16] [Client thread/WARN]: Unable to play unknown soundEvent: minecraft:dig.cloth
[13:20:16] [Client thread/WARN]: Unable to play unknown soundEvent: minecraft:dig.cloth
[13:20:16] [Client thread/WARN]: Unable to play unknown soundEvent: minecraft:dig.cloth
[13:20:16] [Client thread/WARN]: Unable to play unknown soundEvent: minecraft:dig.cloth
[13:20:16] [Client thread/WARN]: Unable to play unknown soundEvent: minecraft:dig.cloth
[13:20:16] [Client thread/WARN]: Unable to play unknown soundEvent: minecraft:dig.cloth
[13:20:17] [Client thread/WARN]: Unable to play unknown soundEvent: minecraft:dig.cloth
[13:20:17] [Client thread/WARN]: Unable to play unknown soundEvent: minecraft:dig.cloth
[13:20:17] [Client thread/WARN]: Unable to play unknown soundEvent: minecraft:dig.cloth
[13:20:17] [Client thread/WARN]: Unable to play unknown soundEvent: minecraft:dig.cloth
[13:20:17] [Client thread/WARN]: Unable to play unknown soundEvent: minecraft:dig.cloth
[13:20:17] [Client thread/WARN]: Unable to play unknown soundEvent: minecraft:dig.cloth
[13:20:17] [Client thread/WARN]: Unable to play unknown soundEvent: minecraft:dig.cloth
[13:20:17] [Client thread/WARN]: Unable to play unknown soundEvent: minecraft:dig.cloth
[13:20:17] [Client thread/WARN]: Unable to play unknown soundEvent: minecraft:dig.cloth
[13:20:17] [Client thread/WARN]: Unable to play unknown soundEvent: minecraft:dig.cloth
[13:20:17] [Client thread/WARN]: Unable to play unknown soundEvent: minecraft:dig.cloth
[13:20:17] [Client thread/WARN]: Unable to play unknown soundEvent: minecraft:dig.cloth
[13:20:17] [Client thread/WARN]: Unable to play unknown soundEvent: minecraft:dig.cloth
[13:20:18] [Client thread/WARN]: Unable to play unknown soundEvent: minecraft:dig.cloth
[13:20:18] [Client thread/WARN]: Unable to play unknown soundEvent: minecraft:dig.cloth
[13:20:18] [Client thread/WARN]: Unable to play unknown soundEvent: minecraft:dig.cloth
[13:20:18] [Client thread/WARN]: Unable to play unknown soundEvent: minecraft:dig.cloth
[13:20:18] [Client thread/WARN]: Unable to play unknown soundEvent: minecraft:dig.cloth
[13:20:18] [Client thread/WARN]: Unable to play unknown soundEvent: minecraft:dig.cloth
[13:20:18] [Client thread/WARN]: Unable to play unknown soundEvent: minecraft:dig.cloth
[13:20:18] [Client thread/WARN]: Unable to play unknown soundEvent: minecraft:dig.cloth
[13:20:18] [Client thread/WARN]: Unable to play unknown soundEvent: minecraft:dig.cloth
[13:20:18] [Client thread/WARN]: Unable to play unknown soundEvent: minecraft:dig.cloth
[13:20:18] [Client thread/WARN]: Unable to play unknown soundEvent: minecraft:dig.cloth
[13:20:18] [Client thread/WARN]: Unable to play unknown soundEvent: minecraft:dig.cloth
[13:20:18] [Client thread/WARN]: Unable to play unknown soundEvent: minecraft:dig.cloth
[13:20:18] [Client thread/WARN]: Unable to play unknown soundEvent: minecraft:dig.cloth
[13:20:19] [Client thread/WARN]: Unable to play unknown soundEvent: minecraft:dig.cloth
[13:20:19] [Client thread/WARN]: Unable to play unknown soundEvent: minecraft:dig.cloth
[13:20:19] [Client thread/WARN]: Unable to play unknown soundEvent: minecraft:dig.cloth
[13:20:19] [Client thread/WARN]: Unable to play unknown soundEvent: minecraft:dig.cloth
[13:20:19] [Client thread/WARN]: Unable to play unknown soundEvent: minecraft:dig.cloth
[13:20:20] [Client thread/WARN]: Unable to play unknown soundEvent: minecraft:step.cloth
[13:20:20] [Client thread/WARN]: Unable to play unknown soundEvent: minecraft:dig.cloth
[13:20:20] [Client thread/WARN]: Unable to play unknown soundEvent: minecraft:dig.cloth
[13:20:20] [Client thread/WARN]: Unable to play unknown soundEvent: minecraft:dig.cloth
[13:20:20] [Client thread/WARN]: Unable to play unknown soundEvent: minecraft:dig.cloth
[13:20:20] [Client thread/WARN]: Unable to play unknown soundEvent: minecraft:dig.cloth
[13:20:20] [Client thread/WARN]: Unable to play unknown soundEvent: minecraft:dig.cloth
[13:20:20] [Client thread/WARN]: Unable to play unknown soundEvent: minecraft:dig.cloth
[13:20:20] [Client thread/WARN]: Unable to play unknown soundEvent: minecraft:dig.cloth
[13:20:20] [Client thread/WARN]: Unable to play unknown soundEvent: minecraft:dig.cloth
[13:20:20] [Client thread/WARN]: Unable to play unknown soundEvent: minecraft:dig.cloth
[13:20:21] [Client thread/WARN]: Unable to play unknown soundEvent: minecraft:dig.cloth
[13:20:21] [Client thread/WARN]: Unable to play unknown soundEvent: minecraft:dig.cloth
[13:20:21] [Client thread/WARN]: Unable to play unknown soundEvent: minecraft:dig.cloth
[13:20:21] [Client thread/WARN]: Unable to play unknown soundEvent: minecraft:dig.cloth
[13:20:21] [Client thread/WARN]: Unable to play unknown soundEvent: minecraft:dig.cloth
[13:20:21] [Client thread/WARN]: Unable to play unknown soundEvent: minecraft:dig.cloth
[13:20:21] [Client thread/WARN]: Unable to play unknown soundEvent: minecraft:dig.cloth
[13:20:21] [Client thread/WARN]: Unable to play unknown soundEvent: minecraft:dig.cloth
[13:20:21] [Client thread/WARN]: Unable to play unknown soundEvent: minecraft:dig.cloth
[13:20:22] [Client thread/WARN]: Unable to play unknown soundEvent: minecraft:dig.cloth
[13:20:22] [Client thread/WARN]: Unable to play unknown soundEvent: minecraft:step.cloth
[13:20:22] [Client thread/WARN]: Unable to play unknown soundEvent: minecraft:dig.cloth
[13:20:22] [Client thread/WARN]: Unable to play unknown soundEvent: minecraft:dig.cloth
[13:20:22] [Client thread/WARN]: Unable to play unknown soundEvent: minecraft:step.cloth
[13:20:23] [Client thread/WARN]: Unable to play unknown soundEvent: minecraft:dig.cloth
[13:20:23] [Client thread/WARN]: Unable to play unknown soundEvent: minecraft:step.cloth
[13:20:23] [Client thread/WARN]: Unable to play unknown soundEvent: minecraft:dig.cloth
[13:20:23] [Client thread/WARN]: Unable to play unknown soundEvent: minecraft:dig.cloth
[13:20:23] [Client thread/WARN]: Unable to play unknown soundEvent: minecraft:step.cloth
[13:20:23] [Client thread/WARN]: Unable to play unknown soundEvent: minecraft:dig.cloth
[13:20:24] [Client thread/WARN]: Unable to play unknown soundEvent: minecraft:step.cloth
[13:20:24] [Client thread/WARN]: Unable to play unknown soundEvent: minecraft:dig.cloth
[13:20:24] [Client thread/WARN]: Unable to play unknown soundEvent: minecraft:dig.cloth
[13:20:24] [Client thread/WARN]: Unable to play unknown soundEvent: minecraft:step.cloth
[13:20:24] [Client thread/WARN]: Unable to play unknown soundEvent: minecraft:dig.cloth
[13:20:24] [Client thread/WARN]: Unable to play unknown soundEvent: minecraft:dig.cloth
[13:20:24] [Client thread/WARN]: Unable to play unknown soundEvent: minecraft:dig.cloth
[13:20:24] [Client thread/WARN]: Unable to play unknown soundEvent: minecraft:step.cloth
[13:20:25] [Client thread/WARN]: Unable to play unknown soundEvent: minecraft:dig.cloth
[13:20:25] [Client thread/WARN]: Unable to play unknown soundEvent: minecraft:dig.cloth
[13:20:25] [Client thread/WARN]: Unable to play unknown soundEvent: minecraft:step.cloth
[13:20:25] [Client thread/WARN]: Unable to play unknown soundEvent: minecraft:dig.cloth
[13:20:25] [Client thread/WARN]: Unable to play unknown soundEvent: minecraft:dig.cloth
[13:20:26] [Client thread/WARN]: Unable to play unknown soundEvent: minecraft:music.game.creative
[13:20:26] [Client thread/WARN]: Unable to play unknown soundEvent: minecraft:step.cloth
[13:20:26] [Client thread/WARN]: Unable to play unknown soundEvent: minecraft:dig.cloth
[13:20:26] [Client thread/WARN]: Unable to play unknown soundEvent: minecraft:dig.cloth
[13:20:26] [Client thread/WARN]: Unable to play unknown soundEvent: minecraft:step.cloth
[13:20:29] [Client thread/WARN]: Unable to play unknown soundEvent: minecraft:step.cloth
[13:20:30] [Client thread/WARN]: Unable to play unknown soundEvent: minecraft:step.cloth
[13:20:30] [Client thread/WARN]: Unable to play unknown soundEvent: minecraft:step.cloth
[13:20:31] [Client thread/WARN]: Unable to play unknown soundEvent: minecraft:step.cloth
[13:20:32] [Client thread/WARN]: Unable to play unknown soundEvent: minecraft:step.cloth
[13:20:32] [Client thread/WARN]: Unable to play unknown soundEvent: minecraft:step.cloth
[13:20:33] [Client thread/WARN]: Unable to play unknown soundEvent: minecraft:step.cloth
[13:20:33] [Client thread/WARN]: Unable to play unknown soundEvent: minecraft:step.cloth
[13:20:34] [Client thread/WARN]: Unable to play unknown soundEvent: minecraft:dig.cloth
[13:20:34] [Client thread/WARN]: Unable to play unknown soundEvent: minecraft:step.cloth
[13:20:34] [Client thread/WARN]: Unable to play unknown soundEvent: minecraft:dig.cloth
[13:20:34] [Client thread/WARN]: Unable to play unknown soundEvent: minecraft:dig.cloth
[13:20:34] [Client thread/WARN]: Unable to play unknown soundEvent: minecraft:dig.cloth
[13:20:34] [Client thread/WARN]: Unable to play unknown soundEvent: minecraft:dig.cloth
[13:20:34] [Client thread/WARN]: Unable to play unknown soundEvent: minecraft:dig.cloth
[13:20:35] [Client thread/WARN]: Unable to play unknown soundEvent: minecraft:dig.cloth
[13:20:35] [Client thread/WARN]: Unable to play unknown soundEvent: minecraft:dig.cloth
[13:20:35] [Client thread/WARN]: Unable to play unknown soundEvent: minecraft:dig.cloth
[13:20:35] [Client thread/WARN]: Unable to play unknown soundEvent: minecraft:dig.cloth
[13:20:35] [Client thread/WARN]: Unable to play unknown soundEvent: minecraft:step.cloth
[13:20:35] [Client thread/WARN]: Unable to play unknown soundEvent: minecraft:dig.cloth
[13:20:35] [Client thread/WARN]: Unable to play unknown soundEvent: minecraft:dig.cloth
[13:20:35] [Client thread/WARN]: Unable to play unknown soundEvent: minecraft:dig.cloth
[13:20:36] [Client thread/WARN]: Unable to play unknown soundEvent: minecraft:dig.cloth
[13:20:36] [Client thread/WARN]: Unable to play unknown soundEvent: minecraft:dig.cloth
[13:20:36] [Client thread/WARN]: Unable to play unknown soundEvent: minecraft:dig.cloth
[13:20:36] [Client thread/WARN]: Unable to play unknown soundEvent: minecraft:dig.cloth
[13:20:36] [Client thread/WARN]: Unable to play unknown soundEvent: minecraft:dig.cloth
[13:20:36] [Client thread/WARN]: Unable to play unknown soundEvent: minecraft:step.cloth
[13:20:36] [Client thread/WARN]: Unable to play unknown soundEvent: minecraft:dig.cloth
[13:20:36] [Client thread/WARN]: Unable to play unknown soundEvent: minecraft:dig.cloth
[13:20:36] [Client thread/WARN]: Unable to play unknown soundEvent: minecraft:dig.cloth
[13:20:37] [Client thread/WARN]: Unable to play unknown soundEvent: minecraft:dig.cloth
[13:20:37] [Client thread/WARN]: Unable to play unknown soundEvent: minecraft:dig.cloth
[13:20:37] [Client thread/WARN]: Unable to play unknown soundEvent: minecraft:dig.cloth
[13:20:37] [Client thread/WARN]: Unable to play unknown soundEvent: minecraft:dig.cloth
[13:20:37] [Client thread/WARN]: Unable to play unknown soundEvent: minecraft:dig.cloth
[13:20:37] [Client thread/WARN]: Unable to play unknown soundEvent: minecraft:dig.cloth
[13:20:37] [Client thread/WARN]: Unable to play unknown soundEvent: minecraft:step.cloth
[13:20:37] [Client thread/WARN]: Unable to play unknown soundEvent: minecraft:dig.cloth
[13:20:37] [Client thread/WARN]: Unable to play unknown soundEvent: minecraft:dig.cloth
[13:20:38] [Client thread/WARN]: Unable to play unknown soundEvent: minecraft:dig.cloth
[13:20:38] [Client thread/WARN]: Unable to play unknown soundEvent: minecraft:dig.cloth
[13:20:38] [Client thread/WARN]: Unable to play unknown soundEvent: minecraft:dig.cloth
[13:20:38] [Client thread/WARN]: Unable to play unknown soundEvent: minecraft:step.cloth
[13:20:38] [Client thread/WARN]: Unable to play unknown soundEvent: minecraft:dig.cloth
[13:20:38] [Client thread/WARN]: Unable to play unknown soundEvent: minecraft:dig.cloth
[13:20:38] [Client thread/WARN]: Unable to play unknown soundEvent: minecraft:dig.cloth
[13:20:38] [Client thread/WARN]: Unable to play unknown soundEvent: minecraft:dig.cloth
[13:20:38] [Client thread/WARN]: Unable to play unknown soundEvent: minecraft:dig.cloth
[13:20:38] [Client thread/WARN]: Unable to play unknown soundEvent: minecraft:step.cloth
[13:20:38] [Client thread/WARN]: Unable to play unknown soundEvent: minecraft:dig.cloth
[13:20:39] [Client thread/WARN]: Unable to play unknown soundEvent: minecraft:dig.cloth
[13:20:39] [Client thread/WARN]: Unable to play unknown soundEvent: minecraft:dig.cloth
[13:20:39] [Client thread/WARN]: Unable to play unknown soundEvent: minecraft:dig.cloth
[13:20:39] [Client thread/WARN]: Unable to play unknown soundEvent: minecraft:dig.cloth
[13:20:39] [Client thread/WARN]: Unable to play unknown soundEvent: minecraft:dig.cloth
[13:20:39] [Client thread/WARN]: Unable to play unknown soundEvent: minecraft:dig.cloth
[13:20:39] [Client thread/WARN]: Unable to play unknown soundEvent: minecraft:dig.cloth
[13:20:39] [Client thread/WARN]: Unable to play unknown soundEvent: minecraft:dig.cloth
[13:20:45] [Client thread/WARN]: Unable to play unknown soundEvent: minecraft:step.sand
[13:20:45] [Client thread/WARN]: Unable to play unknown soundEvent: minecraft:dig.cloth
[13:20:45] [Client thread/WARN]: Unable to play unknown soundEvent: minecraft:dig.cloth
[13:20:45] [Client thread/WARN]: Unable to play unknown soundEvent: minecraft:dig.cloth
[13:20:46] [Client thread/WARN]: Unable to play unknown soundEvent: minecraft:dig.cloth
[13:20:46] [Client thread/WARN]: Unable to play unknown soundEvent: minecraft:dig.cloth
[13:20:46] [Client thread/WARN]: Unable to play unknown soundEvent: minecraft:dig.cloth
[13:20:46] [Client thread/WARN]: Unable to play unknown soundEvent: minecraft:dig.cloth
[13:20:46] [Client thread/WARN]: Unable to play unknown soundEvent: minecraft:dig.cloth
[13:20:46] [Client thread/WARN]: Unable to play unknown soundEvent: minecraft:dig.cloth
[13:20:46] [Client thread/WARN]: Unable to play unknown soundEvent: minecraft:dig.cloth
[13:20:46] [Client thread/WARN]: Unable to play unknown soundEvent: minecraft:dig.cloth
[13:20:46] [Client thread/WARN]: Unable to play unknown soundEvent: minecraft:dig.cloth
[13:20:46] [Client thread/WARN]: Unable to play unknown soundEvent: minecraft:dig.cloth
[13:20:46] [Client thread/WARN]: Unable to play unknown soundEvent: minecraft:dig.cloth
[13:20:46] [Client thread/WARN]: Unable to play unknown soundEvent: minecraft:dig.cloth
[13:20:46] [Client thread/WARN]: Unable to play unknown soundEvent: minecraft:dig.cloth
[13:20:46] [Client thread/WARN]: Unable to play unknown soundEvent: minecraft:dig.cloth
[13:20:47] [Client thread/WARN]: Unable to play unknown soundEvent: minecraft:dig.cloth
[13:20:47] [Client thread/WARN]: Unable to play unknown soundEvent: minecraft:dig.cloth
[13:20:47] [Client thread/WARN]: Unable to play unknown soundEvent: minecraft:dig.cloth
[13:20:47] [Client thread/WARN]: Unable to play unknown soundEvent: minecraft:dig.cloth
[13:20:47] [Client thread/WARN]: Unable to play unknown soundEvent: minecraft:dig.cloth
[13:20:47] [Client thread/WARN]: Unable to play unknown soundEvent: minecraft:dig.cloth
[13:20:47] [Client thread/WARN]: Unable to play unknown soundEvent: minecraft:dig.cloth
[13:20:47] [Client thread/WARN]: Unable to play unknown soundEvent: minecraft:dig.cloth
[13:20:48] [Client thread/WARN]: Unable to play unknown soundEvent: minecraft:dig.cloth
[13:20:48] [Client thread/WARN]: Unable to play unknown soundEvent: minecraft:step.cloth
[13:20:48] [Client thread/WARN]: Unable to play unknown soundEvent: minecraft:dig.cloth
[13:20:48] [Client thread/WARN]: Unable to play unknown soundEvent: minecraft:dig.cloth
[13:20:48] [Client thread/WARN]: Unable to play unknown soundEvent: minecraft:dig.cloth
[13:20:48] [Client thread/WARN]: Unable to play unknown soundEvent: minecraft:dig.cloth
[13:20:48] [Client thread/WARN]: Unable to play unknown soundEvent: minecraft:dig.cloth
[13:20:49] [Client thread/WARN]: Unable to play unknown soundEvent: minecraft:dig.cloth
[13:20:49] [Client thread/WARN]: Unable to play unknown soundEvent: minecraft:dig.cloth
[13:20:49] [Client thread/WARN]: Unable to play unknown soundEvent: minecraft:dig.cloth
[13:20:49] [Client thread/WARN]: Unable to play unknown soundEvent: minecraft:dig.cloth
[13:20:49] [Client thread/WARN]: Unable to play unknown soundEvent: minecraft:dig.cloth
[13:20:49] [Client thread/WARN]: Unable to play unknown soundEvent: minecraft:dig.cloth
[13:20:50] [Client thread/WARN]: Unable to play unknown soundEvent: minecraft:dig.cloth
[13:20:50] [Client thread/WARN]: Unable to play unknown soundEvent: minecraft:step.cloth
[13:20:50] [Client thread/WARN]: Unable to play unknown soundEvent: minecraft:dig.cloth
[13:20:50] [Client thread/WARN]: Unable to play unknown soundEvent: minecraft:dig.cloth
[13:20:50] [Client thread/WARN]: Unable to play unknown soundEvent: minecraft:dig.cloth
[13:20:50] [Client thread/WARN]: Unable to play unknown soundEvent: minecraft:dig.cloth
[13:20:50] [Client thread/WARN]: Unable to play unknown soundEvent: minecraft:dig.cloth
[13:20:50] [Client thread/WARN]: Unable to play unknown soundEvent: minecraft:dig.cloth
[13:20:51] [Client thread/WARN]: Unable to play unknown soundEvent: minecraft:dig.cloth
[13:20:51] [Client thread/WARN]: Unable to play unknown soundEvent: minecraft:dig.cloth
[13:20:51] [Client thread/WARN]: Unable to play unknown soundEvent: minecraft:step.cloth
[13:20:51] [Client thread/WARN]: Unable to play unknown soundEvent: minecraft:dig.cloth
[13:20:51] [Client thread/WARN]: Unable to play unknown soundEvent: minecraft:dig.cloth
[13:20:51] [Client thread/WARN]: Unable to play unknown soundEvent: minecraft:dig.cloth
[13:20:51] [Client thread/WARN]: Unable to play unknown soundEvent: minecraft:dig.cloth
[13:20:51] [Client thread/WARN]: Unable to play unknown soundEvent: minecraft:dig.cloth
[13:20:52] [Client thread/WARN]: Unable to play unknown soundEvent: minecraft:dig.cloth
[13:20:52] [Client thread/WARN]: Unable to play unknown soundEvent: minecraft:dig.cloth
[13:20:52] [Client thread/WARN]: Unable to play unknown soundEvent: minecraft:step.cloth
[13:20:52] [Client thread/WARN]: Unable to play unknown soundEvent: minecraft:dig.cloth
[13:20:52] [Client thread/WARN]: Unable to play unknown soundEvent: minecraft:dig.cloth
[13:20:53] [Client thread/WARN]: Unable to play unknown soundEvent: minecraft:dig.cloth
[13:20:53] [Client thread/WARN]: Unable to play unknown soundEvent: minecraft:step.cloth
[13:20:53] [Client thread/WARN]: Unable to play unknown soundEvent: minecraft:dig.cloth
[13:20:53] [Client thread/WARN]: Unable to play unknown soundEvent: minecraft:dig.cloth
[13:20:53] [Client thread/WARN]: Unable to play unknown soundEvent: minecraft:dig.cloth
[13:20:53] [Client thread/WARN]: Unable to play unknown soundEvent: minecraft:dig.cloth
[13:20:53] [Client thread/WARN]: Unable to play unknown soundEvent: minecraft:dig.cloth
[13:20:53] [Client thread/WARN]: Unable to play unknown soundEvent: minecraft:dig.cloth
[13:20:54] [Client thread/WARN]: Unable to play unknown soundEvent: minecraft:dig.cloth
[13:20:54] [Client thread/WARN]: Unable to play unknown soundEvent: minecraft:dig.cloth
[13:20:54] [Client thread/WARN]: Unable to play unknown soundEvent: minecraft:step.cloth
[13:20:54] [Client thread/WARN]: Unable to play unknown soundEvent: minecraft:dig.cloth
[13:20:54] [Client thread/WARN]: Unable to play unknown soundEvent: minecraft:dig.cloth
[13:20:54] [Client thread/WARN]: Unable to play unknown soundEvent: minecraft:dig.cloth
[13:20:54] [Client thread/WARN]: Unable to play unknown soundEvent: minecraft:dig.cloth
[13:20:55] [Client thread/WARN]: Unable to play unknown soundEvent: minecraft:dig.cloth
[13:20:55] [Client thread/WARN]: Unable to play unknown soundEvent: minecraft:dig.cloth
[13:20:55] [Client thread/WARN]: Unable to play unknown soundEvent: minecraft:dig.cloth
[13:20:55] [Client thread/WARN]: Unable to play unknown soundEvent: minecraft:step.cloth
[13:20:55] [Client thread/WARN]: Unable to play unknown soundEvent: minecraft:dig.cloth
[13:20:55] [Client thread/WARN]: Unable to play unknown soundEvent: minecraft:dig.cloth
[13:20:55] [Client thread/WARN]: Unable to play unknown soundEvent: minecraft:dig.cloth
[13:20:56] [Client thread/WARN]: Unable to play unknown soundEvent: minecraft:dig.cloth
[13:20:56] [Client thread/WARN]: Unable to play unknown soundEvent: minecraft:dig.cloth
[13:20:56] [Client thread/WARN]: Unable to play unknown soundEvent: minecraft:dig.cloth
[13:20:56] [Client thread/WARN]: Unable to play unknown soundEvent: minecraft:dig.cloth
[13:20:56] [Client thread/WARN]: Unable to play unknown soundEvent: minecraft:step.cloth
[13:20:56] [Client thread/WARN]: Unable to play unknown soundEvent: minecraft:dig.cloth
[13:20:56] [Client thread/WARN]: Unable to play unknown soundEvent: minecraft:dig.cloth
[13:20:57] [Client thread/WARN]: Unable to play unknown soundEvent: minecraft:dig.cloth
[13:20:57] [Client thread/WARN]: Unable to play unknown soundEvent: minecraft:step.cloth
[13:20:57] [Client thread/WARN]: Unable to play unknown soundEvent: minecraft:dig.cloth
[13:20:57] [Client thread/WARN]: Unable to play unknown soundEvent: minecraft:dig.cloth
[13:20:57] [Client thread/WARN]: Unable to play unknown soundEvent: minecraft:dig.cloth
[13:20:57] [Client thread/WARN]: Unable to play unknown soundEvent: minecraft:dig.cloth
[13:20:57] [Client thread/WARN]: Unable to play unknown soundEvent: minecraft:dig.cloth
[13:20:57] [Client thread/WARN]: Unable to play unknown soundEvent: minecraft:dig.cloth
[13:20:57] [Client thread/WARN]: Unable to play unknown soundEvent: minecraft:dig.cloth
[13:20:58] [Client thread/WARN]: Unable to play unknown soundEvent: minecraft:dig.cloth
[13:20:58] [Client thread/WARN]: Unable to play unknown soundEvent: minecraft:step.cloth
[13:20:58] [Client thread/WARN]: Unable to play unknown soundEvent: minecraft:dig.cloth
[13:20:58] [Client thread/WARN]: Unable to play unknown soundEvent: minecraft:dig.cloth
[13:20:58] [Client thread/WARN]: Unable to play unknown soundEvent: minecraft:dig.cloth
[13:20:58] [Client thread/WARN]: Unable to play unknown soundEvent: minecraft:dig.cloth
[13:20:58] [Client thread/WARN]: Unable to play unknown soundEvent: minecraft:step.cloth
[13:20:58] [Client thread/WARN]: Unable to play unknown soundEvent: minecraft:dig.cloth
[13:20:59] [Client thread/WARN]: Unable to play unknown soundEvent: minecraft:dig.cloth
[13:20:59] [Client thread/WARN]: Unable to play unknown soundEvent: minecraft:dig.cloth
[13:20:59] [Client thread/WARN]: Unable to play unknown soundEvent: minecraft:step.cloth
[13:20:59] [Client thread/WARN]: Unable to play unknown soundEvent: minecraft:dig.cloth
[13:20:59] [Client thread/WARN]: Unable to play unknown soundEvent: minecraft:dig.cloth
[13:20:59] [Client thread/WARN]: Unable to play unknown soundEvent: minecraft:dig.cloth
[13:20:59] [Client thread/WARN]: Unable to play unknown soundEvent: minecraft:dig.cloth
[13:20:59] [Client thread/WARN]: Unable to play unknown soundEvent: minecraft:step.cloth
[13:20:59] [Client thread/WARN]: Unable to play unknown soundEvent: minecraft:dig.cloth
[13:21:00] [Client thread/WARN]: Unable to play unknown soundEvent: minecraft:dig.cloth
[13:21:00] [Client thread/WARN]: Unable to play unknown soundEvent: minecraft:dig.cloth
[13:21:00] [Client thread/WARN]: Unable to play unknown soundEvent: minecraft:dig.cloth
[13:21:00] [Client thread/WARN]: Unable to play unknown soundEvent: minecraft:dig.cloth
[13:21:00] [Client thread/WARN]: Unable to play unknown soundEvent: minecraft:dig.cloth
[13:21:00] [Client thread/WARN]: Unable to play unknown soundEvent: minecraft:dig.cloth
[13:21:00] [Client thread/WARN]: Unable to play unknown soundEvent: minecraft:dig.cloth
[13:21:00] [Client thread/WARN]: Unable to play unknown soundEvent: minecraft:step.cloth
[13:21:01] [Client thread/WARN]: Unable to play unknown soundEvent: minecraft:dig.cloth
[13:21:01] [Client thread/WARN]: Unable to play unknown soundEvent: minecraft:dig.cloth
[13:21:01] [Client thread/WARN]: Unable to play unknown soundEvent: minecraft:dig.cloth
[13:21:01] [Client thread/WARN]: Unable to play unknown soundEvent: minecraft:dig.cloth
[13:21:01] [Client thread/WARN]: Unable to play unknown soundEvent: minecraft:step.cloth
[13:21:01] [Client thread/WARN]: Unable to play unknown soundEvent: minecraft:dig.cloth
[13:21:01] [Client thread/WARN]: Unable to play unknown soundEvent: minecraft:dig.cloth
[13:21:01] [Client thread/WARN]: Unable to play unknown soundEvent: minecraft:dig.cloth
[13:21:01] [Client thread/WARN]: Unable to play unknown soundEvent: minecraft:dig.cloth
[13:21:02] [Client thread/WARN]: Unable to play unknown soundEvent: minecraft:dig.cloth
[13:21:02] [Client thread/WARN]: Unable to play unknown soundEvent: minecraft:dig.cloth
[13:21:02] [Client thread/WARN]: Unable to play unknown soundEvent: minecraft:dig.cloth
[13:21:02] [Client thread/WARN]: Unable to play unknown soundEvent: minecraft:dig.cloth
[13:21:02] [Client thread/WARN]: Unable to play unknown soundEvent: minecraft:dig.cloth
[13:21:02] [Client thread/WARN]: Unable to play unknown soundEvent: minecraft:dig.cloth
[13:21:02] [Client thread/WARN]: Unable to play unknown soundEvent: minecraft:dig.cloth
[13:21:02] [Client thread/WARN]: Unable to play unknown soundEvent: minecraft:dig.cloth
[13:21:02] [Client thread/WARN]: Unable to play unknown soundEvent: minecraft:dig.cloth
[13:21:02] [Client thread/WARN]: Unable to play unknown soundEvent: minecraft:dig.cloth
[13:21:02] [Client thread/WARN]: Unable to play unknown soundEvent: minecraft:dig.cloth
[13:21:02] [Client thread/WARN]: Unable to play unknown soundEvent: minecraft:dig.cloth
[13:21:02] [Client thread/WARN]: Unable to play unknown soundEvent: minecraft:dig.cloth
[13:21:02] [Client thread/WARN]: Unable to play unknown soundEvent: minecraft:dig.cloth
[13:21:03] [Client thread/WARN]: Unable to play unknown soundEvent: minecraft:dig.cloth
[13:21:03] [Client thread/WARN]: Unable to play unknown soundEvent: minecraft:dig.cloth
[13:21:03] [Client thread/WARN]: Unable to play unknown soundEvent: minecraft:dig.cloth
[13:21:03] [Client thread/WARN]: Unable to play unknown soundEvent: minecraft:dig.cloth
[13:21:03] [Client thread/WARN]: Unable to play unknown soundEvent: minecraft:step.cloth
[13:21:03] [Client thread/WARN]: Unable to play unknown soundEvent: minecraft:dig.cloth
[13:21:04] [Client thread/WARN]: Unable to play unknown soundEvent: minecraft:dig.cloth
[13:21:04] [Client thread/WARN]: Unable to play unknown soundEvent: minecraft:dig.cloth
[13:21:04] [Client thread/WARN]: Unable to play unknown soundEvent: minecraft:step.cloth
[13:21:04] [Client thread/WARN]: Unable to play unknown soundEvent: minecraft:dig.cloth
[13:21:04] [Client thread/WARN]: Unable to play unknown soundEvent: minecraft:dig.cloth
[13:21:04] [Client thread/WARN]: Unable to play unknown soundEvent: minecraft:dig.cloth
[13:21:04] [Client thread/WARN]: Unable to play unknown soundEvent: minecraft:dig.cloth
[13:21:04] [Client thread/WARN]: Unable to play unknown soundEvent: minecraft:dig.cloth
[13:21:04] [Client thread/WARN]: Unable to play unknown soundEvent: minecraft:dig.cloth
[13:21:04] [Client thread/WARN]: Unable to play unknown soundEvent: minecraft:dig.cloth
[13:21:05] [Client thread/WARN]: Unable to play unknown soundEvent: minecraft:dig.cloth
[13:21:05] [Client thread/WARN]: Unable to play unknown soundEvent: minecraft:dig.cloth
[13:21:05] [Client thread/WARN]: Unable to play unknown soundEvent: minecraft:dig.cloth
[13:21:05] [Client thread/WARN]: Unable to play unknown soundEvent: minecraft:dig.cloth
[13:21:05] [Client thread/WARN]: Unable to play unknown soundEvent: minecraft:dig.cloth
[13:21:05] [Client thread/WARN]: Unable to play unknown soundEvent: minecraft:dig.cloth
[13:21:05] [Client thread/WARN]: Unable to play unknown soundEvent: minecraft:step.cloth
[13:21:05] [Client thread/WARN]: Unable to play unknown soundEvent: minecraft:dig.cloth
[13:21:05] [Client thread/WARN]: Unable to play unknown soundEvent: minecraft:dig.cloth
[13:21:05] [Client thread/WARN]: Unable to play unknown soundEvent: minecraft:dig.cloth
[13:21:05] [Client thread/WARN]: Unable to play unknown soundEvent: minecraft:dig.cloth
[13:21:06] [Client thread/WARN]: Unable to play unknown soundEvent: minecraft:dig.cloth
[13:21:06] [Client thread/WARN]: Unable to play unknown soundEvent: minecraft:dig.cloth
[13:21:06] [Client thread/WARN]: Unable to play unknown soundEvent: minecraft:dig.cloth
[13:21:06] [Client thread/WARN]: Unable to play unknown soundEvent: minecraft:dig.cloth
[13:21:06] [Client thread/WARN]: Unable to play unknown soundEvent: minecraft:step.cloth
[13:21:06] [Client thread/WARN]: Unable to play unknown soundEvent: minecraft:dig.cloth
[13:21:06] [Client thread/WARN]: Unable to play unknown soundEvent: minecraft:dig.cloth
[13:21:07] [Client thread/WARN]: Unable to play unknown soundEvent: minecraft:dig.cloth
[13:21:07] [Client thread/WARN]: Unable to play unknown soundEvent: minecraft:dig.cloth
[13:21:07] [Client thread/WARN]: Unable to play unknown soundEvent: minecraft:step.cloth
[13:21:07] [Client thread/WARN]: Unable to play unknown soundEvent: minecraft:dig.cloth
[13:21:07] [Client thread/WARN]: Unable to play unknown soundEvent: minecraft:dig.cloth
[13:21:07] [Client thread/WARN]: Unable to play unknown soundEvent: minecraft:dig.cloth
[13:21:07] [Client thread/WARN]: Unable to play unknown soundEvent: minecraft:dig.cloth
[13:21:07] [Client thread/WARN]: Unable to play unknown soundEvent: minecraft:dig.cloth
[13:21:08] [Client thread/WARN]: Unable to play unknown soundEvent: minecraft:dig.cloth
[13:21:08] [Client thread/WARN]: Unable to play unknown soundEvent: minecraft:dig.cloth
[13:21:08] [Client thread/WARN]: Unable to play unknown soundEvent: minecraft:step.cloth
[13:21:08] [Client thread/WARN]: Unable to play unknown soundEvent: minecraft:dig.cloth
[13:21:08] [Client thread/WARN]: Unable to play unknown soundEvent: minecraft:dig.cloth
[13:21:08] [Client thread/WARN]: Unable to play unknown soundEvent: minecraft:dig.cloth
[13:21:08] [Client thread/WARN]: Unable to play unknown soundEvent: minecraft:dig.cloth
[13:21:09] [Client thread/WARN]: Unable to play unknown soundEvent: minecraft:dig.cloth
[13:21:09] [Client thread/WARN]: Unable to play unknown soundEvent: minecraft:dig.cloth
[13:21:09] [Client thread/WARN]: Unable to play unknown soundEvent: minecraft:dig.cloth
[13:21:09] [Client thread/WARN]: Unable to play unknown soundEvent: minecraft:step.cloth
[13:21:09] [Client thread/WARN]: Unable to play unknown soundEvent: minecraft:dig.cloth
[13:21:09] [Client thread/WARN]: Unable to play unknown soundEvent: minecraft:dig.cloth
[13:21:09] [Client thread/WARN]: Unable to play unknown soundEvent: minecraft:dig.cloth
[13:21:09] [Client thread/WARN]: Unable to play unknown soundEvent: minecraft:dig.cloth
[13:21:09] [Client thread/WARN]: Unable to play unknown soundEvent: minecraft:step.cloth
[13:21:10] [Client thread/WARN]: Unable to play unknown soundEvent: minecraft:dig.cloth
[13:21:10] [Client thread/WARN]: Unable to play unknown soundEvent: minecraft:dig.cloth
[13:21:10] [Client thread/WARN]: Unable to play unknown soundEvent: minecraft:dig.cloth
[13:21:10] [Client thread/WARN]: Unable to play unknown soundEvent: minecraft:dig.cloth
[13:21:10] [Client thread/WARN]: Unable to play unknown soundEvent: minecraft:dig.cloth
[13:21:10] [Client thread/WARN]: Unable to play unknown soundEvent: minecraft:dig.cloth
[13:21:10] [Client thread/WARN]: Unable to play unknown soundEvent: minecraft:dig.cloth
[13:21:11] [Client thread/WARN]: Unable to play unknown soundEvent: minecraft:step.cloth
[13:21:11] [Client thread/WARN]: Unable to play unknown soundEvent: minecraft:dig.cloth
[13:21:11] [Client thread/WARN]: Unable to play unknown soundEvent: minecraft:dig.cloth
[13:21:11] [Client thread/WARN]: Unable to play unknown soundEvent: minecraft:dig.cloth
[13:21:11] [Client thread/WARN]: Unable to play unknown soundEvent: minecraft:dig.cloth
[13:21:11] [Client thread/WARN]: Unable to play unknown soundEvent: minecraft:dig.cloth
[13:21:11] [Client thread/WARN]: Unable to play unknown soundEvent: minecraft:dig.cloth
[13:21:12] [Client thread/WARN]: Unable to play unknown soundEvent: minecraft:dig.cloth
[13:21:12] [Client thread/WARN]: Unable to play unknown soundEvent: minecraft:step.cloth
[13:21:12] [Client thread/WARN]: Unable to play unknown soundEvent: minecraft:dig.cloth
[13:21:12] [Client thread/WARN]: Unable to play unknown soundEvent: minecraft:dig.cloth
[13:21:12] [Client thread/WARN]: Unable to play unknown soundEvent: minecraft:dig.cloth
[13:21:12] [Client thread/WARN]: Unable to play unknown soundEvent: minecraft:dig.cloth
[13:21:12] [Client thread/WARN]: Unable to play unknown soundEvent: minecraft:step.cloth
[13:21:12] [Client thread/WARN]: Unable to play unknown soundEvent: minecraft:dig.cloth
[13:21:12] [Client thread/WARN]: Unable to play unknown soundEvent: minecraft:dig.cloth
[13:21:13] [Client thread/WARN]: Unable to play unknown soundEvent: minecraft:dig.cloth
[13:21:13] [Client thread/WARN]: Unable to play unknown soundEvent: minecraft:dig.cloth
[13:21:13] [Client thread/WARN]: Unable to play unknown soundEvent: minecraft:dig.cloth
[13:21:13] [Client thread/WARN]: Unable to play unknown soundEvent: minecraft:dig.cloth
[13:21:13] [Client thread/WARN]: Unable to play unknown soundEvent: minecraft:dig.cloth
[13:21:13] [Client thread/WARN]: Unable to play unknown soundEvent: minecraft:step.cloth
[13:21:13] [Client thread/WARN]: Unable to play unknown soundEvent: minecraft:dig.cloth
[13:21:14] [Client thread/WARN]: Unable to play unknown soundEvent: minecraft:dig.cloth
[13:21:14] [Client thread/WARN]: Unable to play unknown soundEvent: minecraft:dig.cloth
[13:21:14] [Client thread/WARN]: Unable to play unknown soundEvent: minecraft:dig.cloth
[13:21:14] [Client thread/WARN]: Unable to play unknown soundEvent: minecraft:step.cloth
[13:21:14] [Client thread/WARN]: Unable to play unknown soundEvent: minecraft:dig.cloth
[13:21:14] [Client thread/WARN]: Unable to play unknown soundEvent: minecraft:dig.cloth
[13:21:14] [Client thread/WARN]: Unable to play unknown soundEvent: minecraft:dig.cloth
[13:21:14] [Client thread/WARN]: Unable to play unknown soundEvent: minecraft:step.cloth
[13:21:14] [Client thread/WARN]: Unable to play unknown soundEvent: minecraft:dig.cloth
[13:21:15] [Client thread/WARN]: Unable to play unknown soundEvent: minecraft:dig.cloth
[13:21:15] [Client thread/WARN]: Unable to play unknown soundEvent: minecraft:dig.cloth
[13:21:15] [Client thread/WARN]: Unable to play unknown soundEvent: minecraft:dig.cloth
[13:21:15] [Client thread/WARN]: Unable to play unknown soundEvent: minecraft:step.cloth
[13:21:15] [Client thread/WARN]: Unable to play unknown soundEvent: minecraft:dig.cloth
[13:21:15] [Client thread/WARN]: Unable to play unknown soundEvent: minecraft:dig.cloth
[13:21:15] [Client thread/WARN]: Unable to play unknown soundEvent: minecraft:dig.cloth
[13:21:16] [Client thread/WARN]: Unable to play unknown soundEvent: minecraft:dig.cloth
[13:21:16] [Client thread/WARN]: Unable to play unknown soundEvent: minecraft:dig.cloth
[13:21:16] [Client thread/WARN]: Unable to play unknown soundEvent: minecraft:dig.cloth
[13:21:16] [Client thread/WARN]: Unable to play unknown soundEvent: minecraft:dig.cloth
[13:21:16] [Client thread/WARN]: Unable to play unknown soundEvent: minecraft:dig.cloth
[13:21:16] [Client thread/WARN]: Unable to play unknown soundEvent: minecraft:step.cloth
[13:21:16] [Client thread/WARN]: Unable to play unknown soundEvent: minecraft:dig.cloth
[13:21:16] [Client thread/WARN]: Unable to play unknown soundEvent: minecraft:dig.cloth
[13:21:16] [Client thread/WARN]: Unable to play unknown soundEvent: minecraft:dig.cloth
[13:21:17] [Client thread/WARN]: Unable to play unknown soundEvent: minecraft:dig.cloth
[13:21:17] [Client thread/WARN]: Unable to play unknown soundEvent: minecraft:step.cloth
[13:21:17] [Client thread/WARN]: Unable to play unknown soundEvent: minecraft:dig.cloth
[13:21:17] [Client thread/WARN]: Unable to play unknown soundEvent: minecraft:dig.cloth
[13:21:17] [Client thread/WARN]: Unable to play unknown soundEvent: minecraft:dig.cloth
[13:21:17] [Client thread/WARN]: Unable to play unknown soundEvent: minecraft:dig.cloth
[13:21:17] [Client thread/WARN]: Unable to play unknown soundEvent: minecraft:dig.cloth
[13:21:17] [Client thread/WARN]: Unable to play unknown soundEvent: minecraft:dig.cloth
[13:21:18] [Client thread/WARN]: Unable to play unknown soundEvent: minecraft:dig.cloth
[13:21:18] [Client thread/WARN]: Unable to play unknown soundEvent: minecraft:step.cloth
[13:21:21] [Client thread/WARN]: Unable to play unknown soundEvent: minecraft:dig.cloth
[13:21:21] [Client thread/WARN]: Unable to play unknown soundEvent: minecraft:dig.cloth
[13:21:21] [Client thread/WARN]: Unable to play unknown soundEvent: minecraft:dig.cloth
[13:21:21] [Client thread/WARN]: Unable to play unknown soundEvent: minecraft:dig.cloth
[13:21:21] [Client thread/WARN]: Unable to play unknown soundEvent: minecraft:dig.cloth
[13:21:21] [Client thread/WARN]: Unable to play unknown soundEvent: minecraft:dig.cloth
[13:21:22] [Client thread/WARN]: Unable to play unknown soundEvent: minecraft:dig.cloth
[13:21:22] [Client thread/WARN]: Unable to play unknown soundEvent: minecraft:dig.cloth
[13:21:22] [Client thread/WARN]: Unable to play unknown soundEvent: minecraft:dig.cloth
[13:21:22] [Client thread/WARN]: Unable to play unknown soundEvent: minecraft:dig.cloth
[13:21:22] [Client thread/WARN]: Unable to play unknown soundEvent: minecraft:dig.cloth
[13:21:22] [Client thread/WARN]: Unable to play unknown soundEvent: minecraft:dig.cloth
[13:21:22] [Client thread/WARN]: Unable to play unknown soundEvent: minecraft:dig.cloth
[13:21:22] [Client thread/WARN]: Unable to play unknown soundEvent: minecraft:dig.cloth
[13:21:22] [Client thread/WARN]: Unable to play unknown soundEvent: minecraft:dig.cloth
[13:21:22] [Client thread/WARN]: Unable to play unknown soundEvent: minecraft:dig.cloth
[13:21:22] [Client thread/WARN]: Unable to play unknown soundEvent: minecraft:dig.cloth
[13:21:22] [Client thread/WARN]: Unable to play unknown soundEvent: minecraft:dig.cloth
[13:21:22] [Client thread/WARN]: Unable to play unknown soundEvent: minecraft:dig.cloth
[13:21:23] [Client thread/WARN]: Unable to play unknown soundEvent: minecraft:dig.cloth
[13:21:23] [Client thread/WARN]: Unable to play unknown soundEvent: minecraft:dig.cloth
[13:21:23] [Client thread/WARN]: Unable to play unknown soundEvent: minecraft:dig.cloth
[13:21:23] [Client thread/WARN]: Unable to play unknown soundEvent: minecraft:dig.cloth
[13:21:23] [Client thread/WARN]: Unable to play unknown soundEvent: minecraft:dig.cloth
[13:21:23] [Client thread/WARN]: Unable to play unknown soundEvent: minecraft:dig.cloth
[13:21:23] [Client thread/WARN]: Unable to play unknown soundEvent: minecraft:dig.cloth
[13:21:23] [Client thread/WARN]: Unable to play unknown soundEvent: minecraft:dig.cloth
[13:21:23] [Client thread/WARN]: Unable to play unknown soundEvent: minecraft:dig.cloth
[13:21:23] [Client thread/WARN]: Unable to play unknown soundEvent: minecraft:dig.cloth
[13:21:23] [Client thread/WARN]: Unable to play unknown soundEvent: minecraft:dig.cloth
[13:21:23] [Client thread/WARN]: Unable to play unknown soundEvent: minecraft:dig.cloth
[13:21:23] [Client thread/WARN]: Unable to play unknown soundEvent: minecraft:dig.cloth
[13:21:23] [Client thread/WARN]: Unable to play unknown soundEvent: minecraft:dig.cloth
[13:21:24] [Client thread/WARN]: Unable to play unknown soundEvent: minecraft:dig.cloth
[13:21:24] [Client thread/WARN]: Unable to play unknown soundEvent: minecraft:dig.cloth
[13:21:24] [Client thread/WARN]: Unable to play unknown soundEvent: minecraft:dig.cloth
[13:21:24] [Client thread/WARN]: Unable to play unknown soundEvent: minecraft:dig.cloth
[13:21:24] [Client thread/WARN]: Unable to play unknown soundEvent: minecraft:dig.cloth
[13:21:24] [Client thread/WARN]: Unable to play unknown soundEvent: minecraft:dig.cloth
[13:21:24] [Client thread/WARN]: Unable to play unknown soundEvent: minecraft:dig.cloth
[13:21:24] [Client thread/WARN]: Unable to play unknown soundEvent: minecraft:dig.cloth
[13:21:24] [Client thread/WARN]: Unable to play unknown soundEvent: minecraft:dig.cloth
[13:21:24] [Client thread/WARN]: Unable to play unknown soundEvent: minecraft:dig.cloth
[13:21:24] [Client thread/WARN]: Unable to play unknown soundEvent: minecraft:dig.cloth
[13:21:24] [Client thread/WARN]: Unable to play unknown soundEvent: minecraft:dig.cloth
[13:21:24] [Client thread/WARN]: Unable to play unknown soundEvent: minecraft:dig.cloth
[13:21:25] [Client thread/WARN]: Unable to play unknown soundEvent: minecraft:dig.cloth
[13:21:25] [Client thread/WARN]: Unable to play unknown soundEvent: minecraft:dig.cloth
[13:21:25] [Client thread/WARN]: Unable to play unknown soundEvent: minecraft:dig.cloth
[13:21:25] [Client thread/WARN]: Unable to play unknown soundEvent: minecraft:dig.cloth
[13:21:25] [Client thread/WARN]: Unable to play unknown soundEvent: minecraft:dig.cloth
[13:21:25] [Client thread/WARN]: Unable to play unknown soundEvent: minecraft:step.cloth
[13:21:25] [Client thread/WARN]: Unable to play unknown soundEvent: minecraft:dig.cloth
[13:21:26] [Client thread/WARN]: Unable to play unknown soundEvent: minecraft:dig.cloth
[13:21:26] [Client thread/WARN]: Unable to play unknown soundEvent: minecraft:dig.cloth
[13:21:26] [Client thread/WARN]: Unable to play unknown soundEvent: minecraft:dig.cloth
[13:21:26] [Client thread/WARN]: Unable to play unknown soundEvent: minecraft:dig.cloth
[13:21:26] [Client thread/WARN]: Unable to play unknown soundEvent: minecraft:dig.cloth
[13:21:26] [Client thread/WARN]: Unable to play unknown soundEvent: minecraft:dig.cloth
[13:21:26] [Client thread/WARN]: Unable to play unknown soundEvent: minecraft:step.cloth
[13:21:27] [Client thread/WARN]: Unable to play unknown soundEvent: minecraft:dig.cloth
[13:21:27] [Client thread/WARN]: Unable to play unknown soundEvent: minecraft:dig.cloth
[13:21:27] [Client thread/WARN]: Unable to play unknown soundEvent: minecraft:dig.cloth
[13:21:27] [Client thread/WARN]: Unable to play unknown soundEvent: minecraft:dig.cloth
[13:21:27] [Client thread/WARN]: Unable to play unknown soundEvent: minecraft:dig.cloth
[13:21:27] [Client thread/WARN]: Unable to play unknown soundEvent: minecraft:dig.cloth
[13:21:27] [Client thread/WARN]: Unable to play unknown soundEvent: minecraft:dig.cloth
[13:21:27] [Client thread/WARN]: Unable to play unknown soundEvent: minecraft:dig.cloth
[13:21:28] [Client thread/WARN]: Unable to play unknown soundEvent: minecraft:step.cloth
[13:21:29] [Client thread/WARN]: Unable to play unknown soundEvent: minecraft:step.cloth
[13:21:29] [Client thread/WARN]: Unable to play unknown soundEvent: minecraft:step.cloth
[13:21:30] [Client thread/WARN]: Unable to play unknown soundEvent: minecraft:step.cloth
[13:21:30] [Client thread/WARN]: Unable to play unknown soundEvent: minecraft:step.cloth
[13:21:34] [Client thread/WARN]: Unable to play unknown soundEvent: minecraft:dig.cloth
[13:21:34] [Client thread/WARN]: Unable to play unknown soundEvent: minecraft:dig.cloth
[13:21:35] [Client thread/WARN]: Unable to play unknown soundEvent: minecraft:dig.cloth
[13:21:35] [Client thread/WARN]: Unable to play unknown soundEvent: minecraft:step.cloth
[13:21:35] [Client thread/WARN]: Unable to play unknown soundEvent: minecraft:dig.cloth
[13:21:35] [Client thread/WARN]: Unable to play unknown soundEvent: minecraft:dig.cloth
[13:21:35] [Client thread/WARN]: Unable to play unknown soundEvent: minecraft:dig.cloth
[13:21:35] [Client thread/WARN]: Unable to play unknown soundEvent: minecraft:dig.cloth
[13:21:35] [Client thread/WARN]: Unable to play unknown soundEvent: minecraft:step.cloth
[13:21:35] [Client thread/WARN]: Unable to play unknown soundEvent: minecraft:dig.cloth
[13:21:36] [Client thread/WARN]: Unable to play unknown soundEvent: minecraft:dig.cloth
[13:21:36] [Client thread/WARN]: Unable to play unknown soundEvent: minecraft:step.cloth
[13:21:36] [Client thread/WARN]: Unable to play unknown soundEvent: minecraft:dig.cloth
[13:21:36] [Client thread/WARN]: Unable to play unknown soundEvent: minecraft:dig.cloth
[13:21:36] [Client thread/WARN]: Unable to play unknown soundEvent: minecraft:dig.cloth
[13:21:36] [Client thread/WARN]: Unable to play unknown soundEvent: minecraft:dig.cloth
[13:21:36] [Client thread/WARN]: Unable to play unknown soundEvent: minecraft:step.cloth
[13:21:37] [Client thread/WARN]: Unable to play unknown soundEvent: minecraft:dig.cloth
[13:21:37] [Client thread/WARN]: Unable to play unknown soundEvent: minecraft:dig.cloth
[13:21:37] [Client thread/WARN]: Unable to play unknown soundEvent: minecraft:step.cloth
[13:21:37] [Client thread/WARN]: Unable to play unknown soundEvent: minecraft:dig.cloth
[13:21:37] [Client thread/WARN]: Unable to play unknown soundEvent: minecraft:dig.cloth
[13:21:37] [Client thread/WARN]: Unable to play unknown soundEvent: minecraft:dig.cloth
[13:21:37] [Client thread/WARN]: Unable to play unknown soundEvent: minecraft:dig.cloth
[13:21:37] [Client thread/WARN]: Unable to play unknown soundEvent: minecraft:step.cloth
[13:21:37] [Client thread/WARN]: Unable to play unknown soundEvent: minecraft:dig.cloth
[13:21:37] [Client thread/WARN]: Unable to play unknown soundEvent: minecraft:step.cloth
[13:21:37] [Client thread/WARN]: Unable to play unknown soundEvent: minecraft:dig.cloth
[13:21:37] [Client thread/WARN]: Unable to play unknown soundEvent: minecraft:dig.cloth
[13:21:38] [Client thread/WARN]: Unable to play unknown soundEvent: minecraft:dig.cloth
[13:21:38] [Client thread/WARN]: Unable to play unknown soundEvent: minecraft:step.cloth
[13:21:38] [Client thread/WARN]: Unable to play unknown soundEvent: minecraft:dig.cloth
[13:21:38] [Client thread/WARN]: Unable to play unknown soundEvent: minecraft:step.cloth
[13:21:38] [Client thread/WARN]: Unable to play unknown soundEvent: minecraft:dig.cloth
[13:21:38] [Client thread/WARN]: Unable to play unknown soundEvent: minecraft:dig.cloth
[13:21:38] [Client thread/WARN]: Unable to play unknown soundEvent: minecraft:step.cloth
[13:21:38] [Client thread/WARN]: Unable to play unknown soundEvent: minecraft:dig.cloth
[13:21:38] [Client thread/WARN]: Unable to play unknown soundEvent: minecraft:dig.cloth
[13:21:38] [Client thread/WARN]: Unable to play unknown soundEvent: minecraft:dig.cloth
[13:21:38] [Client thread/WARN]: Unable to play unknown soundEvent: minecraft:dig.cloth
[13:21:38] [Client thread/WARN]: Unable to play unknown soundEvent: minecraft:step.cloth
[13:21:38] [Client thread/WARN]: Unable to play unknown soundEvent: minecraft:step.cloth
[13:21:38] [Client thread/WARN]: Unable to play unknown soundEvent: minecraft:dig.cloth
[13:21:39] [Client thread/WARN]: Unable to play unknown soundEvent: minecraft:dig.cloth
[13:21:39] [Client thread/WARN]: Unable to play unknown soundEvent: minecraft:dig.cloth
[13:21:39] [Client thread/WARN]: Unable to play unknown soundEvent: minecraft:dig.cloth
[13:21:39] [Client thread/WARN]: Unable to play unknown soundEvent: minecraft:step.cloth
[13:21:39] [Client thread/WARN]: Unable to play unknown soundEvent: minecraft:dig.cloth
[13:21:39] [Client thread/WARN]: Unable to play unknown soundEvent: minecraft:step.cloth
[13:21:41] [Client thread/WARN]: Unable to play unknown soundEvent: minecraft:dig.cloth
[13:21:41] [Client thread/WARN]: Unable to play unknown soundEvent: minecraft:dig.cloth
[13:21:42] [Client thread/WARN]: Unable to play unknown soundEvent: minecraft:dig.cloth
[13:21:42] [Client thread/WARN]: Unable to play unknown soundEvent: minecraft:step.cloth
[13:21:42] [Client thread/WARN]: Unable to play unknown soundEvent: minecraft:dig.cloth
[13:21:42] [Client thread/WARN]: Unable to play unknown soundEvent: minecraft:step.cloth
[13:21:42] [Client thread/WARN]: Unable to play unknown soundEvent: minecraft:dig.cloth
[13:21:43] [Client thread/WARN]: Unable to play unknown soundEvent: minecraft:dig.cloth
[13:21:43] [Client thread/WARN]: Unable to play unknown soundEvent: minecraft:step.cloth
[13:21:43] [Client thread/WARN]: Unable to play unknown soundEvent: minecraft:dig.cloth
[13:21:44] [Client thread/WARN]: Unable to play unknown soundEvent: minecraft:dig.cloth
[13:21:44] [Client thread/WARN]: Unable to play unknown soundEvent: minecraft:step.cloth
[13:21:44] [Client thread/WARN]: Unable to play unknown soundEvent: minecraft:dig.cloth
[13:21:44] [Client thread/WARN]: Unable to play unknown soundEvent: minecraft:step.cloth
[13:21:44] [Client thread/WARN]: Unable to play unknown soundEvent: minecraft:dig.cloth
[13:21:45] [Client thread/WARN]: Unable to play unknown soundEvent: minecraft:dig.cloth
[13:21:45] [Client thread/WARN]: Unable to play unknown soundEvent: minecraft:step.cloth
[13:21:46] [Client thread/WARN]: Unable to play unknown soundEvent: minecraft:step.cloth
[13:21:47] [Client thread/WARN]: Unable to play unknown soundEvent: minecraft:step.cloth
[13:21:47] [Client thread/WARN]: Unable to play unknown soundEvent: minecraft:step.cloth
[13:21:48] [Client thread/WARN]: Unable to play unknown soundEvent: minecraft:step.cloth
[13:21:48] [Client thread/WARN]: Unable to play unknown soundEvent: minecraft:step.cloth
[13:21:52] [Client thread/WARN]: Unable to play unknown soundEvent: minecraft:step.sand
[13:21:53] [Client thread/WARN]: Unable to play unknown soundEvent: minecraft:mob.zombie.say
[13:21:54] [Client thread/WARN]: Unable to play unknown soundEvent: minecraft:dig.cloth
[13:21:54] [Client thread/WARN]: Unable to play unknown soundEvent: minecraft:dig.cloth
[13:21:54] [Client thread/WARN]: Unable to play unknown soundEvent: minecraft:dig.cloth
[13:21:54] [Client thread/WARN]: Unable to play unknown soundEvent: minecraft:dig.cloth
[13:21:54] [Client thread/WARN]: Unable to play unknown soundEvent: minecraft:dig.cloth
[13:21:54] [Client thread/WARN]: Unable to play unknown soundEvent: minecraft:dig.cloth
[13:21:54] [Client thread/WARN]: Unable to play unknown soundEvent: minecraft:dig.cloth
[13:21:54] [Client thread/WARN]: Unable to play unknown soundEvent: minecraft:dig.cloth
[13:21:54] [Client thread/WARN]: Unable to play unknown soundEvent: minecraft:dig.cloth
[13:21:54] [Client thread/WARN]: Unable to play unknown soundEvent: minecraft:dig.cloth
[13:21:54] [Client thread/WARN]: Unable to play unknown soundEvent: minecraft:dig.cloth
[13:21:54] [Client thread/WARN]: Unable to play unknown soundEvent: minecraft:dig.cloth
[13:21:55] [Client thread/WARN]: Unable to play unknown soundEvent: minecraft:dig.cloth
[13:21:55] [Client thread/WARN]: Unable to play unknown soundEvent: minecraft:dig.cloth
[13:21:55] [Client thread/WARN]: Unable to play unknown soundEvent: minecraft:dig.cloth
[13:21:55] [Client thread/WARN]: Unable to play unknown soundEvent: minecraft:dig.cloth
[13:21:55] [Client thread/WARN]: Unable to play unknown soundEvent: minecraft:dig.cloth
[13:21:55] [Client thread/WARN]: Unable to play unknown soundEvent: minecraft:dig.cloth
[13:21:55] [Client thread/WARN]: Unable to play unknown soundEvent: minecraft:dig.cloth
[13:21:55] [Client thread/WARN]: Unable to play unknown soundEvent: minecraft:dig.cloth
[13:21:55] [Client thread/WARN]: Unable to play unknown soundEvent: minecraft:dig.cloth
[13:21:55] [Client thread/WARN]: Unable to play unknown soundEvent: minecraft:dig.cloth
[13:21:55] [Client thread/WARN]: Unable to play unknown soundEvent: minecraft:dig.cloth
[13:21:55] [Client thread/WARN]: Unable to play unknown soundEvent: minecraft:dig.cloth
[13:21:55] [Client thread/WARN]: Unable to play unknown soundEvent: minecraft:dig.cloth
[13:21:55] [Client thread/WARN]: Unable to play unknown soundEvent: minecraft:dig.cloth
[13:21:55] [Client thread/WARN]: Unable to play unknown soundEvent: minecraft:dig.cloth
[13:21:56] [Client thread/WARN]: Unable to play unknown soundEvent: minecraft:dig.cloth
[13:21:57] [Client thread/WARN]: Unable to play unknown soundEvent: minecraft:step.cloth
[13:21:58] [Client thread/WARN]: Unable to play unknown soundEvent: minecraft:step.cloth
[13:22:00] [Client thread/WARN]: Unable to play unknown soundEvent: minecraft:dig.cloth
[13:22:00] [Client thread/WARN]: Unable to play unknown soundEvent: minecraft:dig.cloth
[13:22:00] [Client thread/WARN]: Unable to play unknown soundEvent: minecraft:dig.cloth
[13:22:00] [Client thread/WARN]: Unable to play unknown soundEvent: minecraft:dig.cloth
[13:22:00] [Client thread/WARN]: Unable to play unknown soundEvent: minecraft:dig.cloth
[13:22:00] [Client thread/WARN]: Unable to play unknown soundEvent: minecraft:dig.cloth
[13:22:00] [Client thread/WARN]: Unable to play unknown soundEvent: minecraft:dig.cloth
[13:22:00] [Client thread/WARN]: Unable to play unknown soundEvent: minecraft:dig.cloth
[13:22:03] [Client thread/WARN]: Unable to play unknown soundEvent: minecraft:dig.cloth
[13:22:03] [Client thread/WARN]: Unable to play unknown soundEvent: minecraft:dig.cloth
[13:22:03] [Client thread/WARN]: Unable to play unknown soundEvent: minecraft:dig.cloth
[13:22:03] [Client thread/WARN]: Unable to play unknown soundEvent: minecraft:dig.cloth
[13:22:03] [Client thread/WARN]: Unable to play unknown soundEvent: minecraft:dig.cloth
[13:22:03] [Client thread/WARN]: Unable to play unknown soundEvent: minecraft:dig.cloth
[13:22:03] [Client thread/WARN]: Unable to play unknown soundEvent: minecraft:dig.cloth
[13:22:04] [Client thread/WARN]: Unable to play unknown soundEvent: minecraft:dig.cloth
[13:22:04] [Client thread/WARN]: Unable to play unknown soundEvent: minecraft:dig.cloth
[13:22:04] [Client thread/WARN]: Unable to play unknown soundEvent: minecraft:dig.cloth
[13:22:04] [Client thread/WARN]: Unable to play unknown soundEvent: minecraft:dig.cloth
[13:22:04] [Client thread/WARN]: Unable to play unknown soundEvent: minecraft:dig.cloth
[13:22:04] [Client thread/WARN]: Unable to play unknown soundEvent: minecraft:dig.cloth
[13:22:04] [Client thread/WARN]: Unable to play unknown soundEvent: minecraft:dig.cloth
[13:22:04] [Client thread/WARN]: Unable to play unknown soundEvent: minecraft:dig.cloth
[13:22:04] [Client thread/WARN]: Unable to play unknown soundEvent: minecraft:dig.cloth
[13:22:04] [Client thread/WARN]: Unable to play unknown soundEvent: minecraft:dig.cloth
[13:22:04] [Client thread/WARN]: Unable to play unknown soundEvent: minecraft:dig.cloth
[13:22:04] [Client thread/WARN]: Unable to play unknown soundEvent: minecraft:dig.cloth
[13:22:05] [Client thread/WARN]: Unable to play unknown soundEvent: minecraft:dig.cloth
[13:22:05] [Client thread/WARN]: Unable to play unknown soundEvent: minecraft:dig.cloth
[13:22:18] [Client thread/WARN]: Unable to play unknown soundEvent: minecraft:dig.cloth
[13:22:18] [Client thread/WARN]: Unable to play unknown soundEvent: minecraft:dig.cloth
[13:22:18] [Client thread/WARN]: Unable to play unknown soundEvent: minecraft:dig.cloth
[13:22:18] [Client thread/WARN]: Unable to play unknown soundEvent: minecraft:dig.cloth
[13:22:20] [Client thread/WARN]: Unable to play unknown soundEvent: minecraft:dig.cloth
[13:22:20] [Client thread/WARN]: Unable to play unknown soundEvent: minecraft:dig.cloth
[13:22:23] [Client thread/WARN]: Unable to play unknown soundEvent: minecraft:step.sand
[13:22:23] [Client thread/WARN]: Unable to play unknown soundEvent: minecraft:dig.cloth
[13:22:23] [Client thread/WARN]: Unable to play unknown soundEvent: minecraft:dig.cloth
[13:22:23] [Client thread/WARN]: Unable to play unknown soundEvent: minecraft:dig.cloth
[13:22:23] [Client thread/WARN]: Unable to play unknown soundEvent: minecraft:dig.cloth
[13:22:23] [Client thread/WARN]: Unable to play unknown soundEvent: minecraft:dig.cloth
[13:22:23] [Client thread/WARN]: Unable to play unknown soundEvent: minecraft:dig.cloth
[13:22:23] [Client thread/WARN]: Unable to play unknown soundEvent: minecraft:dig.cloth
[13:22:24] [Client thread/WARN]: Unable to play unknown soundEvent: minecraft:music.game.creative
[13:22:24] [Client thread/WARN]: Unable to play unknown soundEvent: minecraft:dig.cloth
[13:22:24] [Client thread/WARN]: Unable to play unknown soundEvent: minecraft:step.grass
[13:22:24] [Client thread/WARN]: Unable to play unknown soundEvent: minecraft:dig.cloth
[13:22:24] [Client thread/WARN]: Unable to play unknown soundEvent: minecraft:dig.cloth
[13:22:24] [Client thread/WARN]: Unable to play unknown soundEvent: minecraft:step.sand
[13:22:24] [Client thread/WARN]: Unable to play unknown soundEvent: minecraft:step.sand
[13:22:24] [Client thread/WARN]: Unable to play unknown soundEvent: minecraft:step.sand
[13:22:24] [Client thread/WARN]: Unable to play unknown soundEvent: minecraft:step.sand
[13:22:24] [Client thread/WARN]: Unable to play unknown soundEvent: minecraft:dig.cloth
[13:22:24] [Client thread/WARN]: Unable to play unknown soundEvent: minecraft:mob.bat.takeoff
[13:22:24] [Client thread/WARN]: Unable to play unknown soundEvent: minecraft:mob.bat.takeoff
[13:22:24] [Client thread/WARN]: Unable to play unknown soundEvent: minecraft:dig.cloth
[13:22:24] [Client thread/WARN]: Unable to play unknown soundEvent: minecraft:dig.cloth
[13:22:24] [Client thread/WARN]: Unable to play unknown soundEvent: minecraft:dig.cloth
[13:22:25] [Client thread/WARN]: Unable to play unknown soundEvent: minecraft:game.player.swim.splash
[13:22:25] [Client thread/WARN]: Unable to play unknown soundEvent: minecraft:game.player.swim
[13:22:26] [Client thread/WARN]: Unable to play unknown soundEvent: minecraft:game.player.swim
[13:22:26] [Client thread/WARN]: Unable to play unknown soundEvent: minecraft:game.player.swim.splash
[13:22:27] [Client thread/WARN]: Unable to play unknown soundEvent: minecraft:game.player.swim
[13:22:27] [Client thread/WARN]: Unable to play unknown soundEvent: minecraft:step.sand
[13:22:27] [Client thread/WARN]: Unable to play unknown soundEvent: minecraft:step.sand
[13:22:27] [Client thread/WARN]: Unable to play unknown soundEvent: minecraft:dig.cloth
[13:22:28] [Client thread/WARN]: Unable to play unknown soundEvent: minecraft:step.sand
[13:22:28] [Client thread/WARN]: Unable to play unknown soundEvent: minecraft:step.sand
[13:22:28] [Client thread/WARN]: Unable to play unknown soundEvent: minecraft:step.sand
[13:22:29] [Client thread/WARN]: Unable to play unknown soundEvent: minecraft:step.sand
[13:22:29] [Client thread/WARN]: Unable to play unknown soundEvent: minecraft:step.sand
[13:22:29] [Client thread/WARN]: Unable to play unknown soundEvent: minecraft:step.sand
[13:22:29] [Client thread/WARN]: Unable to play unknown soundEvent: minecraft:mob.skeleton.say
[13:22:29] [Client thread/WARN]: Unable to play unknown soundEvent: minecraft:mob.bat.takeoff
[13:22:29] [Client thread/WARN]: Unable to play unknown soundEvent: minecraft:mob.zombie.say
[13:22:29] [Client thread/WARN]: Unable to play unknown soundEvent: minecraft:step.sand
[13:22:29] [Client thread/WARN]: Unable to play unknown soundEvent: minecraft:step.sand
[13:22:30] [Client thread/WARN]: Unable to play unknown soundEvent: minecraft:step.sand
[13:22:30] [Client thread/WARN]: Unable to play unknown soundEvent: minecraft:step.grass
[13:22:30] [Client thread/WARN]: Unable to play unknown soundEvent: minecraft:dig.cloth
[13:22:30] [Client thread/WARN]: Unable to play unknown soundEvent: minecraft:dig.cloth
[13:22:30] [Client thread/WARN]: Unable to play unknown soundEvent: minecraft:step.sand
[13:22:30] [Client thread/WARN]: Unable to play unknown soundEvent: minecraft:step.sand
[13:22:30] [Client thread/WARN]: Unable to play unknown soundEvent: minecraft:dig.cloth
[13:22:31] [Client thread/WARN]: Unable to play unknown soundEvent: minecraft:minecart.base
[13:22:31] [Client thread/WARN]: Unable to play unknown soundEvent: minecraft:step.sand
[13:22:31] [Client thread/WARN]: Unable to play unknown soundEvent: minecraft:step.sand
[13:22:31] [Client thread/WARN]: Unable to play unknown soundEvent: minecraft:dig.cloth
[13:22:31] [Client thread/WARN]: Unable to play unknown soundEvent: minecraft:dig.cloth
[13:22:31] [Client thread/WARN]: Unable to play unknown soundEvent: minecraft:dig.cloth
[13:22:31] [Client thread/WARN]: Unable to play unknown soundEvent: minecraft:dig.cloth
[13:22:31] [Client thread/WARN]: Unable to play unknown soundEvent: minecraft:dig.cloth
[13:22:31] [Client thread/WARN]: Unable to play unknown soundEvent: minecraft:dig.cloth
[13:22:32] [Client thread/WARN]: Unable to play unknown soundEvent: minecraft:dig.cloth
[13:22:32] [Client thread/WARN]: Unable to play unknown soundEvent: minecraft:dig.cloth
[13:22:32] [Client thread/WARN]: Unable to play unknown soundEvent: minecraft:dig.cloth
[13:22:33] [Client thread/WARN]: Unable to play unknown soundEvent: minecraft:mob.zombie.say
[13:22:33] [Client thread/WARN]: Unable to play unknown soundEvent: minecraft:step.sand
[13:22:33] [Client thread/WARN]: Unable to play unknown soundEvent: minecraft:dig.cloth
[13:22:33] [Client thread/WARN]: Unable to play unknown soundEvent: minecraft:dig.cloth
[13:22:34] [Client thread/WARN]: Unable to play unknown soundEvent: minecraft:step.sand
[13:22:34] [Client thread/WARN]: Unable to play unknown soundEvent: minecraft:step.sand
[13:22:34] [Client thread/WARN]: Unable to play unknown soundEvent: minecraft:step.sand
[13:22:34] [Client thread/WARN]: Unable to play unknown soundEvent: minecraft:dig.cloth
[13:22:34] [Client thread/WARN]: Unable to play unknown soundEvent: minecraft:step.sand
[13:22:34] [Client thread/WARN]: Unable to play unknown soundEvent: minecraft:step.sand
[13:22:34] [Client thread/WARN]: Unable to play unknown soundEvent: minecraft:step.sand
[13:22:34] [Client thread/WARN]: Unable to play unknown soundEvent: minecraft:step.sand
[13:22:35] [Client thread/WARN]: Unable to play unknown soundEvent: minecraft:step.sand
[13:22:35] [Client thread/WARN]: Unable to play unknown soundEvent: minecraft:step.sand
[13:22:35] [Client thread/WARN]: Unable to play unknown soundEvent: minecraft:minecart.base
[13:22:35] [Client thread/WARN]: Unable to play unknown soundEvent: minecraft:dig.cloth
[13:22:35] [Client thread/WARN]: Unable to play unknown soundEvent: minecraft:dig.cloth
[13:22:35] [Client thread/WARN]: Unable to play unknown soundEvent: minecraft:dig.cloth
[13:22:35] [Client thread/WARN]: Unable to play unknown soundEvent: minecraft:dig.cloth
[13:22:35] [Client thread/WARN]: Unable to play unknown soundEvent: minecraft:step.sand
[13:22:35] [Client thread/WARN]: Unable to play unknown soundEvent: minecraft:mob.bat.takeoff
[13:22:36] [Client thread/WARN]: Unable to play unknown soundEvent: minecraft:mob.spider.say
[13:22:36] [Client thread/WARN]: Unable to play unknown soundEvent: minecraft:mob.zombie.say
[13:22:36] [Client thread/WARN]: Unable to play unknown soundEvent: minecraft:mob.zombie.say
[13:22:36] [Client thread/WARN]: Unable to play unknown soundEvent: minecraft:dig.cloth
[13:22:36] [Client thread/WARN]: Unable to play unknown soundEvent: minecraft:dig.cloth
[13:22:36] [Client thread/WARN]: Unable to play unknown soundEvent: minecraft:dig.cloth
[13:22:36] [Client thread/WARN]: Unable to play unknown soundEvent: minecraft:dig.cloth
[13:22:36] [Client thread/WARN]: Unable to play unknown soundEvent: minecraft:dig.cloth
[13:22:36] [Client thread/WARN]: Unable to play unknown soundEvent: minecraft:dig.cloth
[13:22:36] [Client thread/WARN]: Unable to play unknown soundEvent: minecraft:dig.cloth
[13:22:36] [Client thread/WARN]: Unable to play unknown soundEvent: minecraft:dig.cloth
[13:22:36] [Client thread/WARN]: Unable to play unknown soundEvent: minecraft:dig.cloth
[13:22:36] [Client thread/WARN]: Unable to play unknown soundEvent: minecraft:dig.cloth
[13:22:36] [Client thread/WARN]: Unable to play unknown soundEvent: minecraft:dig.cloth
[13:22:36] [Client thread/WARN]: Unable to play unknown soundEvent: minecraft:dig.cloth
[13:22:36] [Client thread/WARN]: Unable to play unknown soundEvent: minecraft:dig.cloth
[13:22:36] [Client thread/WARN]: Unable to play unknown soundEvent: minecraft:dig.cloth
[13:22:36] [Client thread/WARN]: Unable to play unknown soundEvent: minecraft:dig.cloth
[13:22:36] [Client thread/WARN]: Unable to play unknown soundEvent: minecraft:dig.cloth
[13:22:37] [Client thread/WARN]: Unable to play unknown soundEvent: minecraft:dig.cloth
[13:22:37] [Client thread/WARN]: Unable to play unknown soundEvent: minecraft:dig.cloth
[13:22:37] [Client thread/WARN]: Unable to play unknown soundEvent: minecraft:minecart.base
[13:22:37] [Client thread/WARN]: Unable to play unknown soundEvent: minecraft:dig.cloth
[13:22:37] [Client thread/WARN]: Unable to play unknown soundEvent: minecraft:dig.cloth
[13:22:37] [Client thread/WARN]: Unable to play unknown soundEvent: minecraft:dig.cloth
[13:22:37] [Client thread/WARN]: Unable to play unknown soundEvent: minecraft:dig.cloth
[13:22:37] [Client thread/WARN]: Unable to play unknown soundEvent: minecraft:minecart.base
[13:22:37] [Client thread/WARN]: Unable to play unknown soundEvent: minecraft:minecart.base
[13:22:37] [Client thread/WARN]: Unable to play unknown soundEvent: minecraft:dig.cloth
[13:22:37] [Client thread/WARN]: Unable to play unknown soundEvent: minecraft:dig.cloth
[13:22:37] [Client thread/WARN]: Unable to play unknown soundEvent: minecraft:dig.cloth
[13:22:37] [Client thread/WARN]: Unable to play unknown soundEvent: minecraft:dig.cloth
[13:22:37] [Client thread/WARN]: Unable to play unknown soundEvent: minecraft:dig.cloth
[13:22:37] [Client thread/WARN]: Unable to play unknown soundEvent: minecraft:dig.cloth
[13:22:37] [Client thread/WARN]: Unable to play unknown soundEvent: minecraft:mob.spider.say
[13:22:37] [Client thread/WARN]: Unable to play unknown soundEvent: minecraft:dig.cloth
[13:22:37] [Client thread/WARN]: Unable to play unknown soundEvent: minecraft:dig.cloth
[13:22:37] [Client thread/WARN]: Unable to play unknown soundEvent: minecraft:dig.cloth
[13:22:37] [Client thread/WARN]: Unable to play unknown soundEvent: minecraft:dig.cloth
[13:22:37] [Client thread/WARN]: Unable to play unknown soundEvent: minecraft:dig.cloth
[13:22:38] [Client thread/WARN]: Unable to play unknown soundEvent: minecraft:dig.cloth
[13:22:38] [Client thread/WARN]: Unable to play unknown soundEvent: minecraft:dig.cloth
[13:22:38] [Client thread/WARN]: Unable to play unknown soundEvent: minecraft:dig.cloth
[13:22:38] [Client thread/WARN]: Unable to play unknown soundEvent: minecraft:dig.cloth
[13:22:38] [Client thread/WARN]: Unable to play unknown soundEvent: minecraft:mob.zombie.say
[13:22:38] [Client thread/WARN]: Unable to play unknown soundEvent: minecraft:dig.cloth
[13:22:38] [Client thread/WARN]: Unable to play unknown soundEvent: minecraft:dig.cloth
[13:22:38] [Client thread/WARN]: Unable to play unknown soundEvent: minecraft:dig.cloth
[13:22:38] [Client thread/WARN]: Unable to play unknown soundEvent: minecraft:dig.cloth
[13:22:38] [Client thread/WARN]: Unable to play unknown soundEvent: minecraft:dig.cloth
[13:22:38] [Client thread/WARN]: Unable to play unknown soundEvent: minecraft:dig.cloth
[13:22:38] [Client thread/WARN]: Unable to play unknown soundEvent: minecraft:dig.cloth
[13:22:38] [Client thread/WARN]: Unable to play unknown soundEvent: minecraft:dig.cloth
[13:22:38] [Client thread/WARN]: Unable to play unknown soundEvent: minecraft:dig.cloth
[13:22:38] [Client thread/WARN]: Unable to play unknown soundEvent: minecraft:dig.cloth
[13:22:38] [Client thread/WARN]: Unable to play unknown soundEvent: minecraft:dig.cloth
[13:22:38] [Client thread/WARN]: Unable to play unknown soundEvent: minecraft:dig.cloth
[13:22:38] [Client thread/WARN]: Unable to play unknown soundEvent: minecraft:dig.cloth
[13:22:38] [Client thread/WARN]: Unable to play unknown soundEvent: minecraft:dig.cloth
[13:22:38] [Client thread/WARN]: Unable to play unknown soundEvent: minecraft:dig.cloth
[13:22:39] [Client thread/WARN]: Unable to play unknown soundEvent: minecraft:dig.cloth
[13:22:39] [Client thread/WARN]: Unable to play unknown soundEvent: minecraft:dig.cloth
[13:22:39] [Client thread/WARN]: Unable to play unknown soundEvent: minecraft:dig.cloth
[13:22:39] [Client thread/WARN]: Unable to play unknown soundEvent: minecraft:dig.cloth
[13:22:39] [Client thread/WARN]: Unable to play unknown soundEvent: minecraft:dig.cloth
[13:22:39] [Client thread/WARN]: Unable to play unknown soundEvent: minecraft:dig.cloth
[13:22:39] [Client thread/WARN]: Unable to play unknown soundEvent: minecraft:dig.cloth
[13:22:39] [Client thread/WARN]: Unable to play unknown soundEvent: minecraft:dig.cloth
[13:22:39] [Client thread/WARN]: Unable to play unknown soundEvent: minecraft:dig.cloth
[13:22:39] [Client thread/WARN]: Unable to play unknown soundEvent: minecraft:dig.cloth
[13:22:39] [Client thread/WARN]: Unable to play unknown soundEvent: minecraft:dig.cloth
[13:22:39] [Client thread/WARN]: Unable to play unknown soundEvent: minecraft:dig.cloth
[13:22:40] [Client thread/WARN]: Unable to play unknown soundEvent: minecraft:dig.cloth
[13:22:40] [Client thread/WARN]: Unable to play unknown soundEvent: minecraft:dig.cloth
[13:22:40] [Client thread/WARN]: Unable to play unknown soundEvent: minecraft:dig.cloth
[13:22:40] [Client thread/WARN]: Unable to play unknown soundEvent: minecraft:dig.cloth
[13:22:40] [Client thread/WARN]: Unable to play unknown soundEvent: minecraft:dig.cloth
[13:22:40] [Client thread/WARN]: Unable to play unknown soundEvent: minecraft:dig.cloth
[13:22:40] [Client thread/WARN]: Unable to play unknown soundEvent: minecraft:dig.cloth
[13:22:40] [Client thread/WARN]: Unable to play unknown soundEvent: minecraft:dig.cloth
[13:22:40] [Client thread/WARN]: Unable to play unknown soundEvent: minecraft:dig.cloth
[13:22:40] [Client thread/WARN]: Unable to play unknown soundEvent: minecraft:dig.cloth
[13:22:40] [Client thread/WARN]: Unable to play unknown soundEvent: minecraft:dig.cloth
[13:22:40] [Client thread/WARN]: Unable to play unknown soundEvent: minecraft:dig.cloth
[13:22:40] [Client thread/WARN]: Unable to play unknown soundEvent: minecraft:dig.cloth
[13:22:40] [Client thread/WARN]: Unable to play unknown soundEvent: minecraft:dig.cloth
[13:22:41] [Client thread/WARN]: Unable to play unknown soundEvent: minecraft:dig.cloth
[13:22:41] [Client thread/WARN]: Unable to play unknown soundEvent: minecraft:dig.cloth
[13:22:41] [Client thread/WARN]: Unable to play unknown soundEvent: minecraft:dig.cloth
[13:22:41] [Client thread/WARN]: Unable to play unknown soundEvent: minecraft:dig.cloth
[13:22:41] [Client thread/WARN]: Unable to play unknown soundEvent: minecraft:dig.cloth
[13:22:41] [Client thread/WARN]: Unable to play unknown soundEvent: minecraft:game.player.swim.splash
[13:22:41] [Client thread/WARN]: Unable to play unknown soundEvent: minecraft:game.player.swim
[13:22:41] [Client thread/WARN]: Unable to play unknown soundEvent: minecraft:step.sand
[13:22:42] [Client thread/WARN]: Unable to play unknown soundEvent: minecraft:game.player.swim
[13:22:42] [Client thread/WARN]: Unable to play unknown soundEvent: minecraft:step.sand
[13:22:42] [Client thread/WARN]: Unable to play unknown soundEvent: minecraft:game.player.swim
[13:22:42] [Client thread/WARN]: Unable to play unknown soundEvent: minecraft:step.sand
[13:22:45] [Client thread/WARN]: Unable to play unknown soundEvent: minecraft:step.stone
[13:22:46] [Client thread/WARN]: Unable to play unknown soundEvent: minecraft:step.stone
[13:22:47] [Client thread/WARN]: Unable to play unknown soundEvent: minecraft:step.stone
[13:22:47] [Client thread/WARN]: Unable to play unknown soundEvent: minecraft:step.stone
[13:22:48] [Client thread/WARN]: Unable to play unknown soundEvent: minecraft:step.stone
[13:22:50] [Client thread/WARN]: Unable to play unknown soundEvent: minecraft:step.stone
[13:22:51] [Client thread/WARN]: Unable to play unknown soundEvent: minecraft:step.stone
[13:22:53] [Client thread/WARN]: Unable to play unknown soundEvent: minecraft:step.stone
[13:22:54] [Client thread/WARN]: Unable to play unknown soundEvent: minecraft:dig.stone
[13:22:55] [Client thread/WARN]: Unable to play unknown soundEvent: minecraft:dig.stone
[13:22:56] [Client thread/WARN]: Unable to play unknown soundEvent: minecraft:random.chestopen
[13:22:57] [Client thread/WARN]: Unable to play unknown soundEvent: minecraft:step.stone
[13:22:57] [Client thread/WARN]: Unable to play unknown soundEvent: minecraft:random.chestclosed
[13:22:57] [Client thread/WARN]: Unable to play unknown soundEvent: minecraft:dig.cloth
[13:22:58] [Client thread/WARN]: Unable to play unknown soundEvent: minecraft:step.stone
[13:22:58] [Client thread/WARN]: Unable to play unknown soundEvent: minecraft:dig.cloth
[13:22:59] [Client thread/WARN]: Unable to play unknown soundEvent: minecraft:random.chestopen
[13:22:59] [Client thread/WARN]: Unable to play unknown soundEvent: minecraft:random.chestclosed
[13:22:59] [Client thread/WARN]: Unable to play unknown soundEvent: minecraft:random.chestopen
[13:23:00] [Client thread/WARN]: Unable to play unknown soundEvent: minecraft:random.chestclosed
[13:23:00] [Client thread/WARN]: Unable to play unknown soundEvent: minecraft:step.stone
[13:23:01] [Client thread/WARN]: Unable to play unknown soundEvent: minecraft:random.chestopen
[13:23:01] [Client thread/WARN]: Unable to play unknown soundEvent: minecraft:random.chestclosed
[13:23:02] [Client thread/WARN]: Unable to play unknown soundEvent: minecraft:step.stone
[13:23:04] [Client thread/WARN]: Unable to play unknown soundEvent: minecraft:dig.stone
[13:23:04] [Client thread/WARN]: Unable to play unknown soundEvent: minecraft:game.tnt.primed
[13:23:04] [Client thread/WARN]: Unable to play unknown soundEvent: minecraft:dig.wood
[13:23:08] [Client thread/WARN]: Unable to play unknown soundEvent: minecraft:random.explode
[13:23:08] [Client thread/WARN]: Unable to play unknown soundEvent: minecraft:random.pop
[13:23:08] [Client thread/WARN]: Unable to play unknown soundEvent: minecraft:ambient.cave.cave
[13:23:09] [Client thread/WARN]: Unable to play unknown soundEvent: minecraft:random.pop
[13:23:09] [Client thread/WARN]: Unable to play unknown soundEvent: minecraft:random.explode
[13:23:09] [Client thread/WARN]: Unable to play unknown soundEvent: minecraft:random.explode
[13:23:09] [Client thread/WARN]: Unable to play unknown soundEvent: minecraft:random.explode
[13:23:09] [Client thread/WARN]: Unable to play unknown soundEvent: minecraft:random.explode
[13:23:09] [Client thread/WARN]: Unable to play unknown soundEvent: minecraft:random.explode
[13:23:09] [Client thread/WARN]: Unable to play unknown soundEvent: minecraft:random.explode
[13:23:09] [Client thread/WARN]: Unable to play unknown soundEvent: minecraft:random.explode
[13:23:09] [Client thread/WARN]: Unable to play unknown soundEvent: minecraft:random.explode
[13:23:10] [Client thread/WARN]: Unable to play unknown soundEvent: minecraft:random.pop
[13:23:10] [Client thread/WARN]: Unable to play unknown soundEvent: minecraft:random.pop
[13:23:10] [Client thread/WARN]: Unable to play unknown soundEvent: minecraft:random.pop
[13:23:12] [Client thread/WARN]: Unable to play unknown soundEvent: minecraft:dig.stone
[13:23:16] [Client thread/WARN]: Unable to play unknown soundEvent: minecraft:step.stone
[13:23:16] [Client thread/WARN]: Unable to play unknown soundEvent: minecraft:dig.stone
[13:23:17] [Client thread/WARN]: Unable to play unknown soundEvent: minecraft:dig.stone
[13:23:17] [Client thread/WARN]: Unable to play unknown soundEvent: minecraft:step.stone
[13:23:18] [Client thread/WARN]: Unable to play unknown soundEvent: minecraft:dig.stone
[13:23:19] [Client thread/WARN]: Unable to play unknown soundEvent: minecraft:dig.stone
[13:23:19] [Client thread/WARN]: Unable to play unknown soundEvent: minecraft:dig.stone
[13:23:19] [Client thread/WARN]: Unable to play unknown soundEvent: minecraft:step.stone
[13:23:20] [Client thread/WARN]: Unable to play unknown soundEvent: minecraft:dig.stone
[13:23:20] [Client thread/WARN]: Unable to play unknown soundEvent: minecraft:step.stone
[13:23:20] [Client thread/WARN]: Unable to play unknown soundEvent: minecraft:dig.stone
[13:23:21] [Client thread/WARN]: Unable to play unknown soundEvent: minecraft:step.stone
[13:23:22] [Client thread/WARN]: Unable to play unknown soundEvent: minecraft:step.stone
[13:23:22] [Client thread/WARN]: Unable to play unknown soundEvent: minecraft:mob.spider.step
[13:23:22] [Client thread/WARN]: Unable to play unknown soundEvent: minecraft:step.stone
[13:23:23] [Client thread/WARN]: Unable to play unknown soundEvent: minecraft:dig.stone
[13:23:25] [Client thread/WARN]: Unable to play unknown soundEvent: minecraft:mob.spider.say
[13:23:27] [Client thread/WARN]: Unable to play unknown soundEvent: minecraft:mob.zombie.hurt
[13:23:27] [Client thread/WARN]: Unable to play unknown soundEvent: minecraft:mob.zombie.step
[13:23:27] [Client thread/WARN]: Unable to play unknown soundEvent: minecraft:step.stone
[13:23:27] [Client thread/WARN]: Unable to play unknown soundEvent: minecraft:mob.zombie.hurt
[13:23:27] [Client thread/WARN]: Unable to play unknown soundEvent: minecraft:mob.zombie.step
[13:23:27] [Client thread/WARN]: Unable to play unknown soundEvent: minecraft:step.stone
[13:23:28] [Client thread/WARN]: Unable to play unknown soundEvent: minecraft:mob.zombie.step
[13:23:28] [Client thread/WARN]: Unable to play unknown soundEvent: minecraft:mob.zombie.hurt
[13:23:29] [Client thread/WARN]: Unable to play unknown soundEvent: minecraft:step.stone
[13:23:29] [Client thread/WARN]: Unable to play unknown soundEvent: minecraft:mob.zombie.step
[13:23:29] [Client thread/WARN]: Unable to play unknown soundEvent: minecraft:dig.stone
[13:23:29] [Client thread/WARN]: Unable to play unknown soundEvent: minecraft:mob.zombie.hurt
[13:23:30] [Client thread/WARN]: Unable to play unknown soundEvent: minecraft:dig.stone
[13:23:30] [Client thread/WARN]: Unable to play unknown soundEvent: minecraft:mob.zombie.step
[13:23:31] [Client thread/WARN]: Unable to play unknown soundEvent: minecraft:dig.stone
[13:23:31] [Client thread/WARN]: Unable to play unknown soundEvent: minecraft:dig.stone
[13:23:31] [Client thread/WARN]: Unable to play unknown soundEvent: minecraft:mob.zombie.hurt
[13:23:31] [Client thread/WARN]: Unable to play unknown soundEvent: minecraft:dig.stone
[13:23:31] [Client thread/WARN]: Unable to play unknown soundEvent: minecraft:mob.zombie.step
[13:23:31] [Client thread/WARN]: Unable to play unknown soundEvent: minecraft:dig.stone
[13:23:32] [Client thread/WARN]: Unable to play unknown soundEvent: minecraft:mob.zombie.hurt
[13:23:32] [Client thread/WARN]: Unable to play unknown soundEvent: minecraft:step.stone
[13:23:32] [Client thread/WARN]: Unable to play unknown soundEvent: minecraft:mob.zombie.step
[13:23:32] [Client thread/WARN]: Unable to play unknown soundEvent: minecraft:mob.zombie.say
[13:23:32] [Client thread/WARN]: Unable to play unknown soundEvent: minecraft:dig.stone
[13:23:33] [Client thread/WARN]: Unable to play unknown soundEvent: minecraft:dig.stone
[13:23:33] [Client thread/WARN]: Unable to play unknown soundEvent: minecraft:mob.zombie.step
[13:23:33] [Client thread/WARN]: Unable to play unknown soundEvent: minecraft:mob.zombie.hurt
[13:23:34] [Client thread/WARN]: Unable to play unknown soundEvent: minecraft:mob.zombie.step
[13:23:34] [Client thread/WARN]: Unable to play unknown soundEvent: minecraft:mob.zombie.hurt
[13:23:34] [Client thread/WARN]: Unable to play unknown soundEvent: minecraft:dig.stone
[13:23:34] [Client thread/WARN]: Unable to play unknown soundEvent: minecraft:dig.stone
[13:23:34] [Client thread/WARN]: Unable to play unknown soundEvent: minecraft:mob.zombie.step
[13:23:35] [Client thread/WARN]: Unable to play unknown soundEvent: minecraft:mob.zombie.hurt
[13:23:36] [Client thread/WARN]: Unable to play unknown soundEvent: minecraft:mob.zombie.step
[13:23:36] [Client thread/WARN]: Unable to play unknown soundEvent: minecraft:step.stone
[13:23:36] [Client thread/WARN]: Unable to play unknown soundEvent: minecraft:mob.zombie.hurt
[13:23:36] [Client thread/WARN]: Unable to play unknown soundEvent: minecraft:dig.stone
[13:23:36] [Client thread/WARN]: Unable to play unknown soundEvent: minecraft:mob.zombie.step
[13:23:37] [Client thread/WARN]: Unable to play unknown soundEvent: minecraft:dig.stone
[13:23:37] [Client thread/WARN]: Unable to play unknown soundEvent: minecraft:mob.zombie.hurt
[13:23:37] [Client thread/WARN]: Unable to play unknown soundEvent: minecraft:mob.zombie.step
[13:23:37] [Client thread/WARN]: Unable to play unknown soundEvent: minecraft:dig.stone
[13:23:37] [Client thread/WARN]: Unable to play unknown soundEvent: minecraft:mob.zombie.say
[13:23:37] [Client thread/WARN]: Unable to play unknown soundEvent: minecraft:dig.stone
[13:23:38] [Client thread/WARN]: Unable to play unknown soundEvent: minecraft:mob.zombie.step
[13:23:38] [Client thread/WARN]: Unable to play unknown soundEvent: minecraft:step.stone
[13:23:38] [Client thread/WARN]: Unable to play unknown soundEvent: minecraft:dig.stone
[13:23:38] [Client thread/WARN]: Unable to play unknown soundEvent: minecraft:mob.zombie.step
[13:23:39] [Client thread/WARN]: Unable to play unknown soundEvent: minecraft:dig.stone
[13:23:39] [Client thread/WARN]: Unable to play unknown soundEvent: minecraft:mob.zombie.step
[13:23:40] [Client thread/WARN]: Unable to play unknown soundEvent: minecraft:mob.zombie.step
[13:23:40] [Client thread/WARN]: Unable to play unknown soundEvent: minecraft:step.stone
[13:23:42] [Client thread/WARN]: Unable to play unknown soundEvent: minecraft:step.stone
[13:23:42] [Client thread/WARN]: Unable to play unknown soundEvent: minecraft:mob.zombie.say
[13:23:42] [Client thread/WARN]: Unable to play unknown soundEvent: minecraft:mob.zombie.step
[13:23:42] [Client thread/WARN]: Unable to play unknown soundEvent: minecraft:step.stone
[13:23:45] [Client thread/WARN]: Unable to play unknown soundEvent: minecraft:dig.stone
[13:23:45] [Client thread/WARN]: Unable to play unknown soundEvent: minecraft:mob.spider.step
[13:23:45] [Client thread/WARN]: Unable to play unknown soundEvent: minecraft:step.stone
[13:23:46] [Client thread/WARN]: Unable to play unknown soundEvent: minecraft:dig.stone
[13:23:47] [Client thread/WARN]: Unable to play unknown soundEvent: minecraft:dig.stone
[13:23:48] [Client thread/WARN]: Unable to play unknown soundEvent: minecraft:dig.stone
[13:23:49] [Client thread/WARN]: Unable to play unknown soundEvent: minecraft:mob.zombie.say
[13:23:49] [Client thread/WARN]: Unable to play unknown soundEvent: minecraft:step.stone
[13:23:50] [Client thread/WARN]: Unable to play unknown soundEvent: minecraft:step.stone
[13:23:50] [Client thread/WARN]: Unable to play unknown soundEvent: minecraft:dig.stone
[13:23:51] [Client thread/WARN]: Unable to play unknown soundEvent: minecraft:dig.stone
[13:23:51] [Client thread/WARN]: Unable to play unknown soundEvent: minecraft:dig.stone
[13:23:52] [Client thread/WARN]: Unable to play unknown soundEvent: minecraft:dig.stone
[13:23:52] [Client thread/WARN]: Unable to play unknown soundEvent: minecraft:dig.stone
[13:23:53] [Client thread/WARN]: Unable to play unknown soundEvent: minecraft:dig.stone
[13:23:53] [Client thread/WARN]: Unable to play unknown soundEvent: minecraft:dig.stone
[13:23:53] [Client thread/WARN]: Unable to play unknown soundEvent: minecraft:mob.zombie.say
[13:23:53] [Client thread/WARN]: Unable to play unknown soundEvent: minecraft:dig.stone
[13:23:55] [Client thread/WARN]: Unable to play unknown soundEvent: minecraft:mob.zombie.step
[13:23:56] [Client thread/WARN]: Unable to play unknown soundEvent: minecraft:mob.zombie.step
[13:23:57] [Client thread/WARN]: Unable to play unknown soundEvent: minecraft:mob.zombie.step
[13:23:57] [Client thread/WARN]: Unable to play unknown soundEvent: minecraft:dig.stone
[13:23:58] [Client thread/WARN]: Unable to play unknown soundEvent: minecraft:dig.stone
[13:23:58] [Client thread/WARN]: Unable to play unknown soundEvent: minecraft:mob.zombie.step
[13:23:59] [Client thread/WARN]: Unable to play unknown soundEvent: minecraft:dig.stone
[13:23:59] [Client thread/WARN]: Unable to play unknown soundEvent: minecraft:dig.stone
[13:23:59] [Client thread/WARN]: Unable to play unknown soundEvent: minecraft:mob.zombie.step
[13:24:00] [Client thread/WARN]: Unable to play unknown soundEvent: minecraft:dig.stone
[13:24:00] [Client thread/WARN]: Unable to play unknown soundEvent: minecraft:dig.stone
[13:24:01] [Client thread/WARN]: Unable to play unknown soundEvent: minecraft:dig.stone
[13:24:01] [Client thread/WARN]: Unable to play unknown soundEvent: minecraft:dig.stone
[13:24:01] [Client thread/WARN]: Unable to play unknown soundEvent: minecraft:mob.zombie.say
[13:24:01] [Client thread/WARN]: Unable to play unknown soundEvent: minecraft:dig.stone
[13:24:02] [Client thread/WARN]: Unable to play unknown soundEvent: minecraft:dig.stone
[13:24:06] [Client thread/WARN]: Unable to play unknown soundEvent: minecraft:dig.stone
[13:24:06] [Client thread/WARN]: Unable to play unknown soundEvent: minecraft:dig.stone
[13:24:06] [Client thread/WARN]: Unable to play unknown soundEvent: minecraft:music.game.creative
[13:24:06] [Client thread/WARN]: Unable to play unknown soundEvent: minecraft:dig.stone
[13:24:07] [Client thread/WARN]: Unable to play unknown soundEvent: minecraft:dig.stone
[13:24:07] [Client thread/WARN]: Unable to play unknown soundEvent: minecraft:mob.zombie.say
[13:24:07] [Client thread/WARN]: Unable to play unknown soundEvent: minecraft:dig.stone
[13:24:08] [Client thread/WARN]: Unable to play unknown soundEvent: minecraft:dig.stone
[13:24:09] [Client thread/WARN]: Unable to play unknown soundEvent: minecraft:dig.stone
[13:24:09] [Client thread/WARN]: Unable to play unknown soundEvent: minecraft:dig.stone
[13:24:09] [Client thread/WARN]: Unable to play unknown soundEvent: minecraft:step.stone
[13:24:10] [Client thread/WARN]: Unable to play unknown soundEvent: minecraft:dig.stone
[13:24:10] [Client thread/WARN]: Unable to play unknown soundEvent: minecraft:dig.stone
[13:24:14] [Client thread/WARN]: Unable to play unknown soundEvent: minecraft:mob.spider.step
[13:24:14] [Client thread/WARN]: Unable to play unknown soundEvent: minecraft:step.sand
[13:24:15] [Client thread/WARN]: Unable to play unknown soundEvent: minecraft:step.sand
[13:24:15] [Client thread/WARN]: Unable to play unknown soundEvent: minecraft:dig.stone
[13:24:15] [Client thread/WARN]: Unable to play unknown soundEvent: minecraft:dig.stone
[13:24:16] [Client thread/WARN]: Unable to play unknown soundEvent: minecraft:step.stone
[13:24:17] [Client thread/WARN]: Unable to play unknown soundEvent: minecraft:mob.spider.step
[13:24:18] [Client thread/WARN]: Unable to play unknown soundEvent: minecraft:random.bow
[13:24:18] [Client thread/WARN]: Unable to play unknown soundEvent: minecraft:random.bowhit
[13:24:18] [Client thread/WARN]: Unable to play unknown soundEvent: minecraft:mob.zombie.say
[13:24:18] [Client thread/WARN]: Unable to play unknown soundEvent: minecraft:step.stone
[13:24:19] [Client thread/WARN]: Unable to play unknown soundEvent: minecraft:mob.spider.say
[13:24:19] [Client thread/WARN]: Unable to play unknown soundEvent: minecraft:mob.zombie.step
[13:24:20] [Client thread/WARN]: Unable to play unknown soundEvent: minecraft:mob.zombie.step
[13:24:20] [Client thread/WARN]: Unable to play unknown soundEvent: minecraft:mob.spider.step
[13:24:20] [Client thread/WARN]: Unable to play unknown soundEvent: minecraft:mob.zombie.step
[13:24:21] [Client thread/WARN]: Unable to play unknown soundEvent: minecraft:mob.zombie.step
[13:24:23] [Client thread/WARN]: Unable to play unknown soundEvent: minecraft:mob.spider.step
[13:24:24] [Client thread/WARN]: Unable to play unknown soundEvent: minecraft:mob.zombie.say
[13:24:24] [Client thread/WARN]: Unable to play unknown soundEvent: minecraft:mob.spider.say
[13:24:26] [Client thread/WARN]: Unable to play unknown soundEvent: minecraft:mob.spider.step
[13:24:28] [Client thread/WARN]: Unable to play unknown soundEvent: minecraft:mob.spider.step
[13:24:29] [Client thread/WARN]: Unable to play unknown soundEvent: minecraft:mob.zombie.say
[13:24:30] [Client thread/WARN]: Unable to play unknown soundEvent: minecraft:mob.spider.say
[13:24:31] [Client thread/WARN]: Unable to play unknown soundEvent: minecraft:mob.spider.step
[13:24:34] [Client thread/WARN]: Unable to play unknown soundEvent: minecraft:mob.spider.step
[13:24:36] [Client thread/WARN]: Unable to play unknown soundEvent: minecraft:mob.zombie.say
[13:24:37] [Client thread/WARN]: Unable to play unknown soundEvent: minecraft:mob.spider.say
[13:24:37] [Client thread/WARN]: Unable to play unknown soundEvent: minecraft:mob.spider.step
[13:24:40] [Client thread/WARN]: Unable to play unknown soundEvent: minecraft:mob.spider.step
[13:24:43] [Client thread/WARN]: Unable to play unknown soundEvent: minecraft:mob.spider.step
[13:24:43] [Client thread/WARN]: Unable to play unknown soundEvent: minecraft:mob.zombie.say
[13:24:43] [Client thread/WARN]: Unable to play unknown soundEvent: minecraft:mob.spider.say
[13:24:46] [Client thread/WARN]: Unable to play unknown soundEvent: minecraft:mob.spider.step
[13:24:47] [Client thread/WARN]: Unable to play unknown soundEvent: minecraft:random.pop
[13:24:49] [Client thread/WARN]: Unable to play unknown soundEvent: minecraft:mob.spider.step
[13:24:50] [Client thread/WARN]: Unable to play unknown soundEvent: minecraft:step.sand
[13:24:51] [Client thread/WARN]: Unable to play unknown soundEvent: minecraft:random.bow
[13:24:51] [Client thread/WARN]: Unable to play unknown soundEvent: minecraft:random.bow
[13:24:51] [Client thread/WARN]: Unable to play unknown soundEvent: minecraft:random.bow
[13:24:51] [Client thread/WARN]: Unable to play unknown soundEvent: minecraft:mob.spider.say
[13:24:51] [Client thread/WARN]: Unable to play unknown soundEvent: minecraft:random.bow
[13:24:51] [Client thread/WARN]: Unable to play unknown soundEvent: minecraft:random.bow
[13:24:51] [Client thread/WARN]: Unable to play unknown soundEvent: minecraft:random.bowhit
[13:24:51] [Client thread/WARN]: Unable to play unknown soundEvent: minecraft:mob.spider.say
[13:24:51] [Client thread/WARN]: Unable to play unknown soundEvent: minecraft:random.bowhit
[13:24:51] [Client thread/WARN]: Unable to play unknown soundEvent: minecraft:random.bow
[13:24:51] [Client thread/WARN]: Unable to play unknown soundEvent: minecraft:random.bowhit
[13:24:51] [Client thread/WARN]: Unable to play unknown soundEvent: minecraft:random.bow
[13:24:51] [Client thread/WARN]: Unable to play unknown soundEvent: minecraft:random.bow
[13:24:51] [Client thread/WARN]: Unable to play unknown soundEvent: minecraft:random.bowhit
[13:24:51] [Client thread/WARN]: Unable to play unknown soundEvent: minecraft:random.bow
[13:24:51] [Client thread/WARN]: Unable to play unknown soundEvent: minecraft:random.bowhit
[13:24:51] [Client thread/WARN]: Unable to play unknown soundEvent: minecraft:random.bow
[13:24:51] [Client thread/WARN]: Unable to play unknown soundEvent: minecraft:random.bowhit
[13:24:51] [Client thread/WARN]: Unable to play unknown soundEvent: minecraft:random.bow
[13:24:51] [Client thread/WARN]: Unable to play unknown soundEvent: minecraft:random.bowhit
[13:24:51] [Client thread/WARN]: Unable to play unknown soundEvent: minecraft:random.bow
[13:24:51] [Client thread/WARN]: Unable to play unknown soundEvent: minecraft:random.bowhit
[13:24:51] [Client thread/WARN]: Unable to play unknown soundEvent: minecraft:random.bow
[13:24:51] [Client thread/WARN]: Unable to play unknown soundEvent: minecraft:random.bow
[13:24:51] [Client thread/WARN]: Unable to play unknown soundEvent: minecraft:mob.spider.step
[13:24:51] [Client thread/WARN]: Unable to play unknown soundEvent: minecraft:random.bow
[13:24:51] [Client thread/WARN]: Unable to play unknown soundEvent: minecraft:mob.spider.death
[13:24:51] [Client thread/WARN]: Unable to play unknown soundEvent: minecraft:random.bowhit
[13:24:51] [Client thread/WARN]: Unable to play unknown soundEvent: minecraft:random.bow
[13:24:52] [Client thread/WARN]: Unable to play unknown soundEvent: minecraft:random.bow
[13:24:52] [Client thread/WARN]: Unable to play unknown soundEvent: minecraft:random.bow
[13:24:52] [Client thread/WARN]: Unable to play unknown soundEvent: minecraft:random.bow
[13:24:52] [Client thread/WARN]: Unable to play unknown soundEvent: minecraft:random.bow
[13:24:52] [Client thread/WARN]: Unable to play unknown soundEvent: minecraft:random.bow
[13:24:52] [Client thread/WARN]: Unable to play unknown soundEvent: minecraft:random.bow
[13:24:52] [Client thread/WARN]: Unable to play unknown soundEvent: minecraft:random.bow
[13:24:52] [Client thread/WARN]: Unable to play unknown soundEvent: minecraft:random.bow
[13:24:52] [Client thread/WARN]: Unable to play unknown soundEvent: minecraft:random.bow
[13:24:52] [Client thread/WARN]: Unable to play unknown soundEvent: minecraft:mob.spider.step
[13:24:52] [Client thread/WARN]: Unable to play unknown soundEvent: minecraft:random.bowhit
[13:24:52] [Client thread/WARN]: Unable to play unknown soundEvent: minecraft:random.bow
[13:24:52] [Client thread/WARN]: Unable to play unknown soundEvent: minecraft:random.bowhit
[13:24:52] [Client thread/WARN]: Unable to play unknown soundEvent: minecraft:random.bow
[13:24:52] [Client thread/WARN]: Unable to play unknown soundEvent: minecraft:random.bowhit
[13:24:52] [Client thread/WARN]: Unable to play unknown soundEvent: minecraft:random.bow
[13:24:52] [Client thread/WARN]: Unable to play unknown soundEvent: minecraft:random.bowhit
[13:24:52] [Client thread/WARN]: Unable to play unknown soundEvent: minecraft:random.bow
[13:24:52] [Client thread/WARN]: Unable to play unknown soundEvent: minecraft:random.bowhit
[13:24:52] [Client thread/WARN]: Unable to play unknown soundEvent: minecraft:random.bow
[13:24:52] [Client thread/WARN]: Unable to play unknown soundEvent: minecraft:random.bowhit
[13:24:52] [Client thread/WARN]: Unable to play unknown soundEvent: minecraft:random.bow
[13:24:52] [Client thread/WARN]: Unable to play unknown soundEvent: minecraft:random.bowhit
[13:24:52] [Client thread/WARN]: Unable to play unknown soundEvent: minecraft:random.bowhit
[13:24:52] [Client thread/WARN]: Unable to play unknown soundEvent: minecraft:random.bow
[13:24:52] [Client thread/WARN]: Unable to play unknown soundEvent: minecraft:random.bowhit
[13:24:52] [Client thread/WARN]: Unable to play unknown soundEvent: minecraft:random.bowhit
[13:24:52] [Client thread/WARN]: Unable to play unknown soundEvent: minecraft:random.bow
[13:24:52] [Client thread/WARN]: Unable to play unknown soundEvent: minecraft:random.bowhit
[13:24:52] [Client thread/WARN]: Unable to play unknown soundEvent: minecraft:random.bowhit
[13:24:52] [Client thread/WARN]: Unable to play unknown soundEvent: minecraft:random.bow
[13:24:52] [Client thread/WARN]: Unable to play unknown soundEvent: minecraft:random.bowhit
[13:24:52] [Client thread/WARN]: Unable to play unknown soundEvent: minecraft:random.bow
[13:24:52] [Client thread/WARN]: Unable to play unknown soundEvent: minecraft:game.neutral.swim.splash
[13:24:52] [Client thread/WARN]: Unable to play unknown soundEvent: minecraft:random.bowhit
[13:24:52] [Client thread/WARN]: Unable to play unknown soundEvent: minecraft:random.bow
[13:24:52] [Client thread/WARN]: Unable to play unknown soundEvent: minecraft:random.bowhit
[13:24:52] [Client thread/WARN]: Unable to play unknown soundEvent: minecraft:game.neutral.swim.splash
[13:24:52] [Client thread/WARN]: Unable to play unknown soundEvent: minecraft:random.bowhit
[13:24:53] [Client thread/WARN]: Unable to play unknown soundEvent: minecraft:random.bow
[13:24:53] [Client thread/WARN]: Unable to play unknown soundEvent: minecraft:random.bowhit
[13:24:53] [Client thread/WARN]: Unable to play unknown soundEvent: minecraft:random.bowhit
[13:24:53] [Client thread/WARN]: Unable to play unknown soundEvent: minecraft:random.bow
[13:24:53] [Client thread/WARN]: Unable to play unknown soundEvent: minecraft:random.bowhit
[13:24:53] [Client thread/WARN]: Unable to play unknown soundEvent: minecraft:random.bow
[13:24:53] [Client thread/WARN]: Unable to play unknown soundEvent: minecraft:random.bowhit
[13:24:53] [Client thread/WARN]: Unable to play unknown soundEvent: minecraft:random.bow
[13:24:53] [Client thread/WARN]: Unable to play unknown soundEvent: minecraft:random.bowhit
[13:24:53] [Client thread/WARN]: Unable to play unknown soundEvent: minecraft:random.bow
[13:24:53] [Client thread/WARN]: Unable to play unknown soundEvent: minecraft:random.bowhit
[13:24:53] [Client thread/WARN]: Unable to play unknown soundEvent: minecraft:random.bow
[13:24:53] [Client thread/WARN]: Unable to play unknown soundEvent: minecraft:random.bowhit
[13:24:53] [Client thread/WARN]: Unable to play unknown soundEvent: minecraft:random.bow
[13:24:53] [Client thread/WARN]: Unable to play unknown soundEvent: minecraft:random.bowhit
[13:24:53] [Client thread/WARN]: Unable to play unknown soundEvent: minecraft:random.bow
[13:24:53] [Client thread/WARN]: Unable to play unknown soundEvent: minecraft:random.bowhit
[13:24:53] [Client thread/WARN]: Unable to play unknown soundEvent: minecraft:random.bow
[13:24:53] [Client thread/WARN]: Unable to play unknown soundEvent: minecraft:random.bowhit
[13:24:53] [Client thread/WARN]: Unable to play unknown soundEvent: minecraft:random.bow
[13:24:53] [Client thread/WARN]: Unable to play unknown soundEvent: minecraft:random.bowhit
[13:24:53] [Client thread/WARN]: Unable to play unknown soundEvent: minecraft:random.bow
[13:24:53] [Client thread/WARN]: Unable to play unknown soundEvent: minecraft:random.bowhit
[13:24:53] [Client thread/WARN]: Unable to play unknown soundEvent: minecraft:random.bow
[13:24:53] [Client thread/WARN]: Unable to play unknown soundEvent: minecraft:random.bowhit
[13:24:53] [Client thread/WARN]: Unable to play unknown soundEvent: minecraft:random.bow
[13:24:53] [Client thread/WARN]: Unable to play unknown soundEvent: minecraft:random.bowhit
[13:24:53] [Client thread/WARN]: Unable to play unknown soundEvent: minecraft:random.bow
[13:24:53] [Client thread/WARN]: Unable to play unknown soundEvent: minecraft:random.bowhit
[13:24:53] [Client thread/WARN]: Unable to play unknown soundEvent: minecraft:random.bow
[13:24:53] [Client thread/WARN]: Unable to play unknown soundEvent: minecraft:random.bowhit
[13:24:53] [Client thread/WARN]: Unable to play unknown soundEvent: minecraft:random.bow
[13:24:53] [Client thread/WARN]: Unable to play unknown soundEvent: minecraft:random.bowhit
[13:24:53] [Client thread/WARN]: Unable to play unknown soundEvent: minecraft:random.bow
[13:24:53] [Client thread/WARN]: Unable to play unknown soundEvent: minecraft:random.bowhit
[13:24:53] [Client thread/WARN]: Unable to play unknown soundEvent: minecraft:random.bow
[13:24:53] [Client thread/WARN]: Unable to play unknown soundEvent: minecraft:random.bowhit
[13:24:53] [Client thread/WARN]: Unable to play unknown soundEvent: minecraft:random.bow
[13:24:53] [Client thread/WARN]: Unable to play unknown soundEvent: minecraft:random.bowhit
[13:24:53] [Client thread/WARN]: Unable to play unknown soundEvent: minecraft:random.bow
[13:24:54] [Client thread/WARN]: Unable to play unknown soundEvent: minecraft:random.bow
[13:24:54] [Client thread/WARN]: Unable to play unknown soundEvent: minecraft:random.bowhit
[13:24:54] [Client thread/WARN]: Unable to play unknown soundEvent: minecraft:random.bow
[13:24:54] [Client thread/WARN]: Unable to play unknown soundEvent: minecraft:random.bowhit
[13:24:54] [Client thread/WARN]: Unable to play unknown soundEvent: minecraft:random.bow
[13:24:54] [Client thread/WARN]: Unable to play unknown soundEvent: minecraft:random.bowhit
[13:24:54] [Client thread/WARN]: Unable to play unknown soundEvent: minecraft:random.bow
[13:24:54] [Client thread/WARN]: Unable to play unknown soundEvent: minecraft:random.bowhit
[13:24:54] [Client thread/WARN]: Unable to play unknown soundEvent: minecraft:random.bow
[13:24:54] [Client thread/WARN]: Unable to play unknown soundEvent: minecraft:random.bowhit
[13:24:54] [Client thread/WARN]: Unable to play unknown soundEvent: minecraft:random.bow
[13:24:54] [Client thread/WARN]: Unable to play unknown soundEvent: minecraft:random.bowhit
[13:24:54] [Client thread/WARN]: Unable to play unknown soundEvent: minecraft:random.bow
[13:24:54] [Client thread/WARN]: Unable to play unknown soundEvent: minecraft:random.bowhit
[13:24:54] [Client thread/WARN]: Unable to play unknown soundEvent: minecraft:random.bow
[13:24:54] [Client thread/WARN]: Unable to play unknown soundEvent: minecraft:random.bowhit
[13:24:54] [Client thread/WARN]: Unable to play unknown soundEvent: minecraft:random.bow
[13:24:54] [Client thread/WARN]: Unable to play unknown soundEvent: minecraft:random.bowhit
[13:24:54] [Client thread/WARN]: Unable to play unknown soundEvent: minecraft:random.bow
[13:24:54] [Client thread/WARN]: Unable to play unknown soundEvent: minecraft:random.bowhit
[13:24:54] [Client thread/WARN]: Unable to play unknown soundEvent: minecraft:random.bow
[13:24:54] [Client thread/WARN]: Unable to play unknown soundEvent: minecraft:random.bowhit
[13:24:54] [Client thread/WARN]: Unable to play unknown soundEvent: minecraft:random.bow
[13:24:54] [Client thread/WARN]: Unable to play unknown soundEvent: minecraft:random.bowhit
[13:24:54] [Client thread/WARN]: Unable to play unknown soundEvent: minecraft:random.bow
[13:24:54] [Client thread/WARN]: Unable to play unknown soundEvent: minecraft:random.bowhit
[13:24:54] [Client thread/WARN]: Unable to play unknown soundEvent: minecraft:random.bow
[13:24:54] [Client thread/WARN]: Unable to play unknown soundEvent: minecraft:random.bow
[13:24:54] [Client thread/WARN]: Unable to play unknown soundEvent: minecraft:random.bowhit
[13:24:54] [Client thread/WARN]: Unable to play unknown soundEvent: minecraft:random.bow
[13:24:54] [Client thread/WARN]: Unable to play unknown soundEvent: minecraft:random.bowhit
[13:24:54] [Client thread/WARN]: Unable to play unknown soundEvent: minecraft:random.bow
[13:24:54] [Client thread/WARN]: Unable to play unknown soundEvent: minecraft:random.bow
[13:24:54] [Client thread/WARN]: Unable to play unknown soundEvent: minecraft:random.bow
[13:24:54] [Client thread/WARN]: Unable to play unknown soundEvent: minecraft:random.bow
[13:24:55] [Client thread/WARN]: Unable to play unknown soundEvent: minecraft:random.bow
[13:24:55] [Client thread/WARN]: Unable to play unknown soundEvent: minecraft:random.bow
[13:24:55] [Client thread/WARN]: Unable to play unknown soundEvent: minecraft:random.bow
[13:24:55] [Client thread/WARN]: Unable to play unknown soundEvent: minecraft:random.bow
[13:24:55] [Client thread/WARN]: Unable to play unknown soundEvent: minecraft:random.bow
[13:24:55] [Client thread/WARN]: Unable to play unknown soundEvent: minecraft:random.bow
[13:25:00] [Client thread/WARN]: Unable to play unknown soundEvent: minecraft:random.bow
[13:25:01] [Client thread/WARN]: Unable to play unknown soundEvent: minecraft:random.bow
[13:25:01] [Client thread/WARN]: Unable to play unknown soundEvent: minecraft:random.bow
[13:25:01] [Client thread/WARN]: Unable to play unknown soundEvent: minecraft:random.bow
[13:25:01] [Client thread/WARN]: Unable to play unknown soundEvent: minecraft:random.bow
[13:25:01] [Client thread/WARN]: Unable to play unknown soundEvent: minecraft:random.bow
[13:25:02] [Client thread/WARN]: Unable to play unknown soundEvent: minecraft:random.bow
[13:25:02] [Client thread/WARN]: Unable to play unknown soundEvent: minecraft:random.bow
[13:25:02] [Client thread/WARN]: Unable to play unknown soundEvent: minecraft:random.bow
[13:25:02] [Client thread/WARN]: Unable to play unknown soundEvent: minecraft:random.bow
[13:25:02] [Client thread/WARN]: Unable to play unknown soundEvent: minecraft:random.bow
[13:25:02] [Client thread/WARN]: Unable to play unknown soundEvent: minecraft:random.bow
[13:25:02] [Client thread/WARN]: Unable to play unknown soundEvent: minecraft:random.bow
[13:25:02] [Client thread/WARN]: Unable to play unknown soundEvent: minecraft:random.bow
[13:25:02] [Client thread/WARN]: Unable to play unknown soundEvent: minecraft:random.bow
[13:25:02] [Client thread/WARN]: Unable to play unknown soundEvent: minecraft:random.bow
[13:25:02] [Client thread/WARN]: Unable to play unknown soundEvent: minecraft:step.sand
[13:25:02] [Client thread/WARN]: Unable to play unknown soundEvent: minecraft:random.bow
[13:25:02] [Client thread/WARN]: Unable to play unknown soundEvent: minecraft:random.bow
[13:25:02] [Client thread/WARN]: Unable to play unknown soundEvent: minecraft:random.bow
[13:25:02] [Client thread/WARN]: Unable to play unknown soundEvent: minecraft:random.bow
[13:25:02] [Client thread/WARN]: Unable to play unknown soundEvent: minecraft:random.bow
[13:25:02] [Client thread/WARN]: Unable to play unknown soundEvent: minecraft:random.bow
[13:25:02] [Client thread/WARN]: Unable to play unknown soundEvent: minecraft:random.bow
[13:25:02] [Client thread/WARN]: Unable to play unknown soundEvent: minecraft:random.bow
[13:25:02] [Client thread/WARN]: Unable to play unknown soundEvent: minecraft:random.bow
[13:25:02] [Client thread/WARN]: Unable to play unknown soundEvent: minecraft:random.bow
[13:25:03] [Client thread/WARN]: Unable to play unknown soundEvent: minecraft:random.bow
[13:25:03] [Client thread/WARN]: Unable to play unknown soundEvent: minecraft:random.bow
[13:25:03] [Client thread/WARN]: Unable to play unknown soundEvent: minecraft:random.bow
[13:25:03] [Client thread/WARN]: Unable to play unknown soundEvent: minecraft:random.bow
[13:25:03] [Client thread/WARN]: Unable to play unknown soundEvent: minecraft:random.bow
[13:25:03] [Client thread/WARN]: Unable to play unknown soundEvent: minecraft:random.bow
[13:25:03] [Client thread/WARN]: Unable to play unknown soundEvent: minecraft:random.bow
[13:25:03] [Client thread/WARN]: Unable to play unknown soundEvent: minecraft:random.bow
[13:25:03] [Client thread/WARN]: Unable to play unknown soundEvent: minecraft:random.bow
[13:25:03] [Client thread/WARN]: Unable to play unknown soundEvent: minecraft:random.bow
[13:25:03] [Client thread/WARN]: Unable to play unknown soundEvent: minecraft:random.bow
[13:25:03] [Client thread/WARN]: Unable to play unknown soundEvent: minecraft:random.bow
[13:25:03] [Client thread/WARN]: Unable to play unknown soundEvent: minecraft:random.bow
[13:25:03] [Client thread/WARN]: Unable to play unknown soundEvent: minecraft:random.bow
[13:25:03] [Client thread/WARN]: Unable to play unknown soundEvent: minecraft:random.bow
[13:25:03] [Client thread/WARN]: Unable to play unknown soundEvent: minecraft:random.bow
[13:25:03] [Client thread/WARN]: Unable to play unknown soundEvent: minecraft:step.sand
[13:25:03] [Client thread/WARN]: Unable to play unknown soundEvent: minecraft:random.bow
[13:25:03] [Client thread/WARN]: Unable to play unknown soundEvent: minecraft:random.bow
[13:25:03] [Client thread/WARN]: Unable to play unknown soundEvent: minecraft:random.bow
[13:25:03] [Client thread/WARN]: Unable to play unknown soundEvent: minecraft:random.bow
[13:25:04] [Client thread/WARN]: Unable to play unknown soundEvent: minecraft:random.bow
[13:25:04] [Client thread/WARN]: Unable to play unknown soundEvent: minecraft:random.bow
[13:25:04] [Client thread/WARN]: Unable to play unknown soundEvent: minecraft:random.bow
[13:25:04] [Client thread/WARN]: Unable to play unknown soundEvent: minecraft:random.bow
[13:25:04] [Client thread/WARN]: Unable to play unknown soundEvent: minecraft:random.bow
[13:25:04] [Client thread/WARN]: Unable to play unknown soundEvent: minecraft:random.bow
[13:25:04] [Client thread/WARN]: Unable to play unknown soundEvent: minecraft:random.bow
[13:25:04] [Client thread/WARN]: Unable to play unknown soundEvent: minecraft:random.bow
[13:25:04] [Client thread/WARN]: Unable to play unknown soundEvent: minecraft:random.bow
[13:25:04] [Client thread/WARN]: Unable to play unknown soundEvent: minecraft:random.bow
[13:25:04] [Client thread/WARN]: Unable to play unknown soundEvent: minecraft:random.bow
[13:25:04] [Client thread/WARN]: Unable to play unknown soundEvent: minecraft:random.bow
[13:25:04] [Client thread/WARN]: Unable to play unknown soundEvent: minecraft:random.bow
[13:25:04] [Client thread/WARN]: Unable to play unknown soundEvent: minecraft:random.bow
[13:25:04] [Client thread/WARN]: Unable to play unknown soundEvent: minecraft:random.bow
[13:25:04] [Client thread/WARN]: Unable to play unknown soundEvent: minecraft:random.bow
[13:25:04] [Client thread/WARN]: Unable to play unknown soundEvent: minecraft:random.bow
[13:25:06] [Client thread/WARN]: Unable to play unknown soundEvent: minecraft:minecart.base
[13:25:06] [Client thread/WARN]: Unable to play unknown soundEvent: minecraft:minecart.base
[13:25:07] [Client thread/WARN]: Unable to play unknown soundEvent: minecraft:minecart.base
[13:25:07] [Client thread/WARN]: Unable to play unknown soundEvent: minecraft:minecart.base
[13:25:07] [Client thread/WARN]: Unable to play unknown soundEvent: minecraft:minecart.base
[13:25:08] [Client thread/WARN]: Unable to play unknown soundEvent: minecraft:minecart.base
[13:25:09] [Client thread/WARN]: Unable to play unknown soundEvent: minecraft:step.sand
[13:25:09] [Client thread/WARN]: Unable to play unknown soundEvent: minecraft:step.sand
[13:25:09] [Client thread/WARN]: Unable to play unknown soundEvent: minecraft:random.pop
[13:25:09] [Client thread/WARN]: Unable to play unknown soundEvent: minecraft:random.pop
[13:25:09] [Client thread/WARN]: Unable to play unknown soundEvent: minecraft:random.pop
[13:25:09] [Client thread/WARN]: Unable to play unknown soundEvent: minecraft:random.pop
[13:25:09] [Client thread/WARN]: Unable to play unknown soundEvent: minecraft:random.pop
[13:25:09] [Client thread/WARN]: Unable to play unknown soundEvent: minecraft:random.pop
[13:25:09] [Client thread/WARN]: Unable to play unknown soundEvent: minecraft:random.pop
[13:25:09] [Client thread/WARN]: Unable to play unknown soundEvent: minecraft:random.pop
[13:25:09] [Client thread/WARN]: Unable to play unknown soundEvent: minecraft:random.pop
[13:25:09] [Client thread/WARN]: Unable to play unknown soundEvent: minecraft:random.pop
[13:25:09] [Client thread/WARN]: Unable to play unknown soundEvent: minecraft:random.pop
[13:25:09] [Client thread/WARN]: Unable to play unknown soundEvent: minecraft:random.pop
[13:25:09] [Client thread/WARN]: Unable to play unknown soundEvent: minecraft:random.pop
[13:25:09] [Client thread/WARN]: Unable to play unknown soundEvent: minecraft:random.pop
[13:25:09] [Client thread/WARN]: Unable to play unknown soundEvent: minecraft:random.pop
[13:25:09] [Client thread/WARN]: Unable to play unknown soundEvent: minecraft:random.pop
[13:25:09] [Client thread/WARN]: Unable to play unknown soundEvent: minecraft:random.pop
[13:25:09] [Client thread/WARN]: Unable to play unknown soundEvent: minecraft:random.pop
[13:25:09] [Client thread/WARN]: Unable to play unknown soundEvent: minecraft:random.pop
[13:25:09] [Client thread/WARN]: Unable to play unknown soundEvent: minecraft:random.pop
[13:25:09] [Client thread/WARN]: Unable to play unknown soundEvent: minecraft:random.pop
[13:25:09] [Client thread/WARN]: Unable to play unknown soundEvent: minecraft:random.pop
[13:25:09] [Client thread/WARN]: Unable to play unknown soundEvent: minecraft:random.pop
[13:25:09] [Client thread/WARN]: Unable to play unknown soundEvent: minecraft:random.pop
[13:25:09] [Client thread/WARN]: Unable to play unknown soundEvent: minecraft:random.pop
[13:25:09] [Client thread/WARN]: Unable to play unknown soundEvent: minecraft:random.pop
[13:25:09] [Client thread/WARN]: Unable to play unknown soundEvent: minecraft:random.pop
[13:25:09] [Client thread/WARN]: Unable to play unknown soundEvent: minecraft:random.pop
[13:25:09] [Client thread/WARN]: Unable to play unknown soundEvent: minecraft:random.pop
[13:25:09] [Client thread/WARN]: Unable to play unknown soundEvent: minecraft:random.pop
[13:25:09] [Client thread/WARN]: Unable to play unknown soundEvent: minecraft:step.sand
[13:25:09] [Client thread/WARN]: Unable to play unknown soundEvent: minecraft:random.pop
[13:25:09] [Client thread/WARN]: Unable to play unknown soundEvent: minecraft:random.pop
[13:25:09] [Client thread/WARN]: Unable to play unknown soundEvent: minecraft:random.pop
[13:25:09] [Client thread/WARN]: Unable to play unknown soundEvent: minecraft:random.pop
[13:25:09] [Client thread/WARN]: Unable to play unknown soundEvent: minecraft:random.pop
[13:25:09] [Client thread/WARN]: Unable to play unknown soundEvent: minecraft:random.pop
[13:25:09] [Client thread/WARN]: Unable to play unknown soundEvent: minecraft:random.pop
[13:25:09] [Client thread/WARN]: Unable to play unknown soundEvent: minecraft:random.pop
[13:25:09] [Client thread/WARN]: Unable to play unknown soundEvent: minecraft:mob.zombie.hurt
[13:25:10] [Client thread/WARN]: Unable to play unknown soundEvent: minecraft:random.pop
[13:25:10] [Client thread/WARN]: Unable to play unknown soundEvent: minecraft:random.pop
[13:25:10] [Client thread/WARN]: Unable to play unknown soundEvent: minecraft:random.pop
[13:25:10] [Client thread/WARN]: Unable to play unknown soundEvent: minecraft:random.pop
[13:25:10] [Client thread/WARN]: Unable to play unknown soundEvent: minecraft:random.pop
[13:25:10] [Client thread/WARN]: Unable to play unknown soundEvent: minecraft:random.bow
[13:25:10] [Client thread/WARN]: Unable to play unknown soundEvent: minecraft:random.pop
[13:25:10] [Client thread/WARN]: Unable to play unknown soundEvent: minecraft:random.bow
[13:25:10] [Client thread/WARN]: Unable to play unknown soundEvent: minecraft:random.bowhit
[13:25:10] [Client thread/WARN]: Unable to play unknown soundEvent: minecraft:random.bow
[13:25:10] [Client thread/WARN]: Unable to play unknown soundEvent: minecraft:random.bow
[13:25:10] [Client thread/WARN]: Unable to play unknown soundEvent: minecraft:random.bow
[13:25:10] [Client thread/WARN]: Unable to play unknown soundEvent: minecraft:mob.creeper.say
[13:25:10] [Client thread/WARN]: Unable to play unknown soundEvent: minecraft:random.bowhit
[13:25:10] [Client thread/WARN]: Unable to play unknown soundEvent: minecraft:random.pop
[13:25:10] [Client thread/WARN]: Unable to play unknown soundEvent: minecraft:random.bow
[13:25:10] [Client thread/WARN]: Unable to play unknown soundEvent: minecraft:random.bowhit
[13:25:10] [Client thread/WARN]: Unable to play unknown soundEvent: minecraft:random.bow
[13:25:10] [Client thread/WARN]: Unable to play unknown soundEvent: minecraft:random.bowhit
[13:25:10] [Client thread/WARN]: Unable to play unknown soundEvent: minecraft:random.bow
[13:25:10] [Client thread/WARN]: Unable to play unknown soundEvent: minecraft:random.bowhit
[13:25:10] [Client thread/WARN]: Unable to play unknown soundEvent: minecraft:random.bow
[13:25:10] [Client thread/WARN]: Unable to play unknown soundEvent: minecraft:random.bowhit
[13:25:10] [Client thread/WARN]: Unable to play unknown soundEvent: minecraft:random.bow
[13:25:10] [Client thread/WARN]: Unable to play unknown soundEvent: minecraft:random.bow
[13:25:10] [Client thread/WARN]: Unable to play unknown soundEvent: minecraft:random.bow
[13:25:10] [Client thread/WARN]: Unable to play unknown soundEvent: minecraft:random.bow
[13:25:10] [Client thread/WARN]: Unable to play unknown soundEvent: minecraft:random.bow
[13:25:10] [Client thread/WARN]: Unable to play unknown soundEvent: minecraft:mob.zombie.hurt
[13:25:10] [Client thread/WARN]: Unable to play unknown soundEvent: minecraft:random.bow
[13:25:10] [Client thread/WARN]: Unable to play unknown soundEvent: minecraft:mob.creeper.say
[13:25:10] [Client thread/WARN]: Unable to play unknown soundEvent: minecraft:random.bowhit
[13:25:10] [Client thread/WARN]: Unable to play unknown soundEvent: minecraft:random.bow
[13:25:10] [Client thread/WARN]: Unable to play unknown soundEvent: minecraft:random.bow
[13:25:10] [Client thread/WARN]: Unable to play unknown soundEvent: minecraft:random.bowhit
[13:25:10] [Client thread/WARN]: Unable to play unknown soundEvent: minecraft:random.bow
[13:25:10] [Client thread/WARN]: Unable to play unknown soundEvent: minecraft:random.bowhit
[13:25:10] [Client thread/WARN]: Unable to play unknown soundEvent: minecraft:random.bowhit
[13:25:10] [Client thread/WARN]: Unable to play unknown soundEvent: minecraft:random.bow
[13:25:10] [Client thread/WARN]: Unable to play unknown soundEvent: minecraft:random.bowhit
[13:25:11] [Client thread/WARN]: Unable to play unknown soundEvent: minecraft:random.bow
[13:25:11] [Client thread/WARN]: Unable to play unknown soundEvent: minecraft:random.bow
[13:25:11] [Client thread/WARN]: Unable to play unknown soundEvent: minecraft:random.bowhit
[13:25:11] [Client thread/WARN]: Unable to play unknown soundEvent: minecraft:random.bow
[13:25:11] [Client thread/WARN]: Unable to play unknown soundEvent: minecraft:random.bowhit
[13:25:11] [Client thread/WARN]: Unable to play unknown soundEvent: minecraft:random.bowhit
[13:25:11] [Client thread/WARN]: Unable to play unknown soundEvent: minecraft:random.bow
[13:25:11] [Client thread/WARN]: Unable to play unknown soundEvent: minecraft:random.bow
[13:25:11] [Client thread/WARN]: Unable to play unknown soundEvent: minecraft:random.bow
[13:25:11] [Client thread/WARN]: Unable to play unknown soundEvent: minecraft:step.sand
[13:25:11] [Client thread/WARN]: Unable to play unknown soundEvent: minecraft:random.bowhit
[13:25:11] [Client thread/WARN]: Unable to play unknown soundEvent: minecraft:random.bow
[13:25:11] [Client thread/WARN]: Unable to play unknown soundEvent: minecraft:random.bow
[13:25:11] [Client thread/WARN]: Unable to play unknown soundEvent: minecraft:random.bowhit
[13:25:11] [Client thread/WARN]: Unable to play unknown soundEvent: minecraft:random.bow
[13:25:11] [Client thread/WARN]: Unable to play unknown soundEvent: minecraft:mob.zombie.say
[13:25:11] [Client thread/WARN]: Unable to play unknown soundEvent: minecraft:random.bowhit
[13:25:11] [Client thread/WARN]: Unable to play unknown soundEvent: minecraft:mob.zombie.hurt
[13:25:11] [Client thread/WARN]: Unable to play unknown soundEvent: minecraft:random.bowhit
[13:25:11] [Client thread/WARN]: Unable to play unknown soundEvent: minecraft:random.bow
[13:25:11] [Client thread/WARN]: Unable to play unknown soundEvent: minecraft:random.bowhit
[13:25:11] [Client thread/WARN]: Unable to play unknown soundEvent: minecraft:random.bow
[13:25:11] [Client thread/WARN]: Unable to play unknown soundEvent: minecraft:random.bowhit
[13:25:11] [Client thread/WARN]: Unable to play unknown soundEvent: minecraft:random.bow
[13:25:11] [Client thread/WARN]: Unable to play unknown soundEvent: minecraft:random.bowhit
[13:25:11] [Client thread/WARN]: Unable to play unknown soundEvent: minecraft:random.bow
[13:25:11] [Client thread/WARN]: Unable to play unknown soundEvent: minecraft:random.bowhit
[13:25:11] [Client thread/WARN]: Unable to play unknown soundEvent: minecraft:random.bow
[13:25:11] [Client thread/WARN]: Unable to play unknown soundEvent: minecraft:random.bowhit
[13:25:11] [Client thread/WARN]: Unable to play unknown soundEvent: minecraft:random.bow
[13:25:11] [Client thread/WARN]: Unable to play unknown soundEvent: minecraft:random.bowhit
[13:25:11] [Client thread/WARN]: Unable to play unknown soundEvent: minecraft:random.bow
[13:25:11] [Client thread/WARN]: Unable to play unknown soundEvent: minecraft:random.bow
[13:25:11] [Client thread/WARN]: Unable to play unknown soundEvent: minecraft:random.bowhit
[13:25:11] [Client thread/WARN]: Unable to play unknown soundEvent: minecraft:random.bowhit
[13:25:11] [Client thread/WARN]: Unable to play unknown soundEvent: minecraft:random.bow
[13:25:11] [Client thread/WARN]: Unable to play unknown soundEvent: minecraft:random.bowhit
[13:25:11] [Client thread/WARN]: Unable to play unknown soundEvent: minecraft:random.bow
[13:25:11] [Client thread/WARN]: Unable to play unknown soundEvent: minecraft:mob.zombie.step
[13:25:11] [Client thread/WARN]: Unable to play unknown soundEvent: minecraft:mob.zombie.death
[13:25:11] [Client thread/WARN]: Unable to play unknown soundEvent: minecraft:random.bowhit
[13:25:11] [Client thread/WARN]: Unable to play unknown soundEvent: minecraft:random.bow
[13:25:11] [Client thread/WARN]: Unable to play unknown soundEvent: minecraft:random.bowhit
[13:25:12] [Client thread/WARN]: Unable to play unknown soundEvent: minecraft:random.bow
[13:25:12] [Client thread/WARN]: Unable to play unknown soundEvent: minecraft:random.bowhit
[13:25:12] [Client thread/WARN]: Unable to play unknown soundEvent: minecraft:random.bow
[13:25:12] [Client thread/WARN]: Unable to play unknown soundEvent: minecraft:random.bowhit
[13:25:12] [Client thread/WARN]: Unable to play unknown soundEvent: minecraft:random.bow
[13:25:12] [Client thread/WARN]: Unable to play unknown soundEvent: minecraft:random.bowhit
[13:25:12] [Client thread/WARN]: Unable to play unknown soundEvent: minecraft:random.bowhit
[13:25:12] [Client thread/WARN]: Unable to play unknown soundEvent: minecraft:random.bow
[13:25:12] [Client thread/WARN]: Unable to play unknown soundEvent: minecraft:mob.creeper.say
[13:25:12] [Client thread/WARN]: Unable to play unknown soundEvent: minecraft:random.bowhit
[13:25:12] [Client thread/WARN]: Unable to play unknown soundEvent: minecraft:random.bow
[13:25:12] [Client thread/WARN]: Unable to play unknown soundEvent: minecraft:random.bowhit
[13:25:12] [Client thread/WARN]: Unable to play unknown soundEvent: minecraft:random.bowhit
[13:25:12] [Client thread/WARN]: Unable to play unknown soundEvent: minecraft:random.bow
[13:25:12] [Client thread/WARN]: Unable to play unknown soundEvent: minecraft:random.bow
[13:25:12] [Client thread/WARN]: Unable to play unknown soundEvent: minecraft:random.bowhit
[13:25:12] [Client thread/WARN]: Unable to play unknown soundEvent: minecraft:random.bow
[13:25:12] [Client thread/WARN]: Unable to play unknown soundEvent: minecraft:random.bow
[13:25:12] [Client thread/WARN]: Unable to play unknown soundEvent: minecraft:random.bowhit
[13:25:12] [Client thread/WARN]: Unable to play unknown soundEvent: minecraft:random.bow
[13:25:12] [Client thread/WARN]: Unable to play unknown soundEvent: minecraft:random.bowhit
[13:25:12] [Client thread/WARN]: Unable to play unknown soundEvent: minecraft:random.bow
[13:25:12] [Client thread/WARN]: Unable to play unknown soundEvent: minecraft:random.bowhit
[13:25:12] [Client thread/WARN]: Unable to play unknown soundEvent: minecraft:random.bowhit
[13:25:12] [Client thread/WARN]: Unable to play unknown soundEvent: minecraft:random.bow
[13:25:12] [Client thread/WARN]: Unable to play unknown soundEvent: minecraft:random.bow
[13:25:12] [Client thread/WARN]: Unable to play unknown soundEvent: minecraft:random.bowhit
[13:25:12] [Client thread/WARN]: Unable to play unknown soundEvent: minecraft:random.bowhit
[13:25:12] [Client thread/WARN]: Unable to play unknown soundEvent: minecraft:random.bow
[13:25:12] [Client thread/WARN]: Unable to play unknown soundEvent: minecraft:step.sand
[13:25:12] [Client thread/WARN]: Unable to play unknown soundEvent: minecraft:random.bowhit
[13:25:12] [Client thread/WARN]: Unable to play unknown soundEvent: minecraft:mob.creeper.death
[13:25:12] [Client thread/WARN]: Unable to play unknown soundEvent: minecraft:random.bowhit
[13:25:12] [Client thread/WARN]: Unable to play unknown soundEvent: minecraft:random.bow
[13:25:12] [Client thread/WARN]: Unable to play unknown soundEvent: minecraft:random.bow
[13:25:12] [Client thread/WARN]: Unable to play unknown soundEvent: minecraft:random.bowhit
[13:25:12] [Client thread/WARN]: Unable to play unknown soundEvent: minecraft:random.bow
[13:25:12] [Client thread/WARN]: Unable to play unknown soundEvent: minecraft:random.bowhit
[13:25:12] [Client thread/WARN]: Unable to play unknown soundEvent: minecraft:random.bowhit
[13:25:12] [Client thread/WARN]: Unable to play unknown soundEvent: minecraft:random.bow
[13:25:12] [Client thread/WARN]: Unable to play unknown soundEvent: minecraft:random.bowhit
[13:25:12] [Client thread/WARN]: Unable to play unknown soundEvent: minecraft:random.bow
[13:25:12] [Client thread/WARN]: Unable to play unknown soundEvent: minecraft:random.bowhit
[13:25:12] [Client thread/WARN]: Unable to play unknown soundEvent: minecraft:random.bowhit
[13:25:12] [Client thread/WARN]: Unable to play unknown soundEvent: minecraft:random.bow
[13:25:12] [Client thread/WARN]: Unable to play unknown soundEvent: minecraft:random.bowhit
[13:25:12] [Client thread/WARN]: Unable to play unknown soundEvent: minecraft:random.bowhit
[13:25:13] [Client thread/WARN]: Unable to play unknown soundEvent: minecraft:random.bow
[13:25:13] [Client thread/WARN]: Unable to play unknown soundEvent: minecraft:random.bowhit
[13:25:13] [Client thread/WARN]: Unable to play unknown soundEvent: minecraft:random.bow
[13:25:13] [Client thread/WARN]: Unable to play unknown soundEvent: minecraft:random.bowhit
[13:25:13] [Client thread/WARN]: Unable to play unknown soundEvent: minecraft:random.bow
[13:25:13] [Client thread/WARN]: Unable to play unknown soundEvent: minecraft:random.bowhit
[13:25:13] [Client thread/WARN]: Unable to play unknown soundEvent: minecraft:random.bowhit
[13:25:13] [Client thread/WARN]: Unable to play unknown soundEvent: minecraft:random.bow
[13:25:13] [Client thread/WARN]: Unable to play unknown soundEvent: minecraft:step.sand
[13:25:13] [Client thread/WARN]: Unable to play unknown soundEvent: minecraft:random.bowhit
[13:25:13] [Client thread/WARN]: Unable to play unknown soundEvent: minecraft:random.bowhit
[13:25:13] [Client thread/WARN]: Unable to play unknown soundEvent: minecraft:random.bow
[13:25:13] [Client thread/WARN]: Unable to play unknown soundEvent: minecraft:random.bowhit
[13:25:13] [Client thread/WARN]: Unable to play unknown soundEvent: minecraft:random.bowhit
[13:25:13] [Client thread/WARN]: Unable to play unknown soundEvent: minecraft:random.bow
[13:25:13] [Client thread/WARN]: Unable to play unknown soundEvent: minecraft:random.bowhit
[13:25:13] [Client thread/WARN]: Unable to play unknown soundEvent: minecraft:random.bow
[13:25:13] [Client thread/WARN]: Unable to play unknown soundEvent: minecraft:random.bowhit
[13:25:13] [Client thread/WARN]: Unable to play unknown soundEvent: minecraft:random.bowhit
[13:25:13] [Client thread/WARN]: Unable to play unknown soundEvent: minecraft:random.bow
[13:25:13] [Client thread/WARN]: Unable to play unknown soundEvent: minecraft:random.bowhit
[13:25:13] [Client thread/WARN]: Unable to play unknown soundEvent: minecraft:random.bowhit
[13:25:13] [Client thread/WARN]: Unable to play unknown soundEvent: minecraft:random.bow
[13:25:13] [Client thread/WARN]: Unable to play unknown soundEvent: minecraft:random.bowhit
[13:25:13] [Client thread/WARN]: Unable to play unknown soundEvent: minecraft:random.bow
[13:25:13] [Client thread/WARN]: Unable to play unknown soundEvent: minecraft:random.bowhit
[13:25:13] [Client thread/WARN]: Unable to play unknown soundEvent: minecraft:random.bowhit
[13:25:13] [Client thread/WARN]: Unable to play unknown soundEvent: minecraft:random.pop
[13:25:13] [Client thread/WARN]: Unable to play unknown soundEvent: minecraft:random.pop
[13:25:13] [Client thread/WARN]: Unable to play unknown soundEvent: minecraft:step.sand
[13:25:13] [Client thread/WARN]: Unable to play unknown soundEvent: minecraft:random.pop
[13:25:13] [Client thread/WARN]: Unable to play unknown soundEvent: minecraft:random.pop
[13:25:13] [Client thread/WARN]: Unable to play unknown soundEvent: minecraft:random.pop
[13:25:13] [Client thread/WARN]: Unable to play unknown soundEvent: minecraft:random.pop
[13:25:13] [Client thread/WARN]: Unable to play unknown soundEvent: minecraft:random.pop
[13:25:13] [Client thread/WARN]: Unable to play unknown soundEvent: minecraft:random.pop
[13:25:13] [Client thread/WARN]: Unable to play unknown soundEvent: minecraft:random.pop
[13:25:13] [Client thread/WARN]: Unable to play unknown soundEvent: minecraft:random.pop
[13:25:13] [Client thread/WARN]: Unable to play unknown soundEvent: minecraft:random.pop
[13:25:13] [Client thread/WARN]: Unable to play unknown soundEvent: minecraft:random.pop
[13:25:13] [Client thread/WARN]: Unable to play unknown soundEvent: minecraft:random.pop
[13:25:13] [Client thread/WARN]: Unable to play unknown soundEvent: minecraft:step.sand
[13:25:14] [Client thread/WARN]: Unable to play unknown soundEvent: minecraft:random.pop
[13:25:14] [Client thread/WARN]: Unable to play unknown soundEvent: minecraft:random.pop
[13:25:14] [Client thread/WARN]: Unable to play unknown soundEvent: minecraft:random.pop
[13:25:14] [Client thread/WARN]: Unable to play unknown soundEvent: minecraft:random.pop
[13:25:14] [Client thread/WARN]: Unable to play unknown soundEvent: minecraft:random.pop
[13:25:14] [Client thread/WARN]: Unable to play unknown soundEvent: minecraft:random.pop
[13:25:14] [Client thread/WARN]: Unable to play unknown soundEvent: minecraft:random.pop
[13:25:14] [Client thread/WARN]: Unable to play unknown soundEvent: minecraft:random.pop
[13:25:14] [Client thread/WARN]: Unable to play unknown soundEvent: minecraft:random.pop
[13:25:14] [Client thread/WARN]: Unable to play unknown soundEvent: minecraft:random.pop
[13:25:14] [Client thread/WARN]: Unable to play unknown soundEvent: minecraft:random.pop
[13:25:14] [Client thread/WARN]: Unable to play unknown soundEvent: minecraft:random.pop
[13:25:14] [Client thread/WARN]: Unable to play unknown soundEvent: minecraft:random.pop
[13:25:14] [Client thread/WARN]: Unable to play unknown soundEvent: minecraft:random.pop
[13:25:14] [Client thread/WARN]: Unable to play unknown soundEvent: minecraft:random.pop
[13:25:14] [Client thread/WARN]: Unable to play unknown soundEvent: minecraft:random.pop
[13:25:14] [Client thread/WARN]: Unable to play unknown soundEvent: minecraft:random.pop
[13:25:14] [Client thread/WARN]: Unable to play unknown soundEvent: minecraft:random.pop
[13:25:14] [Client thread/WARN]: Unable to play unknown soundEvent: minecraft:random.pop
[13:25:14] [Client thread/WARN]: Unable to play unknown soundEvent: minecraft:step.sand
[13:25:14] [Client thread/WARN]: Unable to play unknown soundEvent: minecraft:random.pop
[13:25:14] [Client thread/WARN]: Unable to play unknown soundEvent: minecraft:random.pop
[13:25:14] [Client thread/WARN]: Unable to play unknown soundEvent: minecraft:random.pop
[13:25:14] [Client thread/WARN]: Unable to play unknown soundEvent: minecraft:random.pop
[13:25:14] [Client thread/WARN]: Unable to play unknown soundEvent: minecraft:random.pop
[13:25:14] [Client thread/WARN]: Unable to play unknown soundEvent: minecraft:step.sand
[13:25:14] [Client thread/WARN]: Unable to play unknown soundEvent: minecraft:random.pop
[13:25:14] [Client thread/WARN]: Unable to play unknown soundEvent: minecraft:random.pop
[13:25:14] [Client thread/WARN]: Unable to play unknown soundEvent: minecraft:step.sand
[13:25:14] [Client thread/WARN]: Unable to play unknown soundEvent: minecraft:random.pop
[13:25:14] [Client thread/WARN]: Unable to play unknown soundEvent: minecraft:random.pop
[13:25:14] [Client thread/WARN]: Unable to play unknown soundEvent: minecraft:random.pop
[13:25:14] [Client thread/WARN]: Unable to play unknown soundEvent: minecraft:random.pop
[13:25:14] [Client thread/WARN]: Unable to play unknown soundEvent: minecraft:random.pop
[13:25:14] [Client thread/WARN]: Unable to play unknown soundEvent: minecraft:random.pop
[13:25:15] [Client thread/WARN]: Unable to play unknown soundEvent: minecraft:random.pop
[13:25:15] [Client thread/WARN]: Unable to play unknown soundEvent: minecraft:random.pop
[13:25:15] [Client thread/WARN]: Unable to play unknown soundEvent: minecraft:random.pop
[13:25:15] [Client thread/WARN]: Unable to play unknown soundEvent: minecraft:random.pop
[13:25:15] [Client thread/WARN]: Unable to play unknown soundEvent: minecraft:random.pop
[13:25:15] [Client thread/WARN]: Unable to play unknown soundEvent: minecraft:random.pop
[13:25:15] [Client thread/WARN]: Unable to play unknown soundEvent: minecraft:random.pop
[13:25:15] [Client thread/WARN]: Unable to play unknown soundEvent: minecraft:random.pop
[13:25:15] [Client thread/WARN]: Unable to play unknown soundEvent: minecraft:random.pop
[13:25:15] [Client thread/WARN]: Unable to play unknown soundEvent: minecraft:random.pop
[13:25:15] [Client thread/WARN]: Unable to play unknown soundEvent: minecraft:random.pop
[13:25:15] [Client thread/WARN]: Unable to play unknown soundEvent: minecraft:random.pop
[13:25:15] [Client thread/WARN]: Unable to play unknown soundEvent: minecraft:random.pop
[13:25:15] [Client thread/WARN]: Unable to play unknown soundEvent: minecraft:random.pop
[13:25:15] [Client thread/WARN]: Unable to play unknown soundEvent: minecraft:random.pop
[13:25:15] [Client thread/WARN]: Unable to play unknown soundEvent: minecraft:random.pop
[13:25:15] [Client thread/WARN]: Unable to play unknown soundEvent: minecraft:random.pop
[13:25:15] [Client thread/WARN]: Unable to play unknown soundEvent: minecraft:random.pop
[13:25:15] [Client thread/WARN]: Unable to play unknown soundEvent: minecraft:random.pop
[13:25:15] [Client thread/WARN]: Unable to play unknown soundEvent: minecraft:random.pop
[13:25:15] [Client thread/WARN]: Unable to play unknown soundEvent: minecraft:random.pop
[13:25:15] [Client thread/WARN]: Unable to play unknown soundEvent: minecraft:random.pop
[13:25:15] [Client thread/WARN]: Unable to play unknown soundEvent: minecraft:random.pop
[13:25:15] [Client thread/WARN]: Unable to play unknown soundEvent: minecraft:random.pop
[13:25:15] [Client thread/WARN]: Unable to play unknown soundEvent: minecraft:random.pop
[13:25:15] [Client thread/WARN]: Unable to play unknown soundEvent: minecraft:step.sand
[13:25:15] [Client thread/WARN]: Unable to play unknown soundEvent: minecraft:random.orb
[13:25:15] [Client thread/WARN]: Unable to play unknown soundEvent: minecraft:random.pop
[13:25:15] [Client thread/WARN]: Unable to play unknown soundEvent: minecraft:random.orb
[13:25:15] [Client thread/WARN]: Unable to play unknown soundEvent: minecraft:random.orb
[13:25:15] [Client thread/WARN]: Unable to play unknown soundEvent: minecraft:random.pop
[13:25:15] [Client thread/WARN]: Unable to play unknown soundEvent: minecraft:random.orb
[13:25:16] [Client thread/WARN]: Unable to play unknown soundEvent: minecraft:random.orb
[13:25:16] [Client thread/WARN]: Unable to play unknown soundEvent: minecraft:step.sand
[13:25:16] [Client thread/WARN]: Unable to play unknown soundEvent: minecraft:random.orb
[13:25:16] [Client thread/WARN]: Unable to play unknown soundEvent: minecraft:step.sand
[13:25:16] [Client thread/WARN]: Unable to play unknown soundEvent: minecraft:random.orb
[13:25:17] [Client thread/WARN]: Unable to play unknown soundEvent: minecraft:random.orb
[13:25:17] [Client thread/WARN]: Unable to play unknown soundEvent: minecraft:step.sand
[13:25:17] [Client thread/WARN]: Unable to play unknown soundEvent: minecraft:step.sand
[13:25:18] [Client thread/WARN]: Unable to play unknown soundEvent: minecraft:step.sand
[13:25:19] [Client thread/WARN]: Unable to play unknown soundEvent: minecraft:step.sand
[13:25:19] [Client thread/WARN]: Unable to play unknown soundEvent: minecraft:step.sand
[13:25:20] [Client thread/WARN]: Unable to play unknown soundEvent: minecraft:mob.bat.takeoff
[13:25:21] [Client thread/WARN]: Unable to play unknown soundEvent: minecraft:minecart.base
[13:25:22] [Client thread/WARN]: Unable to play unknown soundEvent: minecraft:minecart.base
[13:25:22] [Client thread/WARN]: Unable to play unknown soundEvent: minecraft:minecart.base
[13:25:22] [Client thread/WARN]: Unable to play unknown soundEvent: minecraft:minecart.base
[13:25:25] [Client thread/WARN]: Unable to play unknown soundEvent: minecraft:random.bow
[13:25:25] [Client thread/WARN]: Unable to play unknown soundEvent: minecraft:random.bow
[13:25:25] [Client thread/WARN]: Unable to play unknown soundEvent: minecraft:minecart.base
[13:25:26] [Client thread/WARN]: Unable to play unknown soundEvent: minecraft:random.bowhit
[13:25:26] [Client thread/WARN]: Unable to play unknown soundEvent: minecraft:step.sand
[13:25:28] [Client thread/WARN]: Unable to play unknown soundEvent: minecraft:step.sand
[13:25:28] [Client thread/WARN]: Unable to play unknown soundEvent: minecraft:step.sand
[13:25:29] [Client thread/WARN]: Unable to play unknown soundEvent: minecraft:minecart.base
[13:25:31] [Client thread/WARN]: Unable to play unknown soundEvent: minecraft:minecart.base
[13:25:33] [Client thread/WARN]: Unable to play unknown soundEvent: minecraft:step.sand
[13:25:33] [Client thread/WARN]: Unable to play unknown soundEvent: minecraft:step.sand
[13:25:33] [Client thread/WARN]: Unable to play unknown soundEvent: minecraft:step.sand
[13:25:34] [Client thread/WARN]: Unable to play unknown soundEvent: minecraft:step.sand
[13:25:34] [Client thread/WARN]: Unable to play unknown soundEvent: minecraft:step.sand
[13:25:35] [Client thread/WARN]: Unable to play unknown soundEvent: minecraft:music.game.creative
[13:25:35] [Client thread/WARN]: Unable to play unknown soundEvent: minecraft:step.sand
[13:25:35] [Client thread/WARN]: Unable to play unknown soundEvent: minecraft:step.sand
[13:25:36] [Client thread/WARN]: Unable to play unknown soundEvent: minecraft:step.sand
[13:25:36] [Client thread/WARN]: Unable to play unknown soundEvent: minecraft:step.sand
[13:25:37] [Client thread/WARN]: Unable to play unknown soundEvent: minecraft:step.sand
[13:25:37] [Client thread/WARN]: Unable to play unknown soundEvent: minecraft:step.sand
[13:25:38] [Client thread/WARN]: Unable to play unknown soundEvent: minecraft:step.sand
[13:25:38] [Client thread/WARN]: Unable to play unknown soundEvent: minecraft:step.sand
[13:25:39] [Client thread/WARN]: Unable to play unknown soundEvent: minecraft:minecart.base
[13:25:39] [Client thread/WARN]: Unable to play unknown soundEvent: minecraft:step.sand
[13:25:40] [Client thread/WARN]: Unable to play unknown soundEvent: minecraft:step.sand
[13:25:40] [Client thread/WARN]: Unable to play unknown soundEvent: minecraft:step.sand
[13:25:41] [Client thread/WARN]: Unable to play unknown soundEvent: minecraft:minecart.base
[13:25:41] [Client thread/WARN]: Unable to play unknown soundEvent: minecraft:minecart.base
[13:25:41] [Client thread/WARN]: Unable to play unknown soundEvent: minecraft:step.sand
[13:25:41] [Client thread/WARN]: Unable to play unknown soundEvent: minecraft:step.sand
[13:25:42] [Client thread/WARN]: Unable to play unknown soundEvent: minecraft:dig.grass
[13:25:42] [Client thread/WARN]: Unable to play unknown soundEvent: minecraft:step.sand
[13:25:42] [Client thread/WARN]: Unable to play unknown soundEvent: minecraft:step.sand
[13:25:42] [Client thread/WARN]: Unable to play unknown soundEvent: minecraft:dig.grass
[13:25:43] [Client thread/WARN]: Unable to play unknown soundEvent: minecraft:step.sand
[13:25:44] [Client thread/WARN]: Unable to play unknown soundEvent: minecraft:step.stone
[13:25:44] [Client thread/WARN]: Unable to play unknown soundEvent: minecraft:step.stone
[13:25:44] [Client thread/WARN]: Unable to play unknown soundEvent: minecraft:step.stone
[13:25:45] [Client thread/WARN]: Unable to play unknown soundEvent: minecraft:mob.bat.takeoff
[13:25:45] [Client thread/WARN]: Unable to play unknown soundEvent: minecraft:step.sand
[13:25:45] [Client thread/WARN]: Unable to play unknown soundEvent: minecraft:step.sand
[13:25:45] [Client thread/WARN]: Unable to play unknown soundEvent: minecraft:random.bow
[13:25:45] [Client thread/WARN]: Unable to play unknown soundEvent: minecraft:random.bow
[13:25:45] [Client thread/WARN]: Unable to play unknown soundEvent: minecraft:mob.villager.hit
[13:25:45] [Client thread/WARN]: Unable to play unknown soundEvent: minecraft:random.bowhit
[13:25:45] [Client thread/WARN]: Unable to play unknown soundEvent: minecraft:random.bow
[13:25:45] [Client thread/WARN]: Unable to play unknown soundEvent: minecraft:random.bow
[13:25:45] [Client thread/WARN]: Unable to play unknown soundEvent: minecraft:step.grass
[13:25:45] [Client thread/WARN]: Unable to play unknown soundEvent: minecraft:random.bow
[13:25:45] [Client thread/WARN]: Unable to play unknown soundEvent: minecraft:random.bow
[13:25:45] [Client thread/WARN]: Unable to play unknown soundEvent: minecraft:mob.villager.idle
[13:25:45] [Client thread/WARN]: Unable to play unknown soundEvent: minecraft:random.bow
[13:25:45] [Client thread/WARN]: Unable to play unknown soundEvent: minecraft:random.bowhit
[13:25:45] [Client thread/WARN]: Unable to play unknown soundEvent: minecraft:random.bow
[13:25:45] [Client thread/WARN]: Unable to play unknown soundEvent: minecraft:step.sand
[13:25:45] [Client thread/WARN]: Unable to play unknown soundEvent: minecraft:random.bowhit
[13:25:45] [Client thread/WARN]: Unable to play unknown soundEvent: minecraft:random.bow
[13:25:45] [Client thread/WARN]: Unable to play unknown soundEvent: minecraft:random.bow
[13:25:45] [Client thread/WARN]: Unable to play unknown soundEvent: minecraft:random.bow
[13:25:45] [Client thread/WARN]: Unable to play unknown soundEvent: minecraft:random.bow
[13:25:45] [Client thread/WARN]: Unable to play unknown soundEvent: minecraft:random.bow
[13:25:45] [Client thread/WARN]: Unable to play unknown soundEvent: minecraft:game.neutral.swim.splash
[13:25:46] [Client thread/WARN]: Unable to play unknown soundEvent: minecraft:random.bow
[13:25:46] [Client thread/WARN]: Unable to play unknown soundEvent: minecraft:random.bow
[13:25:46] [Client thread/WARN]: Unable to play unknown soundEvent: minecraft:random.bowhit
[13:25:46] [Client thread/WARN]: Unable to play unknown soundEvent: minecraft:random.bow
[13:25:46] [Client thread/WARN]: Unable to play unknown soundEvent: minecraft:random.bow
[13:25:46] [Client thread/WARN]: Unable to play unknown soundEvent: minecraft:random.bow
[13:25:46] [Client thread/WARN]: Unable to play unknown soundEvent: minecraft:random.bow
[13:25:46] [Client thread/WARN]: Unable to play unknown soundEvent: minecraft:random.bow
[13:25:46] [Client thread/WARN]: Unable to play unknown soundEvent: minecraft:random.bowhit
[13:25:46] [Client thread/WARN]: Unable to play unknown soundEvent: minecraft:random.bow
[13:25:46] [Client thread/WARN]: Unable to play unknown soundEvent: minecraft:dig.grass
[13:25:46] [Client thread/WARN]: Unable to play unknown soundEvent: minecraft:random.bow
[13:25:46] [Client thread/WARN]: Unable to play unknown soundEvent: minecraft:random.bow
[13:25:46] [Client thread/WARN]: Unable to play unknown soundEvent: minecraft:random.bow
[13:25:46] [Client thread/WARN]: Unable to play unknown soundEvent: minecraft:random.bowhit
[13:25:46] [Client thread/WARN]: Unable to play unknown soundEvent: minecraft:random.bow
[13:25:46] [Client thread/WARN]: Unable to play unknown soundEvent: minecraft:random.bowhit
[13:25:46] [Client thread/WARN]: Unable to play unknown soundEvent: minecraft:random.bow
[13:25:46] [Client thread/WARN]: Unable to play unknown soundEvent: minecraft:random.bowhit
[13:25:46] [Client thread/WARN]: Unable to play unknown soundEvent: minecraft:random.bow
[13:25:46] [Client thread/WARN]: Unable to play unknown soundEvent: minecraft:random.bowhit
[13:25:46] [Client thread/WARN]: Unable to play unknown soundEvent: minecraft:random.bow
[13:25:46] [Client thread/WARN]: Unable to play unknown soundEvent: minecraft:random.bowhit
[13:25:46] [Client thread/WARN]: Unable to play unknown soundEvent: minecraft:random.bow
[13:25:46] [Client thread/WARN]: Unable to play unknown soundEvent: minecraft:random.bowhit
[13:25:46] [Client thread/WARN]: Unable to play unknown soundEvent: minecraft:random.bowhit
[13:25:46] [Client thread/WARN]: Unable to play unknown soundEvent: minecraft:random.bow
[13:25:46] [Client thread/WARN]: Unable to play unknown soundEvent: minecraft:random.bow
[13:25:46] [Client thread/WARN]: Unable to play unknown soundEvent: minecraft:random.bowhit
[13:25:46] [Client thread/WARN]: Unable to play unknown soundEvent: minecraft:random.bowhit
[13:25:46] [Client thread/WARN]: Unable to play unknown soundEvent: minecraft:random.bow
[13:25:46] [Client thread/WARN]: Unable to play unknown soundEvent: minecraft:random.bow
[13:25:46] [Client thread/WARN]: Unable to play unknown soundEvent: minecraft:random.bowhit
[13:25:47] [Client thread/WARN]: Unable to play unknown soundEvent: minecraft:random.bow
[13:25:47] [Client thread/WARN]: Unable to play unknown soundEvent: minecraft:random.bowhit
[13:25:47] [Client thread/WARN]: Unable to play unknown soundEvent: minecraft:random.bow
[13:25:47] [Client thread/WARN]: Unable to play unknown soundEvent: minecraft:random.bowhit
[13:25:47] [Client thread/WARN]: Unable to play unknown soundEvent: minecraft:random.bow
[13:25:47] [Client thread/WARN]: Unable to play unknown soundEvent: minecraft:game.neutral.swim.splash
[13:25:47] [Client thread/WARN]: Unable to play unknown soundEvent: minecraft:random.bowhit
[13:25:47] [Client thread/WARN]: Unable to play unknown soundEvent: minecraft:random.bow
[13:25:47] [Client thread/WARN]: Unable to play unknown soundEvent: minecraft:random.bow
[13:25:47] [Client thread/WARN]: Unable to play unknown soundEvent: minecraft:random.bowhit
[13:25:47] [Client thread/WARN]: Unable to play unknown soundEvent: minecraft:random.bow
[13:25:47] [Client thread/WARN]: Unable to play unknown soundEvent: minecraft:mob.villager.hit
[13:25:47] [Client thread/WARN]: Unable to play unknown soundEvent: minecraft:random.bowhit
[13:25:47] [Client thread/WARN]: Unable to play unknown soundEvent: minecraft:random.bow
[13:25:47] [Client thread/WARN]: Unable to play unknown soundEvent: minecraft:game.neutral.swim
[13:25:47] [Client thread/WARN]: Unable to play unknown soundEvent: minecraft:random.bowhit
[13:25:47] [Client thread/WARN]: Unable to play unknown soundEvent: minecraft:random.bow
[13:25:47] [Client thread/WARN]: Unable to play unknown soundEvent: minecraft:random.bow
[13:25:47] [Client thread/WARN]: Unable to play unknown soundEvent: minecraft:random.bowhit
[13:25:47] [Client thread/WARN]: Unable to play unknown soundEvent: minecraft:random.bowhit
[13:25:47] [Client thread/WARN]: Unable to play unknown soundEvent: minecraft:random.bow
[13:25:47] [Client thread/WARN]: Unable to play unknown soundEvent: minecraft:random.bow
[13:25:47] [Client thread/WARN]: Unable to play unknown soundEvent: minecraft:random.bow
[13:25:47] [Client thread/WARN]: Unable to play unknown soundEvent: minecraft:random.bowhit
[13:25:47] [Client thread/WARN]: Unable to play unknown soundEvent: minecraft:random.bow
[13:25:47] [Client thread/WARN]: Unable to play unknown soundEvent: minecraft:random.bowhit
[13:25:47] [Client thread/WARN]: Unable to play unknown soundEvent: minecraft:random.bow
[13:25:47] [Client thread/WARN]: Unable to play unknown soundEvent: minecraft:mob.villager.idle
[13:25:47] [Client thread/WARN]: Unable to play unknown soundEvent: minecraft:random.bowhit
[13:25:47] [Client thread/WARN]: Unable to play unknown soundEvent: minecraft:random.bow
[13:25:47] [Client thread/WARN]: Unable to play unknown soundEvent: minecraft:random.bowhit
[13:25:47] [Client thread/WARN]: Unable to play unknown soundEvent: minecraft:random.bowhit
[13:25:47] [Client thread/WARN]: Unable to play unknown soundEvent: minecraft:random.bow
[13:25:47] [Client thread/WARN]: Unable to play unknown soundEvent: minecraft:random.door_open
[13:25:47] [Client thread/WARN]: Unable to play unknown soundEvent: minecraft:game.neutral.swim.splash
[13:25:47] [Client thread/WARN]: Unable to play unknown soundEvent: minecraft:random.bowhit
[13:25:47] [Client thread/WARN]: Unable to play unknown soundEvent: minecraft:random.bow
[13:25:47] [Client thread/WARN]: Unable to play unknown soundEvent: minecraft:random.bowhit
[13:25:47] [Client thread/WARN]: Unable to play unknown soundEvent: minecraft:random.bowhit
[13:25:47] [Client thread/WARN]: Unable to play unknown soundEvent: minecraft:random.bow
[13:25:47] [Client thread/WARN]: Unable to play unknown soundEvent: minecraft:random.bowhit
[13:25:47] [Client thread/WARN]: Unable to play unknown soundEvent: minecraft:random.bow
[13:25:47] [Client thread/WARN]: Unable to play unknown soundEvent: minecraft:random.bowhit
[13:25:47] [Client thread/WARN]: Unable to play unknown soundEvent: minecraft:random.bow
[13:25:47] [Client thread/WARN]: Unable to play unknown soundEvent: minecraft:random.bowhit
[13:25:48] [Client thread/WARN]: Unable to play unknown soundEvent: minecraft:random.bow
[13:25:48] [Client thread/WARN]: Unable to play unknown soundEvent: minecraft:random.bowhit
[13:25:48] [Client thread/WARN]: Unable to play unknown soundEvent: minecraft:random.bowhit
[13:25:48] [Client thread/WARN]: Unable to play unknown soundEvent: minecraft:random.bowhit
[13:25:48] [Client thread/WARN]: Unable to play unknown soundEvent: minecraft:random.bowhit
[13:25:48] [Client thread/WARN]: Unable to play unknown soundEvent: minecraft:random.pop
[13:25:48] [Client thread/WARN]: Unable to play unknown soundEvent: minecraft:random.bow
[13:25:48] [Client thread/WARN]: Unable to play unknown soundEvent: minecraft:game.neutral.swim.splash
[13:25:48] [Client thread/WARN]: Unable to play unknown soundEvent: minecraft:random.bow
[13:25:48] [Client thread/WARN]: Unable to play unknown soundEvent: minecraft:random.door_close
[13:25:48] [Client thread/WARN]: Unable to play unknown soundEvent: minecraft:random.bow
[13:25:48] [Client thread/WARN]: Unable to play unknown soundEvent: minecraft:random.bow
[13:25:48] [Client thread/WARN]: Unable to play unknown soundEvent: minecraft:random.bow
[13:25:48] [Client thread/WARN]: Unable to play unknown soundEvent: minecraft:random.bow
[13:25:49] [Client thread/WARN]: Unable to play unknown soundEvent: minecraft:random.bow
[13:25:49] [Client thread/WARN]: Unable to play unknown soundEvent: minecraft:random.bow
[13:25:49] [Client thread/WARN]: Unable to play unknown soundEvent: minecraft:random.bow
[13:25:49] [Client thread/WARN]: Unable to play unknown soundEvent: minecraft:random.bow
[13:25:49] [Client thread/WARN]: Unable to play unknown soundEvent: minecraft:random.bow
[13:25:49] [Client thread/WARN]: Unable to play unknown soundEvent: minecraft:random.bow
[13:25:49] [Client thread/WARN]: Unable to play unknown soundEvent: minecraft:random.bow
[13:25:49] [Client thread/WARN]: Unable to play unknown soundEvent: minecraft:random.bow
[13:25:49] [Client thread/WARN]: Unable to play unknown soundEvent: minecraft:random.bow
[13:25:49] [Client thread/WARN]: Unable to play unknown soundEvent: minecraft:random.bow
[13:25:49] [Client thread/WARN]: Unable to play unknown soundEvent: minecraft:mob.villager.idle
[13:25:49] [Client thread/WARN]: Unable to play unknown soundEvent: minecraft:random.bow
[13:25:49] [Client thread/WARN]: Unable to play unknown soundEvent: minecraft:random.bow
[13:25:49] [Client thread/WARN]: Unable to play unknown soundEvent: minecraft:random.bow
[13:25:49] [Client thread/WARN]: Unable to play unknown soundEvent: minecraft:random.bowhit
[13:25:49] [Client thread/WARN]: Unable to play unknown soundEvent: minecraft:random.bow
[13:25:49] [Client thread/WARN]: Unable to play unknown soundEvent: minecraft:random.bowhit
[13:25:49] [Client thread/WARN]: Unable to play unknown soundEvent: minecraft:random.bowhit
[13:25:49] [Client thread/WARN]: Unable to play unknown soundEvent: minecraft:random.bow
[13:25:49] [Client thread/WARN]: Unable to play unknown soundEvent: minecraft:random.bowhit
[13:25:49] [Client thread/WARN]: Unable to play unknown soundEvent: minecraft:random.bow
[13:25:49] [Client thread/WARN]: Unable to play unknown soundEvent: minecraft:mob.villager.idle
[13:25:49] [Client thread/WARN]: Unable to play unknown soundEvent: minecraft:random.bowhit
[13:25:49] [Client thread/WARN]: Unable to play unknown soundEvent: minecraft:random.bowhit
[13:25:49] [Client thread/WARN]: Unable to play unknown soundEvent: minecraft:random.bow
[13:25:49] [Client thread/WARN]: Unable to play unknown soundEvent: minecraft:random.bowhit
[13:25:49] [Client thread/WARN]: Unable to play unknown soundEvent: minecraft:random.bow
[13:25:49] [Client thread/WARN]: Unable to play unknown soundEvent: minecraft:random.bowhit
[13:25:49] [Client thread/WARN]: Unable to play unknown soundEvent: minecraft:random.bow
[13:25:49] [Client thread/WARN]: Unable to play unknown soundEvent: minecraft:random.bowhit
[13:25:49] [Client thread/WARN]: Unable to play unknown soundEvent: minecraft:random.bow
[13:25:49] [Client thread/WARN]: Unable to play unknown soundEvent: minecraft:random.bowhit
[13:25:50] [Client thread/WARN]: Unable to play unknown soundEvent: minecraft:random.bow
[13:25:50] [Client thread/WARN]: Unable to play unknown soundEvent: minecraft:random.bowhit
[13:25:50] [Client thread/WARN]: Unable to play unknown soundEvent: minecraft:random.bow
[13:25:50] [Client thread/WARN]: Unable to play unknown soundEvent: minecraft:random.bowhit
[13:25:50] [Client thread/WARN]: Unable to play unknown soundEvent: minecraft:random.bow
[13:25:50] [Client thread/WARN]: Unable to play unknown soundEvent: minecraft:random.bowhit
[13:25:50] [Client thread/WARN]: Unable to play unknown soundEvent: minecraft:random.bow
[13:25:50] [Client thread/WARN]: Unable to play unknown soundEvent: minecraft:random.bowhit
[13:25:50] [Client thread/WARN]: Unable to play unknown soundEvent: minecraft:random.bow
[13:25:50] [Client thread/WARN]: Unable to play unknown soundEvent: minecraft:random.bowhit
[13:25:50] [Client thread/WARN]: Unable to play unknown soundEvent: minecraft:random.bow
[13:25:50] [Client thread/WARN]: Unable to play unknown soundEvent: minecraft:random.bow
[13:25:50] [Client thread/WARN]: Unable to play unknown soundEvent: minecraft:random.bowhit
[13:25:50] [Client thread/WARN]: Unable to play unknown soundEvent: minecraft:random.bow
[13:25:50] [Client thread/WARN]: Unable to play unknown soundEvent: minecraft:random.bowhit
[13:25:50] [Client thread/WARN]: Unable to play unknown soundEvent: minecraft:random.bow
[13:25:50] [Client thread/WARN]: Unable to play unknown soundEvent: minecraft:game.neutral.swim.splash
[13:25:50] [Client thread/WARN]: Unable to play unknown soundEvent: minecraft:random.bow
[13:25:50] [Client thread/WARN]: Unable to play unknown soundEvent: minecraft:random.bow
[13:25:50] [Client thread/WARN]: Unable to play unknown soundEvent: minecraft:step.stone
[13:25:50] [Client thread/WARN]: Unable to play unknown soundEvent: minecraft:random.bowhit
[13:25:50] [Client thread/WARN]: Unable to play unknown soundEvent: minecraft:random.bow
[13:25:50] [Client thread/WARN]: Unable to play unknown soundEvent: minecraft:random.bow
[13:25:50] [Client thread/WARN]: Unable to play unknown soundEvent: minecraft:random.bow
[13:25:50] [Client thread/WARN]: Unable to play unknown soundEvent: minecraft:random.bow
[13:25:50] [Client thread/WARN]: Unable to play unknown soundEvent: minecraft:random.bow
[13:25:50] [Client thread/WARN]: Unable to play unknown soundEvent: minecraft:random.bow
[13:25:50] [Client thread/WARN]: Unable to play unknown soundEvent: minecraft:random.bow
[13:25:50] [Client thread/WARN]: Unable to play unknown soundEvent: minecraft:random.bow
[13:25:50] [Client thread/WARN]: Unable to play unknown soundEvent: minecraft:random.bow
[13:25:51] [Client thread/WARN]: Unable to play unknown soundEvent: minecraft:random.bow
[13:25:51] [Client thread/WARN]: Unable to play unknown soundEvent: minecraft:random.bow
[13:25:51] [Client thread/WARN]: Unable to play unknown soundEvent: minecraft:random.bow
[13:25:51] [Client thread/WARN]: Unable to play unknown soundEvent: minecraft:random.bowhit
[13:25:51] [Client thread/WARN]: Unable to play unknown soundEvent: minecraft:random.bowhit
[13:25:51] [Client thread/WARN]: Unable to play unknown soundEvent: minecraft:random.bow
[13:25:51] [Client thread/WARN]: Unable to play unknown soundEvent: minecraft:mob.villager.hit
[13:25:51] [Client thread/WARN]: Unable to play unknown soundEvent: minecraft:random.bowhit
[13:25:51] [Client thread/WARN]: Unable to play unknown soundEvent: minecraft:random.bowhit
[13:25:51] [Client thread/WARN]: Unable to play unknown soundEvent: minecraft:random.bow
[13:25:51] [Client thread/WARN]: Unable to play unknown soundEvent: minecraft:step.grass
[13:25:51] [Client thread/WARN]: Unable to play unknown soundEvent: minecraft:random.bowhit
[13:25:51] [Client thread/WARN]: Unable to play unknown soundEvent: minecraft:random.bowhit
[13:25:51] [Client thread/WARN]: Unable to play unknown soundEvent: minecraft:random.bow
[13:25:51] [Client thread/WARN]: Unable to play unknown soundEvent: minecraft:game.neutral.swim.splash
[13:25:51] [Client thread/WARN]: Unable to play unknown soundEvent: minecraft:random.bowhit
[13:25:51] [Client thread/WARN]: Unable to play unknown soundEvent: minecraft:random.bow
[13:25:51] [Client thread/WARN]: Unable to play unknown soundEvent: minecraft:random.bowhit
[13:25:51] [Client thread/WARN]: Unable to play unknown soundEvent: minecraft:random.bow
[13:25:51] [Client thread/WARN]: Unable to play unknown soundEvent: minecraft:step.stone
[13:25:51] [Client thread/WARN]: Unable to play unknown soundEvent: minecraft:random.bowhit
[13:25:51] [Client thread/WARN]: Unable to play unknown soundEvent: minecraft:random.bow
[13:25:51] [Client thread/WARN]: Unable to play unknown soundEvent: minecraft:step.sand
[13:25:51] [Client thread/WARN]: Unable to play unknown soundEvent: minecraft:random.bowhit
[13:25:51] [Client thread/WARN]: Unable to play unknown soundEvent: minecraft:random.bow
[13:25:51] [Client thread/WARN]: Unable to play unknown soundEvent: minecraft:random.bowhit
[13:25:51] [Client thread/WARN]: Unable to play unknown soundEvent: minecraft:random.bow
[13:25:51] [Client thread/WARN]: Unable to play unknown soundEvent: minecraft:random.bowhit
[13:25:51] [Client thread/WARN]: Unable to play unknown soundEvent: minecraft:random.bowhit
[13:25:51] [Client thread/WARN]: Unable to play unknown soundEvent: minecraft:step.stone
[13:25:51] [Client thread/WARN]: Unable to play unknown soundEvent: minecraft:step.sand
[13:25:52] [Client thread/WARN]: Unable to play unknown soundEvent: minecraft:step.gravel
[13:25:52] [Client thread/WARN]: Unable to play unknown soundEvent: minecraft:game.neutral.swim.splash
[13:25:52] [Client thread/WARN]: Unable to play unknown soundEvent: minecraft:step.stone
[13:25:52] [Client thread/WARN]: Unable to play unknown soundEvent: minecraft:step.sand
[13:25:52] [Client thread/WARN]: Unable to play unknown soundEvent: minecraft:mob.villager.idle
[13:25:52] [Client thread/WARN]: Unable to play unknown soundEvent: minecraft:step.gravel
[13:25:52] [Client thread/WARN]: Unable to play unknown soundEvent: minecraft:step.sand
[13:25:52] [Client thread/WARN]: Unable to play unknown soundEvent: minecraft:step.stone
[13:25:52] [Client thread/WARN]: Unable to play unknown soundEvent: minecraft:step.stone
[13:25:53] [Client thread/WARN]: Unable to play unknown soundEvent: minecraft:game.neutral.swim.splash
[13:25:53] [Client thread/WARN]: Unable to play unknown soundEvent: minecraft:step.sand
[13:25:53] [Client thread/WARN]: Unable to play unknown soundEvent: minecraft:step.stone
[13:25:53] [Client thread/WARN]: Unable to play unknown soundEvent: minecraft:mob.villager.idle
[13:25:53] [Client thread/WARN]: Unable to play unknown soundEvent: minecraft:step.gravel
[13:25:54] [Client thread/WARN]: Unable to play unknown soundEvent: minecraft:dig.grass
[13:25:54] [Client thread/WARN]: Unable to play unknown soundEvent: minecraft:step.sand
[13:25:54] [Client thread/WARN]: Unable to play unknown soundEvent: minecraft:random.bow
[13:25:54] [Client thread/WARN]: Unable to play unknown soundEvent: minecraft:random.bow
[13:25:54] [Client thread/WARN]: Unable to play unknown soundEvent: minecraft:mob.villager.idle
[13:25:54] [Client thread/WARN]: Unable to play unknown soundEvent: minecraft:game.neutral.swim.splash
[13:25:54] [Client thread/WARN]: Unable to play unknown soundEvent: minecraft:random.bowhit
[13:25:54] [Client thread/WARN]: Unable to play unknown soundEvent: minecraft:random.bow
[13:25:54] [Client thread/WARN]: Unable to play unknown soundEvent: minecraft:random.bowhit
[13:25:54] [Client thread/WARN]: Unable to play unknown soundEvent: minecraft:random.bow
[13:25:54] [Client thread/WARN]: Unable to play unknown soundEvent: minecraft:step.sand
[13:25:54] [Client thread/WARN]: Unable to play unknown soundEvent: minecraft:random.bowhit
[13:25:54] [Client thread/WARN]: Unable to play unknown soundEvent: minecraft:random.bow
[13:25:54] [Client thread/WARN]: Unable to play unknown soundEvent: minecraft:mob.villager.idle
[13:25:54] [Client thread/WARN]: Unable to play unknown soundEvent: minecraft:random.bowhit
[13:25:54] [Client thread/WARN]: Unable to play unknown soundEvent: minecraft:random.bow
[13:25:54] [Client thread/WARN]: Unable to play unknown soundEvent: minecraft:random.bowhit
[13:25:54] [Client thread/WARN]: Unable to play unknown soundEvent: minecraft:random.bow
[13:25:54] [Client thread/WARN]: Unable to play unknown soundEvent: minecraft:random.bowhit
[13:25:54] [Client thread/WARN]: Unable to play unknown soundEvent: minecraft:random.bow
[13:25:54] [Client thread/WARN]: Unable to play unknown soundEvent: minecraft:random.bowhit
[13:25:54] [Client thread/WARN]: Unable to play unknown soundEvent: minecraft:random.bow
[13:25:54] [Client thread/WARN]: Unable to play unknown soundEvent: minecraft:random.bowhit
[13:25:54] [Client thread/WARN]: Unable to play unknown soundEvent: minecraft:random.bow
[13:25:54] [Client thread/WARN]: Unable to play unknown soundEvent: minecraft:random.bowhit
[13:25:54] [Client thread/WARN]: Unable to play unknown soundEvent: minecraft:random.bow
[13:25:54] [Client thread/WARN]: Unable to play unknown soundEvent: minecraft:random.bowhit
[13:25:54] [Client thread/WARN]: Unable to play unknown soundEvent: minecraft:random.bow
[13:25:54] [Client thread/WARN]: Unable to play unknown soundEvent: minecraft:step.sand
[13:25:54] [Client thread/WARN]: Unable to play unknown soundEvent: minecraft:random.bowhit
[13:25:54] [Client thread/WARN]: Unable to play unknown soundEvent: minecraft:random.bow
[13:25:54] [Client thread/WARN]: Unable to play unknown soundEvent: minecraft:random.bowhit
[13:25:55] [Client thread/WARN]: Unable to play unknown soundEvent: minecraft:random.bow
[13:25:55] [Client thread/WARN]: Unable to play unknown soundEvent: minecraft:random.bowhit
[13:25:55] [Client thread/WARN]: Unable to play unknown soundEvent: minecraft:random.bow
[13:25:55] [Client thread/WARN]: Unable to play unknown soundEvent: minecraft:random.bowhit
[13:25:55] [Client thread/WARN]: Unable to play unknown soundEvent: minecraft:random.bow
[13:25:55] [Client thread/WARN]: Unable to play unknown soundEvent: minecraft:random.bowhit
[13:25:55] [Client thread/WARN]: Unable to play unknown soundEvent: minecraft:random.bow
[13:25:55] [Client thread/WARN]: Unable to play unknown soundEvent: minecraft:random.bowhit
[13:25:55] [Client thread/WARN]: Unable to play unknown soundEvent: minecraft:random.bow
[13:25:55] [Client thread/WARN]: Unable to play unknown soundEvent: minecraft:random.bowhit
[13:25:55] [Client thread/WARN]: Unable to play unknown soundEvent: minecraft:random.bow
[13:25:55] [Client thread/WARN]: Unable to play unknown soundEvent: minecraft:random.bowhit
[13:25:55] [Client thread/WARN]: Unable to play unknown soundEvent: minecraft:random.bow
[13:25:55] [Client thread/WARN]: Unable to play unknown soundEvent: minecraft:game.neutral.swim.splash
[13:25:55] [Client thread/WARN]: Unable to play unknown soundEvent: minecraft:random.bowhit
[13:25:55] [Client thread/WARN]: Unable to play unknown soundEvent: minecraft:random.bow
[13:25:55] [Client thread/WARN]: Unable to play unknown soundEvent: minecraft:random.bowhit
[13:25:55] [Client thread/WARN]: Unable to play unknown soundEvent: minecraft:random.bow
[13:25:55] [Client thread/WARN]: Unable to play unknown soundEvent: minecraft:random.bowhit
[13:25:55] [Client thread/WARN]: Unable to play unknown soundEvent: minecraft:random.bow
[13:25:55] [Client thread/WARN]: Unable to play unknown soundEvent: minecraft:random.bowhit
[13:25:55] [Client thread/WARN]: Unable to play unknown soundEvent: minecraft:random.bow
[13:25:55] [Client thread/WARN]: Unable to play unknown soundEvent: minecraft:random.bowhit
[13:25:55] [Client thread/WARN]: Unable to play unknown soundEvent: minecraft:random.bow
[13:25:55] [Client thread/WARN]: Unable to play unknown soundEvent: minecraft:random.bowhit
[13:25:55] [Client thread/WARN]: Unable to play unknown soundEvent: minecraft:random.bow
[13:25:55] [Client thread/WARN]: Unable to play unknown soundEvent: minecraft:random.bowhit
[13:25:55] [Client thread/WARN]: Unable to play unknown soundEvent: minecraft:random.bow
[13:25:55] [Client thread/WARN]: Unable to play unknown soundEvent: minecraft:random.bowhit
[13:25:55] [Client thread/WARN]: Unable to play unknown soundEvent: minecraft:random.bow
[13:25:55] [Client thread/WARN]: Unable to play unknown soundEvent: minecraft:random.bowhit
[13:25:55] [Client thread/WARN]: Unable to play unknown soundEvent: minecraft:random.bow
[13:25:55] [Client thread/WARN]: Unable to play unknown soundEvent: minecraft:random.bowhit
[13:25:55] [Client thread/WARN]: Unable to play unknown soundEvent: minecraft:random.bow
[13:25:55] [Client thread/WARN]: Unable to play unknown soundEvent: minecraft:random.bowhit
[13:25:55] [Client thread/WARN]: Unable to play unknown soundEvent: minecraft:random.bow
[13:25:55] [Client thread/WARN]: Unable to play unknown soundEvent: minecraft:random.bowhit
[13:25:55] [Client thread/WARN]: Unable to play unknown soundEvent: minecraft:random.bow
[13:25:55] [Client thread/WARN]: Unable to play unknown soundEvent: minecraft:random.bowhit
[13:25:55] [Client thread/WARN]: Unable to play unknown soundEvent: minecraft:random.bow
[13:25:55] [Client thread/WARN]: Unable to play unknown soundEvent: minecraft:random.bowhit
[13:25:56] [Client thread/WARN]: Unable to play unknown soundEvent: minecraft:random.bow
[13:25:56] [Client thread/WARN]: Unable to play unknown soundEvent: minecraft:random.bowhit
[13:25:56] [Client thread/WARN]: Unable to play unknown soundEvent: minecraft:random.bow
[13:25:56] [Client thread/WARN]: Unable to play unknown soundEvent: minecraft:random.bowhit
[13:25:56] [Client thread/WARN]: Unable to play unknown soundEvent: minecraft:random.bow
[13:25:56] [Client thread/WARN]: Unable to play unknown soundEvent: minecraft:random.bowhit
[13:25:56] [Client thread/WARN]: Unable to play unknown soundEvent: minecraft:random.bow
[13:25:56] [Client thread/WARN]: Unable to play unknown soundEvent: minecraft:mob.villager.idle
[13:25:56] [Client thread/WARN]: Unable to play unknown soundEvent: minecraft:random.bowhit
[13:25:56] [Client thread/WARN]: Unable to play unknown soundEvent: minecraft:random.bow
[13:25:56] [Client thread/WARN]: Unable to play unknown soundEvent: minecraft:random.bow
[13:25:56] [Client thread/WARN]: Unable to play unknown soundEvent: minecraft:game.neutral.swim.splash
[13:25:56] [Client thread/WARN]: Unable to play unknown soundEvent: minecraft:random.bow
[13:25:56] [Client thread/WARN]: Unable to play unknown soundEvent: minecraft:random.bow
[13:25:56] [Client thread/WARN]: Unable to play unknown soundEvent: minecraft:random.bow
[13:25:56] [Client thread/WARN]: Unable to play unknown soundEvent: minecraft:random.bow
[13:25:56] [Client thread/WARN]: Unable to play unknown soundEvent: minecraft:random.bow
[13:25:56] [Client thread/WARN]: Unable to play unknown soundEvent: minecraft:random.bow
[13:25:56] [Client thread/WARN]: Unable to play unknown soundEvent: minecraft:random.bow
[13:25:56] [Client thread/WARN]: Unable to play unknown soundEvent: minecraft:random.bow
[13:25:56] [Client thread/WARN]: Unable to play unknown soundEvent: minecraft:random.bow
[13:25:56] [Client thread/WARN]: Unable to play unknown soundEvent: minecraft:random.bow
[13:25:56] [Client thread/WARN]: Unable to play unknown soundEvent: minecraft:random.bow
[13:25:56] [Client thread/WARN]: Unable to play unknown soundEvent: minecraft:random.bow
[13:25:56] [Client thread/WARN]: Unable to play unknown soundEvent: minecraft:game.neutral.swim.splash
[13:25:56] [Client thread/WARN]: Unable to play unknown soundEvent: minecraft:random.bow
[13:25:56] [Client thread/WARN]: Unable to play unknown soundEvent: minecraft:random.bow
[13:25:57] [Client thread/WARN]: Unable to play unknown soundEvent: minecraft:random.bow
[13:25:57] [Client thread/WARN]: Unable to play unknown soundEvent: minecraft:random.bow
[13:25:57] [Client thread/WARN]: Unable to play unknown soundEvent: minecraft:random.bow
[13:25:57] [Client thread/WARN]: Unable to play unknown soundEvent: minecraft:random.bow
[13:25:57] [Client thread/WARN]: Unable to play unknown soundEvent: minecraft:random.bow
[13:25:57] [Client thread/WARN]: Unable to play unknown soundEvent: minecraft:random.bow
[13:25:57] [Client thread/WARN]: Unable to play unknown soundEvent: minecraft:random.bow
[13:25:57] [Client thread/WARN]: Unable to play unknown soundEvent: minecraft:mob.villager.idle
[13:25:57] [Client thread/WARN]: Unable to play unknown soundEvent: minecraft:step.gravel
[13:25:57] [Client thread/WARN]: Unable to play unknown soundEvent: minecraft:random.bow
[13:25:57] [Client thread/WARN]: Unable to play unknown soundEvent: minecraft:random.bow
[13:25:57] [Client thread/WARN]: Unable to play unknown soundEvent: minecraft:random.bow
[13:25:57] [Client thread/WARN]: Unable to play unknown soundEvent: minecraft:random.bow
[13:25:57] [Client thread/WARN]: Unable to play unknown soundEvent: minecraft:random.bow
[13:25:57] [Client thread/WARN]: Unable to play unknown soundEvent: minecraft:random.bow
[13:25:57] [Client thread/WARN]: Unable to play unknown soundEvent: minecraft:random.bowhit
[13:25:57] [Client thread/WARN]: Unable to play unknown soundEvent: minecraft:random.bow
[13:25:57] [Client thread/WARN]: Unable to play unknown soundEvent: minecraft:random.bowhit
[13:25:57] [Client thread/WARN]: Unable to play unknown soundEvent: minecraft:random.bow
[13:25:57] [Client thread/WARN]: Unable to play unknown soundEvent: minecraft:random.bowhit
[13:25:57] [Client thread/WARN]: Unable to play unknown soundEvent: minecraft:random.bow
[13:25:57] [Client thread/WARN]: Unable to play unknown soundEvent: minecraft:random.bowhit
[13:25:57] [Client thread/WARN]: Unable to play unknown soundEvent: minecraft:random.bow
[13:25:57] [Client thread/WARN]: Unable to play unknown soundEvent: minecraft:step.gravel
[13:25:57] [Client thread/WARN]: Unable to play unknown soundEvent: minecraft:random.bowhit
[13:25:57] [Client thread/WARN]: Unable to play unknown soundEvent: minecraft:random.bow
[13:25:57] [Client thread/WARN]: Unable to play unknown soundEvent: minecraft:dig.grass
[13:25:57] [Client thread/WARN]: Unable to play unknown soundEvent: minecraft:game.neutral.swim.splash
[13:25:57] [Client thread/WARN]: Unable to play unknown soundEvent: minecraft:random.bowhit
[13:25:57] [Client thread/WARN]: Unable to play unknown soundEvent: minecraft:random.bow
[13:25:57] [Client thread/WARN]: Unable to play unknown soundEvent: minecraft:random.bowhit
[13:25:57] [Client thread/WARN]: Unable to play unknown soundEvent: minecraft:random.bow
[13:25:57] [Client thread/WARN]: Unable to play unknown soundEvent: minecraft:random.bowhit
[13:25:58] [Client thread/WARN]: Unable to play unknown soundEvent: minecraft:random.bow
[13:25:58] [Client thread/WARN]: Unable to play unknown soundEvent: minecraft:random.bowhit
[13:25:58] [Client thread/WARN]: Unable to play unknown soundEvent: minecraft:random.bowhit
[13:25:58] [Client thread/WARN]: Unable to play unknown soundEvent: minecraft:random.bow
[13:25:58] [Client thread/WARN]: Unable to play unknown soundEvent: minecraft:random.bow
[13:25:58] [Client thread/WARN]: Unable to play unknown soundEvent: minecraft:random.bowhit
[13:25:58] [Client thread/WARN]: Unable to play unknown soundEvent: minecraft:random.bow
[13:25:58] [Client thread/WARN]: Unable to play unknown soundEvent: minecraft:random.bowhit
[13:25:58] [Client thread/WARN]: Unable to play unknown soundEvent: minecraft:random.bow
[13:25:58] [Client thread/WARN]: Unable to play unknown soundEvent: minecraft:random.bowhit
[13:25:58] [Client thread/WARN]: Unable to play unknown soundEvent: minecraft:random.bow
[13:25:58] [Client thread/WARN]: Unable to play unknown soundEvent: minecraft:random.bowhit
[13:25:58] [Client thread/WARN]: Unable to play unknown soundEvent: minecraft:random.bow
[13:25:58] [Client thread/WARN]: Unable to play unknown soundEvent: minecraft:random.bowhit
[13:25:58] [Client thread/WARN]: Unable to play unknown soundEvent: minecraft:mob.villager.death
[13:25:58] [Client thread/WARN]: Unable to play unknown soundEvent: minecraft:random.bowhit
[13:25:58] [Client thread/WARN]: Unable to play unknown soundEvent: minecraft:random.bow
[13:25:58] [Client thread/WARN]: Unable to play unknown soundEvent: minecraft:game.neutral.swim
[13:25:58] [Client thread/WARN]: Unable to play unknown soundEvent: minecraft:random.bowhit
[13:25:58] [Client thread/WARN]: Unable to play unknown soundEvent: minecraft:random.bow
[13:25:58] [Client thread/WARN]: Unable to play unknown soundEvent: minecraft:random.bowhit
[13:25:58] [Client thread/WARN]: Unable to play unknown soundEvent: minecraft:random.bow
[13:25:58] [Client thread/WARN]: Unable to play unknown soundEvent: minecraft:random.bow
[13:25:58] [Client thread/WARN]: Unable to play unknown soundEvent: minecraft:random.bow
[13:25:58] [Client thread/WARN]: Unable to play unknown soundEvent: minecraft:random.bowhit
[13:25:58] [Client thread/WARN]: Unable to play unknown soundEvent: minecraft:random.bow
[13:25:58] [Client thread/WARN]: Unable to play unknown soundEvent: minecraft:random.bowhit
[13:25:58] [Client thread/WARN]: Unable to play unknown soundEvent: minecraft:random.bow
[13:25:58] [Client thread/WARN]: Unable to play unknown soundEvent: minecraft:random.bowhit
[13:25:58] [Client thread/WARN]: Unable to play unknown soundEvent: minecraft:random.bow
[13:25:58] [Client thread/WARN]: Unable to play unknown soundEvent: minecraft:random.bowhit
[13:25:58] [Client thread/WARN]: Unable to play unknown soundEvent: minecraft:random.bow
[13:25:58] [Client thread/WARN]: Unable to play unknown soundEvent: minecraft:random.bowhit
[13:25:58] [Client thread/WARN]: Unable to play unknown soundEvent: minecraft:random.bow
[13:25:58] [Client thread/WARN]: Unable to play unknown soundEvent: minecraft:game.neutral.swim.splash
[13:25:58] [Client thread/WARN]: Unable to play unknown soundEvent: minecraft:game.neutral.swim
[13:25:58] [Client thread/WARN]: Unable to play unknown soundEvent: minecraft:random.bowhit
[13:25:58] [Client thread/WARN]: Unable to play unknown soundEvent: minecraft:random.bow
[13:25:58] [Client thread/WARN]: Unable to play unknown soundEvent: minecraft:random.bowhit
[13:25:58] [Client thread/WARN]: Unable to play unknown soundEvent: minecraft:random.bow
[13:25:58] [Client thread/WARN]: Unable to play unknown soundEvent: minecraft:random.bowhit
[13:25:58] [Client thread/WARN]: Unable to play unknown soundEvent: minecraft:random.bow
[13:25:58] [Client thread/WARN]: Unable to play unknown soundEvent: minecraft:random.bowhit
[13:25:59] [Client thread/WARN]: Unable to play unknown soundEvent: minecraft:random.bow
[13:25:59] [Client thread/WARN]: Unable to play unknown soundEvent: minecraft:random.bowhit
[13:25:59] [Client thread/WARN]: Unable to play unknown soundEvent: minecraft:random.bow
[13:25:59] [Client thread/WARN]: Unable to play unknown soundEvent: minecraft:random.bowhit
[13:25:59] [Client thread/WARN]: Unable to play unknown soundEvent: minecraft:random.bow
[13:25:59] [Client thread/WARN]: Unable to play unknown soundEvent: minecraft:random.bowhit
[13:25:59] [Client thread/WARN]: Unable to play unknown soundEvent: minecraft:random.bow
[13:25:59] [Client thread/WARN]: Unable to play unknown soundEvent: minecraft:random.bowhit
[13:25:59] [Client thread/WARN]: Unable to play unknown soundEvent: minecraft:random.bow
[13:25:59] [Client thread/WARN]: Unable to play unknown soundEvent: minecraft:random.bowhit
[13:25:59] [Client thread/WARN]: Unable to play unknown soundEvent: minecraft:random.bow
[13:25:59] [Client thread/WARN]: Unable to play unknown soundEvent: minecraft:random.bowhit
[13:25:59] [Client thread/WARN]: Unable to play unknown soundEvent: minecraft:random.bowhit
[13:25:59] [Client thread/WARN]: Unable to play unknown soundEvent: minecraft:random.bowhit
[13:25:59] [Client thread/WARN]: Unable to play unknown soundEvent: minecraft:random.bow
[13:25:59] [Client thread/WARN]: Unable to play unknown soundEvent: minecraft:random.bowhit
[13:25:59] [Client thread/WARN]: Unable to play unknown soundEvent: minecraft:random.bowhit
[13:25:59] [Client thread/WARN]: Unable to play unknown soundEvent: minecraft:random.bow
[13:25:59] [Client thread/WARN]: Unable to play unknown soundEvent: minecraft:random.bowhit
[13:25:59] [Client thread/WARN]: Unable to play unknown soundEvent: minecraft:random.bow
[13:25:59] [Client thread/WARN]: Unable to play unknown soundEvent: minecraft:game.neutral.swim.splash
[13:25:59] [Client thread/WARN]: Unable to play unknown soundEvent: minecraft:random.bow
[13:25:59] [Client thread/WARN]: Unable to play unknown soundEvent: minecraft:random.bowhit
[13:25:59] [Client thread/WARN]: Unable to play unknown soundEvent: minecraft:random.bow
[13:25:59] [Client thread/WARN]: Unable to play unknown soundEvent: minecraft:random.bow
[13:25:59] [Client thread/WARN]: Unable to play unknown soundEvent: minecraft:random.bow
[13:25:59] [Client thread/WARN]: Unable to play unknown soundEvent: minecraft:mob.villager.idle
[13:25:59] [Client thread/WARN]: Unable to play unknown soundEvent: minecraft:random.bowhit
[13:25:59] [Client thread/WARN]: Unable to play unknown soundEvent: minecraft:random.bow
[13:25:59] [Client thread/WARN]: Unable to play unknown soundEvent: minecraft:random.bow
[13:25:59] [Client thread/WARN]: Unable to play unknown soundEvent: minecraft:random.bow
[13:25:59] [Client thread/WARN]: Unable to play unknown soundEvent: minecraft:random.bow
[13:25:59] [Client thread/WARN]: Unable to play unknown soundEvent: minecraft:random.bow
[13:26:00] [Client thread/WARN]: Unable to play unknown soundEvent: minecraft:random.bow
[13:26:00] [Client thread/WARN]: Unable to play unknown soundEvent: minecraft:random.bow
[13:26:00] [Client thread/WARN]: Unable to play unknown soundEvent: minecraft:mob.villager.hit
[13:26:00] [Client thread/WARN]: Unable to play unknown soundEvent: minecraft:random.bowhit
[13:26:00] [Client thread/WARN]: Unable to play unknown soundEvent: minecraft:random.bow
[13:26:00] [Client thread/WARN]: Unable to play unknown soundEvent: minecraft:random.bow
[13:26:00] [Client thread/WARN]: Unable to play unknown soundEvent: minecraft:random.bow
[13:26:00] [Client thread/WARN]: Unable to play unknown soundEvent: minecraft:random.bow
[13:26:00] [Client thread/WARN]: Unable to play unknown soundEvent: minecraft:random.bow
[13:26:00] [Client thread/WARN]: Unable to play unknown soundEvent: minecraft:step.grass
[13:26:00] [Client thread/WARN]: Unable to play unknown soundEvent: minecraft:random.bowhit
[13:26:00] [Client thread/WARN]: Unable to play unknown soundEvent: minecraft:random.bow
[13:26:00] [Client thread/WARN]: Unable to play unknown soundEvent: minecraft:mob.villager.idle
[13:26:00] [Client thread/WARN]: Unable to play unknown soundEvent: minecraft:random.bowhit
[13:26:00] [Client thread/WARN]: Unable to play unknown soundEvent: minecraft:random.bow
[13:26:00] [Client thread/WARN]: Unable to play unknown soundEvent: minecraft:random.bowhit
[13:26:00] [Client thread/WARN]: Unable to play unknown soundEvent: minecraft:random.bow
[13:26:00] [Client thread/WARN]: Unable to play unknown soundEvent: minecraft:random.bow
[13:26:00] [Client thread/WARN]: Unable to play unknown soundEvent: minecraft:random.bowhit
[13:26:00] [Client thread/WARN]: Unable to play unknown soundEvent: minecraft:random.bowhit
[13:26:00] [Client thread/WARN]: Unable to play unknown soundEvent: minecraft:random.bow
[13:26:00] [Client thread/WARN]: Unable to play unknown soundEvent: minecraft:random.bowhit
[13:26:00] [Client thread/WARN]: Unable to play unknown soundEvent: minecraft:mob.villager.death
[13:26:00] [Client thread/WARN]: Unable to play unknown soundEvent: minecraft:random.bowhit
[13:26:00] [Client thread/WARN]: Unable to play unknown soundEvent: minecraft:random.bow
[13:26:00] [Client thread/WARN]: Unable to play unknown soundEvent: minecraft:random.bowhit
[13:26:00] [Client thread/WARN]: Unable to play unknown soundEvent: minecraft:random.bowhit
[13:26:00] [Client thread/WARN]: Unable to play unknown soundEvent: minecraft:random.bow
[13:26:00] [Client thread/WARN]: Unable to play unknown soundEvent: minecraft:random.bow
[13:26:00] [Client thread/WARN]: Unable to play unknown soundEvent: minecraft:random.bow
[13:26:00] [Client thread/WARN]: Unable to play unknown soundEvent: minecraft:step.grass
[13:26:00] [Client thread/WARN]: Unable to play unknown soundEvent: minecraft:random.bowhit
[13:26:00] [Client thread/WARN]: Unable to play unknown soundEvent: minecraft:random.bowhit
[13:26:00] [Client thread/WARN]: Unable to play unknown soundEvent: minecraft:random.bow
[13:26:00] [Client thread/WARN]: Unable to play unknown soundEvent: minecraft:random.bow
[13:26:00] [Client thread/WARN]: Unable to play unknown soundEvent: minecraft:random.bowhit
[13:26:00] [Client thread/WARN]: Unable to play unknown soundEvent: minecraft:random.bow
[13:26:00] [Client thread/WARN]: Unable to play unknown soundEvent: minecraft:random.bowhit
[13:26:00] [Client thread/WARN]: Unable to play unknown soundEvent: minecraft:random.bow
[13:26:00] [Client thread/WARN]: Unable to play unknown soundEvent: minecraft:random.bowhit
[13:26:01] [Client thread/WARN]: Unable to play unknown soundEvent: minecraft:random.bow
[13:26:01] [Client thread/WARN]: Unable to play unknown soundEvent: minecraft:random.bow
[13:26:01] [Client thread/WARN]: Unable to play unknown soundEvent: minecraft:random.bowhit
[13:26:01] [Client thread/WARN]: Unable to play unknown soundEvent: minecraft:random.bowhit
[13:26:01] [Client thread/WARN]: Unable to play unknown soundEvent: minecraft:random.bowhit
[13:26:01] [Client thread/WARN]: Unable to play unknown soundEvent: minecraft:step.sand
[13:26:01] [Client thread/WARN]: Unable to play unknown soundEvent: minecraft:random.bowhit
[13:26:01] [Client thread/WARN]: Unable to play unknown soundEvent: minecraft:random.bowhit
[13:26:01] [Client thread/WARN]: Unable to play unknown soundEvent: minecraft:random.bowhit
[13:26:01] [Client thread/WARN]: Unable to play unknown soundEvent: minecraft:random.bowhit
[13:26:01] [Client thread/WARN]: Unable to play unknown soundEvent: minecraft:random.bowhit
[13:26:01] [Client thread/WARN]: Unable to play unknown soundEvent: minecraft:random.bowhit
[13:26:01] [Client thread/WARN]: Unable to play unknown soundEvent: minecraft:random.bowhit
[13:26:01] [Client thread/WARN]: Unable to play unknown soundEvent: minecraft:step.stone
[13:26:01] [Client thread/WARN]: Unable to play unknown soundEvent: minecraft:step.stone
[13:26:02] [Client thread/WARN]: Unable to play unknown soundEvent: minecraft:step.sand
[13:26:02] [Client thread/WARN]: Unable to play unknown soundEvent: minecraft:random.bow
[13:26:02] [Client thread/WARN]: Unable to play unknown soundEvent: minecraft:random.bow
[13:26:02] [Client thread/WARN]: Unable to play unknown soundEvent: minecraft:random.bow
[13:26:02] [Client thread/WARN]: Unable to play unknown soundEvent: minecraft:random.bow
[13:26:02] [Client thread/WARN]: Unable to play unknown soundEvent: minecraft:random.bow
[13:26:02] [Client thread/WARN]: Unable to play unknown soundEvent: minecraft:mob.villager.idle
[13:26:02] [Client thread/WARN]: Unable to play unknown soundEvent: minecraft:random.bow
[13:26:02] [Client thread/WARN]: Unable to play unknown soundEvent: minecraft:random.bow
[13:26:02] [Client thread/WARN]: Unable to play unknown soundEvent: minecraft:random.bowhit
[13:26:02] [Client thread/WARN]: Unable to play unknown soundEvent: minecraft:random.bow
[13:26:02] [Client thread/WARN]: Unable to play unknown soundEvent: minecraft:random.bowhit
[13:26:03] [Client thread/WARN]: Unable to play unknown soundEvent: minecraft:random.bow
[13:26:03] [Client thread/WARN]: Unable to play unknown soundEvent: minecraft:random.bow
[13:26:03] [Client thread/WARN]: Unable to play unknown soundEvent: minecraft:random.bow
[13:26:03] [Client thread/WARN]: Unable to play unknown soundEvent: minecraft:mob.villager.hit
[13:26:03] [Client thread/WARN]: Unable to play unknown soundEvent: minecraft:random.bowhit
[13:26:03] [Client thread/WARN]: Unable to play unknown soundEvent: minecraft:random.bow
[13:26:03] [Client thread/WARN]: Unable to play unknown soundEvent: minecraft:random.bow
[13:26:03] [Client thread/WARN]: Unable to play unknown soundEvent: minecraft:random.bow
[13:26:03] [Client thread/WARN]: Unable to play unknown soundEvent: minecraft:random.bowhit
[13:26:03] [Client thread/WARN]: Unable to play unknown soundEvent: minecraft:random.bow
[13:26:03] [Client thread/WARN]: Unable to play unknown soundEvent: minecraft:random.bow
[13:26:03] [Client thread/WARN]: Unable to play unknown soundEvent: minecraft:random.bow
[13:26:03] [Client thread/WARN]: Unable to play unknown soundEvent: minecraft:random.bow
[13:26:03] [Client thread/WARN]: Unable to play unknown soundEvent: minecraft:random.bowhit
[13:26:03] [Client thread/WARN]: Unable to play unknown soundEvent: minecraft:random.bowhit
[13:26:03] [Client thread/WARN]: Unable to play unknown soundEvent: minecraft:random.bowhit
[13:26:03] [Client thread/WARN]: Unable to play unknown soundEvent: minecraft:mob.villager.death
[13:26:03] [Client thread/WARN]: Unable to play unknown soundEvent: minecraft:random.bowhit
[13:26:03] [Client thread/WARN]: Unable to play unknown soundEvent: minecraft:random.bow
[13:26:03] [Client thread/WARN]: Unable to play unknown soundEvent: minecraft:random.bow
[13:26:03] [Client thread/WARN]: Unable to play unknown soundEvent: minecraft:random.bowhit
[13:26:03] [Client thread/WARN]: Unable to play unknown soundEvent: minecraft:random.bow
[13:26:03] [Client thread/WARN]: Unable to play unknown soundEvent: minecraft:step.sand
[13:26:03] [Client thread/WARN]: Unable to play unknown soundEvent: minecraft:random.bowhit
[13:26:03] [Client thread/WARN]: Unable to play unknown soundEvent: minecraft:random.bow
[13:26:03] [Client thread/WARN]: Unable to play unknown soundEvent: minecraft:random.bowhit
[13:26:03] [Client thread/WARN]: Unable to play unknown soundEvent: minecraft:random.bow
[13:26:03] [Client thread/WARN]: Unable to play unknown soundEvent: minecraft:random.bowhit
[13:26:03] [Client thread/WARN]: Unable to play unknown soundEvent: minecraft:random.bowhit
[13:26:03] [Client thread/WARN]: Unable to play unknown soundEvent: minecraft:random.bow
[13:26:03] [Client thread/WARN]: Unable to play unknown soundEvent: minecraft:random.bowhit
[13:26:03] [Client thread/WARN]: Unable to play unknown soundEvent: minecraft:random.bowhit
[13:26:03] [Client thread/WARN]: Unable to play unknown soundEvent: minecraft:random.bow
[13:26:03] [Client thread/WARN]: Unable to play unknown soundEvent: minecraft:random.bowhit
[13:26:04] [Client thread/WARN]: Unable to play unknown soundEvent: minecraft:random.bow
[13:26:04] [Client thread/WARN]: Unable to play unknown soundEvent: minecraft:random.bowhit
[13:26:04] [Client thread/WARN]: Unable to play unknown soundEvent: minecraft:random.bowhit
[13:26:04] [Client thread/WARN]: Unable to play unknown soundEvent: minecraft:random.bow
[13:26:04] [Client thread/WARN]: Unable to play unknown soundEvent: minecraft:random.bowhit
[13:26:04] [Client thread/WARN]: Unable to play unknown soundEvent: minecraft:random.bow
[13:26:04] [Client thread/WARN]: Unable to play unknown soundEvent: minecraft:random.bowhit
[13:26:04] [Client thread/WARN]: Unable to play unknown soundEvent: minecraft:random.bow
[13:26:04] [Client thread/WARN]: Unable to play unknown soundEvent: minecraft:random.bowhit
[13:26:04] [Client thread/WARN]: Unable to play unknown soundEvent: minecraft:random.bow
[13:26:04] [Client thread/WARN]: Unable to play unknown soundEvent: minecraft:step.sand
[13:26:04] [Client thread/WARN]: Unable to play unknown soundEvent: minecraft:random.bowhit
[13:26:04] [Client thread/WARN]: Unable to play unknown soundEvent: minecraft:random.bow
[13:26:04] [Client thread/WARN]: Unable to play unknown soundEvent: minecraft:random.bowhit
[13:26:04] [Client thread/WARN]: Unable to play unknown soundEvent: minecraft:random.bow
[13:26:04] [Client thread/WARN]: Unable to play unknown soundEvent: minecraft:random.bowhit
[13:26:04] [Client thread/WARN]: Unable to play unknown soundEvent: minecraft:random.bow
[13:26:04] [Client thread/WARN]: Unable to play unknown soundEvent: minecraft:random.bowhit
[13:26:04] [Client thread/WARN]: Unable to play unknown soundEvent: minecraft:mob.villager.hit
[13:26:04] [Client thread/WARN]: Unable to play unknown soundEvent: minecraft:random.bowhit
[13:26:04] [Client thread/WARN]: Unable to play unknown soundEvent: minecraft:random.bow
[13:26:04] [Client thread/WARN]: Unable to play unknown soundEvent: minecraft:random.bow
[13:26:04] [Client thread/WARN]: Unable to play unknown soundEvent: minecraft:random.bow
[13:26:04] [Client thread/WARN]: Unable to play unknown soundEvent: minecraft:random.bowhit
[13:26:04] [Client thread/WARN]: Unable to play unknown soundEvent: minecraft:random.bow
[13:26:04] [Client thread/WARN]: Unable to play unknown soundEvent: minecraft:random.bowhit
[13:26:04] [Client thread/WARN]: Unable to play unknown soundEvent: minecraft:random.bow
[13:26:04] [Client thread/WARN]: Unable to play unknown soundEvent: minecraft:random.bowhit
[13:26:04] [Client thread/WARN]: Unable to play unknown soundEvent: minecraft:random.bow
[13:26:04] [Client thread/WARN]: Unable to play unknown soundEvent: minecraft:step.sand
[13:26:04] [Client thread/WARN]: Unable to play unknown soundEvent: minecraft:random.bowhit
[13:26:04] [Client thread/WARN]: Unable to play unknown soundEvent: minecraft:random.bow
[13:26:04] [Client thread/WARN]: Unable to play unknown soundEvent: minecraft:random.bowhit
[13:26:04] [Client thread/WARN]: Unable to play unknown soundEvent: minecraft:random.bow
[13:26:04] [Client thread/WARN]: Unable to play unknown soundEvent: minecraft:random.bowhit
[13:26:04] [Client thread/WARN]: Unable to play unknown soundEvent: minecraft:random.bowhit
[13:26:04] [Client thread/WARN]: Unable to play unknown soundEvent: minecraft:random.bow
[13:26:04] [Client thread/WARN]: Unable to play unknown soundEvent: minecraft:random.bowhit
[13:26:04] [Client thread/WARN]: Unable to play unknown soundEvent: minecraft:random.bow
[13:26:04] [Client thread/WARN]: Unable to play unknown soundEvent: minecraft:random.bowhit
[13:26:04] [Client thread/WARN]: Unable to play unknown soundEvent: minecraft:random.bow
[13:26:04] [Client thread/WARN]: Unable to play unknown soundEvent: minecraft:random.bowhit
[13:26:04] [Client thread/WARN]: Unable to play unknown soundEvent: minecraft:random.bow
[13:26:04] [Client thread/WARN]: Unable to play unknown soundEvent: minecraft:random.bowhit
[13:26:05] [Client thread/WARN]: Unable to play unknown soundEvent: minecraft:random.bow
[13:26:05] [Client thread/WARN]: Unable to play unknown soundEvent: minecraft:random.bowhit
[13:26:05] [Client thread/WARN]: Unable to play unknown soundEvent: minecraft:random.bow
[13:26:05] [Client thread/WARN]: Unable to play unknown soundEvent: minecraft:random.bowhit
[13:26:05] [Client thread/WARN]: Unable to play unknown soundEvent: minecraft:random.bow
[13:26:05] [Client thread/WARN]: Unable to play unknown soundEvent: minecraft:step.sand
[13:26:05] [Client thread/WARN]: Unable to play unknown soundEvent: minecraft:random.bowhit
[13:26:05] [Client thread/WARN]: Unable to play unknown soundEvent: minecraft:random.bow
[13:26:05] [Client thread/WARN]: Unable to play unknown soundEvent: minecraft:random.bowhit
[13:26:05] [Client thread/WARN]: Unable to play unknown soundEvent: minecraft:random.bow
[13:26:05] [Client thread/WARN]: Unable to play unknown soundEvent: minecraft:random.bowhit
[13:26:05] [Client thread/WARN]: Unable to play unknown soundEvent: minecraft:random.bow
[13:26:05] [Client thread/WARN]: Unable to play unknown soundEvent: minecraft:random.bowhit
[13:26:05] [Client thread/WARN]: Unable to play unknown soundEvent: minecraft:random.bow
[13:26:05] [Client thread/WARN]: Unable to play unknown soundEvent: minecraft:random.bowhit
[13:26:05] [Client thread/WARN]: Unable to play unknown soundEvent: minecraft:random.bow
[13:26:05] [Client thread/WARN]: Unable to play unknown soundEvent: minecraft:random.bowhit
[13:26:05] [Client thread/WARN]: Unable to play unknown soundEvent: minecraft:random.bow
[13:26:05] [Client thread/WARN]: Unable to play unknown soundEvent: minecraft:random.bowhit
[13:26:05] [Client thread/WARN]: Unable to play unknown soundEvent: minecraft:random.bow
[13:26:05] [Client thread/WARN]: Unable to play unknown soundEvent: minecraft:random.bowhit
[13:26:05] [Client thread/WARN]: Unable to play unknown soundEvent: minecraft:random.bow
[13:26:05] [Client thread/WARN]: Unable to play unknown soundEvent: minecraft:random.bowhit
[13:26:05] [Client thread/WARN]: Unable to play unknown soundEvent: minecraft:random.bow
[13:26:05] [Client thread/WARN]: Unable to play unknown soundEvent: minecraft:step.sand
[13:26:05] [Client thread/WARN]: Unable to play unknown soundEvent: minecraft:random.bowhit
[13:26:05] [Client thread/WARN]: Unable to play unknown soundEvent: minecraft:random.bow
[13:26:05] [Client thread/WARN]: Unable to play unknown soundEvent: minecraft:random.bow
[13:26:05] [Client thread/WARN]: Unable to play unknown soundEvent: minecraft:random.bowhit
[13:26:05] [Client thread/WARN]: Unable to play unknown soundEvent: minecraft:random.bow
[13:26:05] [Client thread/WARN]: Unable to play unknown soundEvent: minecraft:mob.villager.hit
[13:26:05] [Client thread/WARN]: Unable to play unknown soundEvent: minecraft:random.bowhit
[13:26:05] [Client thread/WARN]: Unable to play unknown soundEvent: minecraft:random.bow
[13:26:05] [Client thread/WARN]: Unable to play unknown soundEvent: minecraft:random.bow
[13:26:05] [Client thread/WARN]: Unable to play unknown soundEvent: minecraft:random.bowhit
[13:26:05] [Client thread/WARN]: Unable to play unknown soundEvent: minecraft:random.bow
[13:26:05] [Client thread/WARN]: Unable to play unknown soundEvent: minecraft:random.bow
[13:26:05] [Client thread/WARN]: Unable to play unknown soundEvent: minecraft:random.bowhit
[13:26:05] [Client thread/WARN]: Unable to play unknown soundEvent: minecraft:random.bow
[13:26:06] [Client thread/WARN]: Unable to play unknown soundEvent: minecraft:random.bow
[13:26:06] [Client thread/WARN]: Unable to play unknown soundEvent: minecraft:random.bowhit
[13:26:06] [Client thread/WARN]: Unable to play unknown soundEvent: minecraft:random.bow
[13:26:06] [Client thread/WARN]: Unable to play unknown soundEvent: minecraft:random.bow
[13:26:06] [Client thread/WARN]: Unable to play unknown soundEvent: minecraft:random.bow
[13:26:06] [Client thread/WARN]: Unable to play unknown soundEvent: minecraft:random.bow
[13:26:06] [Client thread/WARN]: Unable to play unknown soundEvent: minecraft:step.stone
[13:26:06] [Client thread/WARN]: Unable to play unknown soundEvent: minecraft:random.bowhit
[13:26:06] [Client thread/WARN]: Unable to play unknown soundEvent: minecraft:random.bowhit
[13:26:06] [Client thread/WARN]: Unable to play unknown soundEvent: minecraft:random.bow
[13:26:06] [Client thread/WARN]: Unable to play unknown soundEvent: minecraft:random.bow
[13:26:06] [Client thread/WARN]: Unable to play unknown soundEvent: minecraft:random.bowhit
[13:26:06] [Client thread/WARN]: Unable to play unknown soundEvent: minecraft:random.bowhit
[13:26:06] [Client thread/WARN]: Unable to play unknown soundEvent: minecraft:random.bow
[13:26:06] [Client thread/WARN]: Unable to play unknown soundEvent: minecraft:random.bowhit
[13:26:06] [Client thread/WARN]: Unable to play unknown soundEvent: minecraft:mob.villager.idle
[13:26:06] [Client thread/WARN]: Unable to play unknown soundEvent: minecraft:step.sand
[13:26:06] [Client thread/WARN]: Unable to play unknown soundEvent: minecraft:step.sand
[13:26:07] [Client thread/WARN]: Unable to play unknown soundEvent: minecraft:step.sand
[13:26:07] [Client thread/WARN]: Unable to play unknown soundEvent: minecraft:random.pop
[13:26:07] [Client thread/WARN]: Unable to play unknown soundEvent: minecraft:minecart.base
[13:26:07] [Client thread/WARN]: Unable to play unknown soundEvent: minecraft:minecart.base
[13:26:07] [Client thread/WARN]: Unable to play unknown soundEvent: minecraft:minecart.base
[13:26:07] [Client thread/WARN]: Unable to play unknown soundEvent: minecraft:step.sand
[13:26:08] [Client thread/WARN]: Unable to play unknown soundEvent: minecraft:random.pop
[13:26:08] [Client thread/WARN]: Unable to play unknown soundEvent: minecraft:step.sand
[13:26:08] [Client thread/WARN]: Unable to play unknown soundEvent: minecraft:random.pop
[13:26:08] [Client thread/WARN]: Unable to play unknown soundEvent: minecraft:random.pop
[13:26:08] [Client thread/WARN]: Unable to play unknown soundEvent: minecraft:random.pop
[13:26:08] [Client thread/WARN]: Unable to play unknown soundEvent: minecraft:random.pop
[13:26:08] [Client thread/WARN]: Unable to play unknown soundEvent: minecraft:random.pop
[13:26:08] [Client thread/WARN]: Unable to play unknown soundEvent: minecraft:random.pop
[13:26:08] [Client thread/WARN]: Unable to play unknown soundEvent: minecraft:random.pop
[13:26:08] [Client thread/WARN]: Unable to play unknown soundEvent: minecraft:random.pop
[13:26:08] [Client thread/WARN]: Unable to play unknown soundEvent: minecraft:random.pop
[13:26:08] [Client thread/WARN]: Unable to play unknown soundEvent: minecraft:random.pop
[13:26:08] [Client thread/WARN]: Unable to play unknown soundEvent: minecraft:random.pop
[13:26:08] [Client thread/WARN]: Unable to play unknown soundEvent: minecraft:random.pop
[13:26:08] [Client thread/WARN]: Unable to play unknown soundEvent: minecraft:random.pop
[13:26:08] [Client thread/WARN]: Unable to play unknown soundEvent: minecraft:random.pop
[13:26:08] [Client thread/WARN]: Unable to play unknown soundEvent: minecraft:random.bow
[13:26:08] [Client thread/WARN]: Unable to play unknown soundEvent: minecraft:random.pop
[13:26:08] [Client thread/WARN]: Unable to play unknown soundEvent: minecraft:random.bow
[13:26:08] [Client thread/WARN]: Unable to play unknown soundEvent: minecraft:random.bow
[13:26:08] [Client thread/WARN]: Unable to play unknown soundEvent: minecraft:random.bow
[13:26:08] [Client thread/WARN]: Unable to play unknown soundEvent: minecraft:random.bow
[13:26:08] [Client thread/WARN]: Unable to play unknown soundEvent: minecraft:random.bow
[13:26:08] [Client thread/WARN]: Unable to play unknown soundEvent: minecraft:random.bow
[13:26:08] [Client thread/WARN]: Unable to play unknown soundEvent: minecraft:random.bow
[13:26:08] [Client thread/WARN]: Unable to play unknown soundEvent: minecraft:random.bow
[13:26:08] [Client thread/WARN]: Unable to play unknown soundEvent: minecraft:random.bow
[13:26:08] [Client thread/WARN]: Unable to play unknown soundEvent: minecraft:random.bow
[13:26:08] [Client thread/WARN]: Unable to play unknown soundEvent: minecraft:random.bow
[13:26:08] [Client thread/WARN]: Unable to play unknown soundEvent: minecraft:random.bow
[13:26:08] [Client thread/WARN]: Unable to play unknown soundEvent: minecraft:random.bow
[13:26:09] [Client thread/WARN]: Unable to play unknown soundEvent: minecraft:random.bow
[13:26:09] [Client thread/WARN]: Unable to play unknown soundEvent: minecraft:random.bow
[13:26:09] [Client thread/WARN]: Unable to play unknown soundEvent: minecraft:random.bow
[13:26:09] [Client thread/WARN]: Unable to play unknown soundEvent: minecraft:random.bow
[13:26:09] [Client thread/WARN]: Unable to play unknown soundEvent: minecraft:random.bow
[13:26:09] [Client thread/WARN]: Unable to play unknown soundEvent: minecraft:random.bow
[13:26:09] [Client thread/WARN]: Unable to play unknown soundEvent: minecraft:random.bow
[13:26:09] [Client thread/WARN]: Unable to play unknown soundEvent: minecraft:random.bow
[13:26:09] [Client thread/WARN]: Unable to play unknown soundEvent: minecraft:random.bow
[13:26:09] [Client thread/WARN]: Unable to play unknown soundEvent: minecraft:random.bow
[13:26:09] [Client thread/WARN]: Unable to play unknown soundEvent: minecraft:random.pop
[13:26:09] [Client thread/WARN]: Unable to play unknown soundEvent: minecraft:random.pop
[13:26:09] [Client thread/WARN]: Unable to play unknown soundEvent: minecraft:random.bow
[13:26:09] [Client thread/WARN]: Unable to play unknown soundEvent: minecraft:random.bow
[13:26:09] [Client thread/WARN]: Unable to play unknown soundEvent: minecraft:random.bow
[13:26:09] [Client thread/WARN]: Unable to play unknown soundEvent: minecraft:random.bow
[13:26:09] [Client thread/WARN]: Unable to play unknown soundEvent: minecraft:random.bow
[13:26:09] [Client thread/WARN]: Unable to play unknown soundEvent: minecraft:random.pop
[13:26:09] [Client thread/WARN]: Unable to play unknown soundEvent: minecraft:random.bow
[13:26:09] [Client thread/WARN]: Unable to play unknown soundEvent: minecraft:random.bow
[13:26:09] [Client thread/WARN]: Unable to play unknown soundEvent: minecraft:random.pop
[13:26:09] [Client thread/WARN]: Unable to play unknown soundEvent: minecraft:random.pop
[13:26:09] [Client thread/WARN]: Unable to play unknown soundEvent: minecraft:random.pop
[13:26:09] [Client thread/WARN]: Unable to play unknown soundEvent: minecraft:random.pop
[13:26:09] [Client thread/WARN]: Unable to play unknown soundEvent: minecraft:random.pop
[13:26:09] [Client thread/WARN]: Unable to play unknown soundEvent: minecraft:random.pop
[13:26:09] [Client thread/WARN]: Unable to play unknown soundEvent: minecraft:random.pop
[13:26:09] [Client thread/WARN]: Unable to play unknown soundEvent: minecraft:random.bow
[13:26:09] [Client thread/WARN]: Unable to play unknown soundEvent: minecraft:random.bow
[13:26:09] [Client thread/WARN]: Unable to play unknown soundEvent: minecraft:random.bow
[13:26:10] [Client thread/WARN]: Unable to play unknown soundEvent: minecraft:random.bow
[13:26:10] [Client thread/WARN]: Unable to play unknown soundEvent: minecraft:random.bow
[13:26:10] [Client thread/WARN]: Unable to play unknown soundEvent: minecraft:random.pop
[13:26:10] [Client thread/WARN]: Unable to play unknown soundEvent: minecraft:random.bow
[13:26:10] [Client thread/WARN]: Unable to play unknown soundEvent: minecraft:random.bow
[13:26:10] [Client thread/WARN]: Unable to play unknown soundEvent: minecraft:random.bow
[13:26:10] [Client thread/WARN]: Unable to play unknown soundEvent: minecraft:random.bow
[13:26:10] [Client thread/WARN]: Unable to play unknown soundEvent: minecraft:random.pop
[13:26:10] [Client thread/WARN]: Unable to play unknown soundEvent: minecraft:random.bow
[13:26:10] [Client thread/WARN]: Unable to play unknown soundEvent: minecraft:random.bow
[13:26:10] [Client thread/WARN]: Unable to play unknown soundEvent: minecraft:random.bow
[13:26:10] [Client thread/WARN]: Unable to play unknown soundEvent: minecraft:random.door_open
[13:26:10] [Client thread/WARN]: Unable to play unknown soundEvent: minecraft:random.bow
[13:26:10] [Client thread/WARN]: Unable to play unknown soundEvent: minecraft:random.bow
[13:26:10] [Client thread/WARN]: Unable to play unknown soundEvent: minecraft:random.bow
[13:26:10] [Client thread/WARN]: Unable to play unknown soundEvent: minecraft:random.bow
[13:26:10] [Client thread/WARN]: Unable to play unknown soundEvent: minecraft:random.bow
[13:26:10] [Client thread/WARN]: Unable to play unknown soundEvent: minecraft:random.bow
[13:26:10] [Client thread/WARN]: Unable to play unknown soundEvent: minecraft:random.bow
[13:26:10] [Client thread/WARN]: Unable to play unknown soundEvent: minecraft:random.bow
[13:26:10] [Client thread/WARN]: Unable to play unknown soundEvent: minecraft:random.bow
[13:26:10] [Client thread/WARN]: Unable to play unknown soundEvent: minecraft:random.bow
[13:26:10] [Client thread/WARN]: Unable to play unknown soundEvent: minecraft:step.sand
[13:26:11] [Client thread/WARN]: Unable to play unknown soundEvent: minecraft:random.pop
[13:26:11] [Client thread/WARN]: Unable to play unknown soundEvent: minecraft:random.door_close
[13:26:11] [Client thread/WARN]: Unable to play unknown soundEvent: minecraft:step.stone
[13:26:11] [Client thread/WARN]: Unable to play unknown soundEvent: minecraft:random.door_open
[13:26:12] [Client thread/WARN]: Unable to play unknown soundEvent: minecraft:step.sand
[13:26:12] [Client thread/WARN]: Unable to play unknown soundEvent: minecraft:mob.villager.idle
[13:26:12] [Client thread/WARN]: Unable to play unknown soundEvent: minecraft:step.sand
[13:26:12] [Client thread/WARN]: Unable to play unknown soundEvent: minecraft:random.bow
[13:26:12] [Client thread/WARN]: Unable to play unknown soundEvent: minecraft:random.door_close
[13:26:13] [Client thread/WARN]: Unable to play unknown soundEvent: minecraft:step.sand
[13:26:13] [Client thread/WARN]: Unable to play unknown soundEvent: minecraft:random.bowhit
[13:26:13] [Client thread/WARN]: Unable to play unknown soundEvent: minecraft:minecart.base
[13:26:13] [Client thread/WARN]: Unable to play unknown soundEvent: minecraft:mob.bat.takeoff
[13:26:13] [Client thread/WARN]: Unable to play unknown soundEvent: minecraft:step.sand
[13:26:14] [Client thread/WARN]: Unable to play unknown soundEvent: minecraft:minecart.base
[13:26:15] [Client thread/WARN]: Unable to play unknown soundEvent: minecraft:mob.bat.takeoff
[13:26:15] [Client thread/WARN]: Unable to play unknown soundEvent: minecraft:minecart.base
[13:26:15] [Client thread/WARN]: Unable to play unknown soundEvent: minecraft:minecart.base
[13:26:15] [Client thread/WARN]: Unable to play unknown soundEvent: minecraft:minecart.base
[13:26:16] [Client thread/WARN]: Unable to play unknown soundEvent: minecraft:minecart.base
[13:26:25] [Client thread/WARN]: Unable to play unknown soundEvent: minecraft:mob.zombiepig.zpig
[13:26:25] [Client thread/WARN]: Unable to play unknown soundEvent: minecraft:mob.zombiepig.zpig
[13:26:25] [Client thread/WARN]: Unable to play unknown soundEvent: minecraft:mob.zombiepig.zpig
[13:26:25] [Client thread/WARN]: Unable to play unknown soundEvent: minecraft:mob.zombiepig.zpig
[13:26:25] [Client thread/WARN]: Unable to play unknown soundEvent: minecraft:mob.zombiepig.zpig
[13:26:25] [Client thread/WARN]: Unable to play unknown soundEvent: minecraft:mob.zombiepig.zpig
[13:26:25] [Client thread/WARN]: Unable to play unknown soundEvent: minecraft:mob.zombiepig.zpig
[13:26:26] [Client thread/WARN]: Unable to play unknown soundEvent: minecraft:mob.zombiepig.zpig
[13:26:26] [Client thread/WARN]: Unable to play unknown soundEvent: minecraft:mob.zombiepig.zpig
[13:26:26] [Client thread/WARN]: Unable to play unknown soundEvent: minecraft:mob.zombiepig.zpig
[13:26:26] [Client thread/WARN]: Unable to play unknown soundEvent: minecraft:mob.zombiepig.zpig
[13:26:26] [Client thread/WARN]: Unable to play unknown soundEvent: minecraft:mob.zombiepig.zpig
[13:26:26] [Client thread/WARN]: Unable to play unknown soundEvent: minecraft:mob.zombiepig.zpig
[13:26:26] [Client thread/WARN]: Unable to play unknown soundEvent: minecraft:mob.zombiepig.zpig
[13:26:26] [Client thread/WARN]: Unable to play unknown soundEvent: minecraft:mob.zombiepig.zpig
[13:26:26] [Client thread/WARN]: Unable to play unknown soundEvent: minecraft:mob.zombiepig.zpig
[13:26:28] [Client thread/WARN]: Unable to play unknown soundEvent: minecraft:mob.zombiepig.zpig
[13:26:28] [Client thread/WARN]: Unable to play unknown soundEvent: minecraft:mob.zombie.step
[13:26:28] [Client thread/WARN]: Unable to play unknown soundEvent: minecraft:mob.zombiepig.zpig
[13:26:28] [Client thread/WARN]: Unable to play unknown soundEvent: minecraft:mob.zombiepig.zpig
[13:26:28] [Client thread/WARN]: Unable to play unknown soundEvent: minecraft:mob.zombiepig.zpig
[13:26:28] [Client thread/WARN]: Unable to play unknown soundEvent: minecraft:mob.zombiepig.zpig
[13:26:28] [Client thread/WARN]: Unable to play unknown soundEvent: minecraft:mob.zombiepig.zpig
[13:26:28] [Client thread/WARN]: Unable to play unknown soundEvent: minecraft:mob.zombiepig.zpig
[13:26:28] [Client thread/WARN]: Unable to play unknown soundEvent: minecraft:mob.zombiepig.zpig
[13:26:28] [Client thread/WARN]: Unable to play unknown soundEvent: minecraft:mob.zombiepig.zpig
[13:26:28] [Client thread/WARN]: Unable to play unknown soundEvent: minecraft:mob.zombiepig.zpig
[13:26:28] [Client thread/WARN]: Unable to play unknown soundEvent: minecraft:mob.zombie.step
[13:26:28] [Client thread/WARN]: Unable to play unknown soundEvent: minecraft:mob.zombiepig.zpig
[13:26:28] [Client thread/WARN]: Unable to play unknown soundEvent: minecraft:mob.zombiepig.zpig
[13:26:28] [Client thread/WARN]: Unable to play unknown soundEvent: minecraft:mob.zombiepig.zpig
[13:26:29] [Client thread/WARN]: Unable to play unknown soundEvent: minecraft:mob.zombiepig.zpig
[13:26:29] [Client thread/WARN]: Unable to play unknown soundEvent: minecraft:mob.zombiepig.zpig
[13:26:29] [Client thread/WARN]: Unable to play unknown soundEvent: minecraft:mob.zombiepig.zpig
[13:26:29] [Client thread/WARN]: Unable to play unknown soundEvent: minecraft:mob.zombiepig.zpig
[13:26:29] [Client thread/WARN]: Unable to play unknown soundEvent: minecraft:mob.zombiepig.zpig
[13:26:29] [Client thread/WARN]: Unable to play unknown soundEvent: minecraft:mob.zombiepig.zpig
[13:26:29] [Client thread/WARN]: Unable to play unknown soundEvent: minecraft:mob.zombiepig.zpig
[13:26:29] [Client thread/WARN]: Unable to play unknown soundEvent: minecraft:mob.zombiepig.zpig
[13:26:29] [Client thread/WARN]: Unable to play unknown soundEvent: minecraft:mob.zombiepig.zpig
[13:26:30] [Client thread/WARN]: Unable to play unknown soundEvent: minecraft:mob.zombiepig.zpig
[13:26:30] [Client thread/WARN]: Unable to play unknown soundEvent: minecraft:mob.zombiepig.zpig
[13:26:30] [Client thread/WARN]: Unable to play unknown soundEvent: minecraft:mob.zombiepig.zpig
[13:26:30] [Client thread/WARN]: Unable to play unknown soundEvent: minecraft:mob.zombiepig.zpig
[13:26:30] [Client thread/WARN]: Unable to play unknown soundEvent: minecraft:mob.zombiepig.zpig
[13:26:30] [Client thread/WARN]: Unable to play unknown soundEvent: minecraft:mob.zombie.step
[13:26:30] [Client thread/WARN]: Unable to play unknown soundEvent: minecraft:mob.zombiepig.zpig
[13:26:30] [Client thread/WARN]: Unable to play unknown soundEvent: minecraft:mob.zombiepig.zpig
[13:26:30] [Client thread/WARN]: Unable to play unknown soundEvent: minecraft:game.hostile.hurt.fall.small
[13:26:30] [Client thread/WARN]: Unable to play unknown soundEvent: minecraft:mob.zombiepig.zpighurt
[13:26:30] [Client thread/WARN]: Unable to play unknown soundEvent: minecraft:step.sand
[13:26:31] [Client thread/WARN]: Unable to play unknown soundEvent: minecraft:mob.zombiepig.zpig
[13:26:31] [Client thread/WARN]: Unable to play unknown soundEvent: minecraft:mob.zombiepig.zpig
[13:26:31] [Client thread/WARN]: Unable to play unknown soundEvent: minecraft:game.hostile.hurt.fall.big
[13:26:31] [Client thread/WARN]: Unable to play unknown soundEvent: minecraft:mob.zombiepig.zpighurt
[13:26:31] [Client thread/WARN]: Unable to play unknown soundEvent: minecraft:step.sand
[13:26:31] [Client thread/WARN]: Unable to play unknown soundEvent: minecraft:mob.zombie.step
[13:26:31] [Client thread/WARN]: Unable to play unknown soundEvent: minecraft:mob.zombiepig.zpig
[13:26:31] [Client thread/WARN]: Unable to play unknown soundEvent: minecraft:mob.zombiepig.zpig
[13:26:32] [Client thread/WARN]: Unable to play unknown soundEvent: minecraft:mob.zombiepig.zpig
[13:26:32] [Client thread/WARN]: Unable to play unknown soundEvent: minecraft:mob.zombie.step
[13:26:32] [Client thread/WARN]: Unable to play unknown soundEvent: minecraft:mob.zombiepig.zpig
[13:26:32] [Client thread/WARN]: Unable to play unknown soundEvent: minecraft:mob.zombiepig.zpig
[13:26:32] [Client thread/WARN]: Unable to play unknown soundEvent: minecraft:game.hostile.hurt.fall.small
[13:26:32] [Client thread/WARN]: Unable to play unknown soundEvent: minecraft:mob.zombiepig.zpighurt
[13:26:32] [Client thread/WARN]: Unable to play unknown soundEvent: minecraft:step.sand
[13:26:32] [Client thread/WARN]: Unable to play unknown soundEvent: minecraft:mob.zombiepig.zpig
[13:26:32] [Client thread/WARN]: Unable to play unknown soundEvent: minecraft:mob.zombiepig.zpig
[13:26:32] [Client thread/WARN]: Unable to play unknown soundEvent: minecraft:mob.zombiepig.zpig
[13:26:32] [Client thread/WARN]: Unable to play unknown soundEvent: minecraft:mob.zombiepig.zpig
[13:26:33] [Client thread/WARN]: Unable to play unknown soundEvent: minecraft:mob.zombie.step
[13:26:33] [Client thread/WARN]: Unable to play unknown soundEvent: minecraft:mob.zombiepig.zpig
[13:26:33] [Client thread/WARN]: Unable to play unknown soundEvent: minecraft:mob.zombiepig.zpig
[13:26:33] [Client thread/WARN]: Unable to play unknown soundEvent: minecraft:mob.zombiepig.zpig
[13:26:33] [Client thread/WARN]: Unable to play unknown soundEvent: minecraft:game.hostile.hurt.fall.small
[13:26:33] [Client thread/WARN]: Unable to play unknown soundEvent: minecraft:mob.zombiepig.zpighurt
[13:26:33] [Client thread/WARN]: Unable to play unknown soundEvent: minecraft:step.sand
[13:26:33] [Client thread/WARN]: Unable to play unknown soundEvent: minecraft:mob.zombiepig.zpig
[13:26:33] [Client thread/WARN]: Unable to play unknown soundEvent: minecraft:mob.zombiepig.zpig
[13:26:33] [Client thread/WARN]: Unable to play unknown soundEvent: minecraft:mob.zombiepig.zpig
[13:26:33] [Client thread/WARN]: Unable to play unknown soundEvent: minecraft:mob.zombiepig.zpig
[13:26:33] [Client thread/WARN]: Unable to play unknown soundEvent: minecraft:mob.zombiepig.zpig
[13:26:34] [Client thread/WARN]: Unable to play unknown soundEvent: minecraft:mob.zombiepig.zpig
[13:26:34] [Client thread/WARN]: Unable to play unknown soundEvent: minecraft:mob.zombiepig.zpig
[13:26:34] [Client thread/WARN]: Unable to play unknown soundEvent: minecraft:mob.zombiepig.zpig
[13:26:34] [Client thread/WARN]: Unable to play unknown soundEvent: minecraft:mob.zombiepig.zpig
[13:26:34] [Client thread/WARN]: Unable to play unknown soundEvent: minecraft:mob.zombiepig.zpig
[13:26:34] [Client thread/WARN]: Unable to play unknown soundEvent: minecraft:mob.zombiepig.zpig
[13:26:34] [Client thread/WARN]: Unable to play unknown soundEvent: minecraft:mob.zombiepig.zpig
[13:26:34] [Client thread/WARN]: Unable to play unknown soundEvent: minecraft:mob.zombiepig.zpig
[13:26:35] [Client thread/WARN]: Unable to play unknown soundEvent: minecraft:mob.zombiepig.zpig
[13:26:35] [Client thread/WARN]: Unable to play unknown soundEvent: minecraft:mob.zombiepig.zpig
[13:26:35] [Client thread/WARN]: Unable to play unknown soundEvent: minecraft:mob.zombiepig.zpig
[13:26:35] [Client thread/WARN]: Unable to play unknown soundEvent: minecraft:mob.zombiepig.zpig
[13:26:35] [Client thread/WARN]: Unable to play unknown soundEvent: minecraft:mob.zombiepig.zpig
[13:26:35] [Client thread/WARN]: Unable to play unknown soundEvent: minecraft:mob.zombie.step
[13:26:35] [Client thread/WARN]: Unable to play unknown soundEvent: minecraft:mob.zombiepig.zpig
[13:26:35] [Client thread/WARN]: Unable to play unknown soundEvent: minecraft:mob.zombie.step
[13:26:35] [Client thread/WARN]: Unable to play unknown soundEvent: minecraft:mob.zombie.step
[13:26:35] [Client thread/WARN]: Unable to play unknown soundEvent: minecraft:mob.zombiepig.zpig
[13:26:35] [Client thread/WARN]: Unable to play unknown soundEvent: minecraft:mob.zombiepig.zpig
[13:26:35] [Client thread/WARN]: Unable to play unknown soundEvent: minecraft:mob.zombiepig.zpighurt
[13:26:35] [Client thread/WARN]: Unable to play unknown soundEvent: minecraft:mob.zombiepig.zpig
[13:26:36] [Client thread/WARN]: Unable to play unknown soundEvent: minecraft:mob.zombiepig.zpig
[13:26:36] [Client thread/WARN]: Unable to play unknown soundEvent: minecraft:mob.zombiepig.zpig
[13:26:36] [Client thread/WARN]: Unable to play unknown soundEvent: minecraft:mob.zombiepig.zpig
[13:26:36] [Client thread/WARN]: Unable to play unknown soundEvent: minecraft:mob.zombie.step
[13:26:36] [Client thread/WARN]: Unable to play unknown soundEvent: minecraft:mob.zombie.step
[13:26:36] [Client thread/WARN]: Unable to play unknown soundEvent: minecraft:mob.zombie.step
[13:26:36] [Client thread/WARN]: Unable to play unknown soundEvent: minecraft:mob.zombiepig.zpig
[13:26:36] [Client thread/WARN]: Unable to play unknown soundEvent: minecraft:mob.zombie.step
[13:26:36] [Client thread/WARN]: Unable to play unknown soundEvent: minecraft:mob.zombie.step
[13:26:36] [Client thread/WARN]: Unable to play unknown soundEvent: minecraft:mob.zombie.step
[13:26:36] [Client thread/WARN]: Unable to play unknown soundEvent: minecraft:mob.zombiepig.zpig
[13:26:36] [Client thread/WARN]: Unable to play unknown soundEvent: minecraft:mob.zombie.step
[13:26:36] [Client thread/WARN]: Unable to play unknown soundEvent: minecraft:mob.zombiepig.zpig
[13:26:36] [Client thread/WARN]: Unable to play unknown soundEvent: minecraft:mob.zombiepig.zpighurt
[13:26:36] [Client thread/WARN]: Unable to play unknown soundEvent: minecraft:mob.zombie.step
[13:26:36] [Client thread/WARN]: Unable to play unknown soundEvent: minecraft:mob.zombie.step
[13:26:37] [Client thread/WARN]: Unable to play unknown soundEvent: minecraft:mob.zombie.step
[13:26:37] [Client thread/WARN]: Unable to play unknown soundEvent: minecraft:mob.zombiepig.zpighurt
[13:26:37] [Client thread/WARN]: Unable to play unknown soundEvent: minecraft:mob.zombie.step
[13:26:37] [Client thread/WARN]: Unable to play unknown soundEvent: minecraft:mob.zombiepig.zpig
[13:26:37] [Client thread/WARN]: Unable to play unknown soundEvent: minecraft:mob.zombiepig.zpig
[13:26:37] [Client thread/WARN]: Unable to play unknown soundEvent: minecraft:mob.zombie.step
[13:26:37] [Client thread/WARN]: Unable to play unknown soundEvent: minecraft:mob.zombie.step
[13:26:37] [Client thread/WARN]: Unable to play unknown soundEvent: minecraft:mob.zombie.step
[13:26:37] [Client thread/WARN]: Unable to play unknown soundEvent: minecraft:mob.zombiepig.zpig
[13:26:37] [Client thread/WARN]: Unable to play unknown soundEvent: minecraft:mob.zombiepig.zpig
[13:26:37] [Client thread/WARN]: Unable to play unknown soundEvent: minecraft:mob.zombiepig.zpig
[13:26:37] [Client thread/WARN]: Unable to play unknown soundEvent: minecraft:mob.zombiepig.zpighurt
[13:26:37] [Client thread/WARN]: Unable to play unknown soundEvent: minecraft:mob.zombie.step
[13:26:37] [Client thread/WARN]: Unable to play unknown soundEvent: minecraft:mob.zombiepig.zpig
[13:26:37] [Client thread/WARN]: Unable to play unknown soundEvent: minecraft:mob.zombiepig.zpig
[13:26:37] [Client thread/WARN]: Unable to play unknown soundEvent: minecraft:mob.zombiepig.zpig
[13:26:38] [Client thread/WARN]: Unable to play unknown soundEvent: minecraft:mob.zombie.step
[13:26:38] [Client thread/WARN]: Unable to play unknown soundEvent: minecraft:mob.zombie.step
[13:26:38] [Client thread/WARN]: Unable to play unknown soundEvent: minecraft:mob.zombiepig.zpighurt
[13:26:38] [Client thread/WARN]: Unable to play unknown soundEvent: minecraft:mob.zombie.step
[13:26:38] [Client thread/WARN]: Unable to play unknown soundEvent: minecraft:mob.zombie.step
[13:26:38] [Client thread/WARN]: Unable to play unknown soundEvent: minecraft:mob.zombie.step
[13:26:38] [Client thread/WARN]: Unable to play unknown soundEvent: minecraft:mob.zombiepig.zpig
[13:26:38] [Client thread/WARN]: Unable to play unknown soundEvent: minecraft:mob.zombiepig.zpig
[13:26:38] [Client thread/WARN]: Unable to play unknown soundEvent: minecraft:mob.zombiepig.zpighurt
[13:26:38] [Client thread/WARN]: Unable to play unknown soundEvent: minecraft:mob.zombie.step
[13:26:38] [Client thread/WARN]: Unable to play unknown soundEvent: minecraft:mob.zombiepig.zpig
[13:26:38] [Client thread/WARN]: Unable to play unknown soundEvent: minecraft:mob.zombiepig.zpig
[13:26:38] [Client thread/WARN]: Unable to play unknown soundEvent: minecraft:mob.zombie.step
[13:26:38] [Client thread/WARN]: Unable to play unknown soundEvent: minecraft:mob.zombiepig.zpighurt
[13:26:39] [Client thread/WARN]: Unable to play unknown soundEvent: minecraft:mob.zombiepig.zpig
[13:26:39] [Client thread/WARN]: Unable to play unknown soundEvent: minecraft:mob.zombiepig.zpig
[13:26:39] [Client thread/WARN]: Unable to play unknown soundEvent: minecraft:mob.zombiepig.zpig
[13:26:39] [Client thread/WARN]: Unable to play unknown soundEvent: minecraft:mob.zombie.step
[13:26:39] [Client thread/WARN]: Unable to play unknown soundEvent: minecraft:mob.zombiepig.zpighurt
[13:26:39] [Client thread/WARN]: Unable to play unknown soundEvent: minecraft:mob.zombiepig.zpighurt
[13:26:39] [Client thread/WARN]: Unable to play unknown soundEvent: minecraft:mob.zombiepig.zpig
[13:26:39] [Client thread/WARN]: Unable to play unknown soundEvent: minecraft:mob.zombiepig.zpig
[13:26:39] [Client thread/WARN]: Unable to play unknown soundEvent: minecraft:mob.zombiepig.zpighurt
[13:26:39] [Client thread/WARN]: Unable to play unknown soundEvent: minecraft:mob.zombie.step
[13:26:39] [Client thread/WARN]: Unable to play unknown soundEvent: minecraft:mob.zombie.step
[13:26:39] [Client thread/WARN]: Unable to play unknown soundEvent: minecraft:mob.zombie.step
[13:26:39] [Client thread/WARN]: Unable to play unknown soundEvent: minecraft:mob.zombiepig.zpighurt
[13:26:39] [Client thread/WARN]: Unable to play unknown soundEvent: minecraft:mob.zombie.step
[13:26:39] [Client thread/WARN]: Unable to play unknown soundEvent: minecraft:mob.zombie.step
[13:26:39] [Client thread/WARN]: Unable to play unknown soundEvent: minecraft:mob.zombiepig.zpig
[13:26:39] [Client thread/WARN]: Unable to play unknown soundEvent: minecraft:mob.zombie.step
[13:26:39] [Client thread/WARN]: Unable to play unknown soundEvent: minecraft:mob.zombiepig.zpighurt
[13:26:39] [Client thread/WARN]: Unable to play unknown soundEvent: minecraft:mob.zombiepig.zpig
[13:26:39] [Client thread/WARN]: Unable to play unknown soundEvent: minecraft:mob.zombie.step
[13:26:40] [Client thread/WARN]: Unable to play unknown soundEvent: minecraft:mob.zombiepig.zpig
[13:26:40] [Client thread/WARN]: Unable to play unknown soundEvent: minecraft:mob.zombiepig.zpig
[13:26:40] [Client thread/WARN]: Unable to play unknown soundEvent: minecraft:mob.zombie.step
[13:26:40] [Client thread/WARN]: Unable to play unknown soundEvent: minecraft:mob.zombiepig.zpighurt
[13:26:40] [Client thread/WARN]: Unable to play unknown soundEvent: minecraft:mob.zombiepig.zpighurt
[13:26:40] [Client thread/WARN]: Unable to play unknown soundEvent: minecraft:mob.zombiepig.zpig
[13:26:40] [Client thread/WARN]: Unable to play unknown soundEvent: minecraft:mob.zombiepig.zpig
[13:26:40] [Client thread/WARN]: Unable to play unknown soundEvent: minecraft:mob.zombiepig.zpighurt
[13:26:40] [Client thread/WARN]: Unable to play unknown soundEvent: minecraft:mob.zombiepig.zpighurt
[13:26:40] [Client thread/WARN]: Unable to play unknown soundEvent: minecraft:mob.zombie.step
[13:26:40] [Client thread/WARN]: Unable to play unknown soundEvent: minecraft:mob.zombie.step
[13:26:40] [Client thread/WARN]: Unable to play unknown soundEvent: minecraft:mob.zombie.step
[13:26:40] [Client thread/WARN]: Unable to play unknown soundEvent: minecraft:mob.zombie.step
[13:26:40] [Client thread/WARN]: Unable to play unknown soundEvent: minecraft:mob.zombiepig.zpig
[13:26:40] [Client thread/WARN]: Unable to play unknown soundEvent: minecraft:mob.zombie.step
[13:26:40] [Client thread/WARN]: Unable to play unknown soundEvent: minecraft:mob.zombiepig.zpig
[13:26:40] [Client thread/WARN]: Unable to play unknown soundEvent: minecraft:mob.zombie.step
[13:26:40] [Client thread/WARN]: Unable to play unknown soundEvent: minecraft:mob.zombiepig.zpig
[13:26:40] [Client thread/WARN]: Unable to play unknown soundEvent: minecraft:mob.zombiepig.zpighurt
[13:26:40] [Client thread/WARN]: Unable to play unknown soundEvent: minecraft:mob.zombie.step
[13:26:40] [Client thread/WARN]: Unable to play unknown soundEvent: minecraft:mob.zombie.step
[13:26:41] [Client thread/WARN]: Unable to play unknown soundEvent: minecraft:mob.zombie.step
[13:26:41] [Client thread/WARN]: Unable to play unknown soundEvent: minecraft:mob.zombiepig.zpighurt
[13:26:41] [Client thread/WARN]: Unable to play unknown soundEvent: minecraft:mob.zombiepig.zpig
[13:26:41] [Client thread/WARN]: Unable to play unknown soundEvent: minecraft:mob.zombie.step
[13:26:41] [Client thread/WARN]: Unable to play unknown soundEvent: minecraft:mob.zombiepig.zpighurt
[13:26:41] [Client thread/WARN]: Unable to play unknown soundEvent: minecraft:mob.zombie.step
[13:26:41] [Client thread/WARN]: Unable to play unknown soundEvent: minecraft:mob.zombiepig.zpig
[13:26:41] [Client thread/WARN]: Unable to play unknown soundEvent: minecraft:mob.zombie.step
[13:26:41] [Client thread/WARN]: Unable to play unknown soundEvent: minecraft:mob.zombiepig.zpig
[13:26:41] [Client thread/WARN]: Unable to play unknown soundEvent: minecraft:mob.zombiepig.zpig
[13:26:41] [Client thread/WARN]: Unable to play unknown soundEvent: minecraft:mob.zombie.step
[13:26:41] [Client thread/WARN]: Unable to play unknown soundEvent: minecraft:mob.zombiepig.zpighurt
[13:26:41] [Client thread/WARN]: Unable to play unknown soundEvent: minecraft:mob.zombiepig.zpig
[13:26:41] [Client thread/WARN]: Unable to play unknown soundEvent: minecraft:mob.zombiepig.zpighurt
[13:26:41] [Client thread/WARN]: Unable to play unknown soundEvent: minecraft:mob.zombiepig.zpig
[13:26:41] [Client thread/WARN]: Unable to play unknown soundEvent: minecraft:mob.zombiepig.zpig
[13:26:42] [Client thread/WARN]: Unable to play unknown soundEvent: minecraft:mob.zombie.step
[13:26:42] [Client thread/WARN]: Unable to play unknown soundEvent: minecraft:mob.zombie.step
[13:26:42] [Client thread/WARN]: Unable to play unknown soundEvent: minecraft:mob.zombiepig.zpighurt
[13:26:42] [Client thread/WARN]: Unable to play unknown soundEvent: minecraft:mob.zombie.step
[13:26:42] [Client thread/WARN]: Unable to play unknown soundEvent: minecraft:mob.zombiepig.zpig
[13:26:42] [Client thread/WARN]: Unable to play unknown soundEvent: minecraft:mob.zombie.step
[13:26:42] [Client thread/WARN]: Unable to play unknown soundEvent: minecraft:mob.zombiepig.zpighurt
[13:26:42] [Client thread/WARN]: Unable to play unknown soundEvent: minecraft:mob.zombie.step
[13:26:42] [Client thread/WARN]: Unable to play unknown soundEvent: minecraft:mob.zombie.step
[13:26:42] [Client thread/WARN]: Unable to play unknown soundEvent: minecraft:mob.zombiepig.zpig
[13:26:42] [Client thread/WARN]: Unable to play unknown soundEvent: minecraft:mob.zombiepig.zpig
[13:26:42] [Client thread/WARN]: Unable to play unknown soundEvent: minecraft:mob.zombiepig.zpig
[13:26:42] [Client thread/WARN]: Unable to play unknown soundEvent: minecraft:mob.zombiepig.zpig
[13:26:42] [Client thread/WARN]: Unable to play unknown soundEvent: minecraft:mob.zombiepig.zpig
[13:26:42] [Client thread/WARN]: Unable to play unknown soundEvent: minecraft:mob.zombiepig.zpighurt
[13:26:42] [Client thread/WARN]: Unable to play unknown soundEvent: minecraft:mob.zombiepig.zpighurt
[13:26:42] [Client thread/WARN]: Unable to play unknown soundEvent: minecraft:mob.zombiepig.zpig
[13:26:42] [Client thread/WARN]: Unable to play unknown soundEvent: minecraft:mob.zombie.step
[13:26:42] [Client thread/WARN]: Unable to play unknown soundEvent: minecraft:mob.zombie.step
[13:26:42] [Client thread/WARN]: Unable to play unknown soundEvent: minecraft:mob.zombie.step
[13:26:42] [Client thread/WARN]: Unable to play unknown soundEvent: minecraft:mob.zombiepig.zpig
[13:26:42] [Client thread/WARN]: Unable to play unknown soundEvent: minecraft:mob.zombiepig.zpigangry
[13:26:43] [Client thread/WARN]: Unable to play unknown soundEvent: minecraft:mob.zombie.step
[13:26:43] [Client thread/WARN]: Unable to play unknown soundEvent: minecraft:mob.zombie.step
[13:26:43] [Client thread/WARN]: Unable to play unknown soundEvent: minecraft:mob.zombie.step
[13:26:43] [Client thread/WARN]: Unable to play unknown soundEvent: minecraft:mob.zombiepig.zpig
[13:26:43] [Client thread/WARN]: Unable to play unknown soundEvent: minecraft:mob.zombiepig.zpighurt
[13:26:43] [Client thread/WARN]: Unable to play unknown soundEvent: minecraft:mob.zombie.step
[13:26:43] [Client thread/WARN]: Unable to play unknown soundEvent: minecraft:mob.zombiepig.zpighurt
[13:26:43] [Client thread/WARN]: Unable to play unknown soundEvent: minecraft:mob.zombie.step
[13:26:43] [Client thread/WARN]: Unable to play unknown soundEvent: minecraft:mob.zombiepig.zpig
[13:26:43] [Client thread/WARN]: Unable to play unknown soundEvent: minecraft:mob.zombie.step
[13:26:43] [Client thread/WARN]: Unable to play unknown soundEvent: minecraft:mob.zombie.step
[13:26:43] [Client thread/WARN]: Unable to play unknown soundEvent: minecraft:mob.zombiepig.zpighurt
[13:26:43] [Client thread/WARN]: Unable to play unknown soundEvent: minecraft:mob.zombie.step
[13:26:43] [Client thread/WARN]: Unable to play unknown soundEvent: minecraft:mob.zombiepig.zpighurt
[13:26:43] [Client thread/WARN]: Unable to play unknown soundEvent: minecraft:mob.zombie.step
[13:26:43] [Client thread/WARN]: Unable to play unknown soundEvent: minecraft:mob.zombiepig.zpigangry
[13:26:43] [Client thread/WARN]: Unable to play unknown soundEvent: minecraft:mob.zombiepig.zpigangry
[13:26:44] [Client thread/WARN]: Unable to play unknown soundEvent: minecraft:mob.zombiepig.zpig
[13:26:44] [Client thread/WARN]: Unable to play unknown soundEvent: minecraft:mob.zombiepig.zpig
[13:26:44] [Client thread/WARN]: Unable to play unknown soundEvent: minecraft:mob.zombiepig.zpig
[13:26:44] [Client thread/WARN]: Unable to play unknown soundEvent: minecraft:mob.zombie.step
[13:26:44] [Client thread/WARN]: Unable to play unknown soundEvent: minecraft:mob.zombiepig.zpighurt
[13:26:44] [Client thread/WARN]: Unable to play unknown soundEvent: minecraft:mob.zombie.step
[13:26:44] [Client thread/WARN]: Unable to play unknown soundEvent: minecraft:mob.zombie.step
[13:26:44] [Client thread/WARN]: Unable to play unknown soundEvent: minecraft:mob.zombie.step
[13:26:44] [Client thread/WARN]: Unable to play unknown soundEvent: minecraft:mob.zombie.step
[13:26:44] [Client thread/WARN]: Unable to play unknown soundEvent: minecraft:mob.zombie.step
[13:26:44] [Client thread/WARN]: Unable to play unknown soundEvent: minecraft:mob.zombie.step
[13:26:44] [Client thread/WARN]: Unable to play unknown soundEvent: minecraft:mob.zombie.step
[13:26:44] [Client thread/WARN]: Unable to play unknown soundEvent: minecraft:mob.zombiepig.zpig
[13:26:44] [Client thread/WARN]: Unable to play unknown soundEvent: minecraft:mob.zombie.step
[13:26:44] [Client thread/WARN]: Unable to play unknown soundEvent: minecraft:mob.zombiepig.zpig
[13:26:44] [Client thread/WARN]: Unable to play unknown soundEvent: minecraft:mob.zombiepig.zpig
[13:26:44] [Client thread/WARN]: Unable to play unknown soundEvent: minecraft:mob.zombiepig.zpighurt
[13:26:44] [Client thread/WARN]: Unable to play unknown soundEvent: minecraft:mob.zombiepig.zpigangry
[13:26:44] [Client thread/WARN]: Unable to play unknown soundEvent: minecraft:mob.zombiepig.zpig
[13:26:44] [Client thread/WARN]: Unable to play unknown soundEvent: minecraft:mob.zombie.step
[13:26:44] [Client thread/WARN]: Unable to play unknown soundEvent: minecraft:mob.zombiepig.zpig
[13:26:45] [Client thread/WARN]: Unable to play unknown soundEvent: minecraft:mob.zombie.step
[13:26:45] [Client thread/WARN]: Unable to play unknown soundEvent: minecraft:mob.zombie.step
[13:26:45] [Client thread/WARN]: Unable to play unknown soundEvent: minecraft:mob.zombie.step
[13:26:45] [Client thread/WARN]: Unable to play unknown soundEvent: minecraft:mob.zombiepig.zpighurt
[13:26:45] [Client thread/WARN]: Unable to play unknown soundEvent: minecraft:mob.zombiepig.zpig
[13:26:45] [Client thread/WARN]: Unable to play unknown soundEvent: minecraft:mob.zombiepig.zpighurt
[13:26:45] [Client thread/WARN]: Unable to play unknown soundEvent: minecraft:mob.zombie.step
[13:26:45] [Client thread/WARN]: Unable to play unknown soundEvent: minecraft:mob.zombie.step
[13:26:45] [Client thread/WARN]: Unable to play unknown soundEvent: minecraft:mob.zombiepig.zpig
[13:26:45] [Client thread/WARN]: Unable to play unknown soundEvent: minecraft:mob.zombie.step
[13:26:45] [Client thread/WARN]: Unable to play unknown soundEvent: minecraft:mob.zombiepig.zpighurt
[13:26:45] [Client thread/WARN]: Unable to play unknown soundEvent: minecraft:mob.zombiepig.zpig
[13:26:45] [Client thread/WARN]: Unable to play unknown soundEvent: minecraft:mob.zombie.step
[13:26:45] [Client thread/WARN]: Unable to play unknown soundEvent: minecraft:mob.zombiepig.zpig
[13:26:45] [Client thread/WARN]: Unable to play unknown soundEvent: minecraft:mob.zombiepig.zpighurt
[13:26:45] [Client thread/WARN]: Unable to play unknown soundEvent: minecraft:mob.zombie.step
[13:26:45] [Client thread/WARN]: Unable to play unknown soundEvent: minecraft:mob.zombie.step
[13:26:45] [Client thread/WARN]: Unable to play unknown soundEvent: minecraft:mob.zombiepig.zpig
[13:26:45] [Client thread/WARN]: Unable to play unknown soundEvent: minecraft:mob.zombie.step
[13:26:46] [Client thread/WARN]: Unable to play unknown soundEvent: minecraft:mob.zombie.step
[13:26:46] [Client thread/WARN]: Unable to play unknown soundEvent: minecraft:mob.zombiepig.zpig
[13:26:46] [Client thread/WARN]: Unable to play unknown soundEvent: minecraft:mob.zombie.step
[13:26:46] [Client thread/WARN]: Unable to play unknown soundEvent: minecraft:mob.zombie.step
[13:26:46] [Client thread/WARN]: Unable to play unknown soundEvent: minecraft:mob.zombiepig.zpighurt
[13:26:46] [Client thread/WARN]: Unable to play unknown soundEvent: minecraft:mob.zombie.step
[13:26:46] [Client thread/WARN]: Unable to play unknown soundEvent: minecraft:mob.zombie.step
[13:26:46] [Client thread/WARN]: Unable to play unknown soundEvent: minecraft:mob.zombie.step
[13:26:46] [Client thread/WARN]: Unable to play unknown soundEvent: minecraft:mob.zombiepig.zpig
[13:26:46] [Client thread/WARN]: Unable to play unknown soundEvent: minecraft:mob.zombie.step
[13:26:46] [Client thread/WARN]: Unable to play unknown soundEvent: minecraft:mob.zombie.step
[13:26:46] [Client thread/WARN]: Unable to play unknown soundEvent: minecraft:mob.zombiepig.zpig
[13:26:46] [Client thread/WARN]: Unable to play unknown soundEvent: minecraft:mob.zombiepig.zpig
[13:26:46] [Client thread/WARN]: Unable to play unknown soundEvent: minecraft:mob.zombie.step
[13:26:46] [Client thread/WARN]: Unable to play unknown soundEvent: minecraft:mob.zombiepig.zpig
[13:26:46] [Client thread/WARN]: Unable to play unknown soundEvent: minecraft:mob.zombiepig.zpighurt
[13:26:46] [Client thread/WARN]: Unable to play unknown soundEvent: minecraft:mob.zombiepig.zpig
[13:26:46] [Client thread/WARN]: Unable to play unknown soundEvent: minecraft:mob.zombiepig.zpig
[13:26:46] [Client thread/WARN]: Unable to play unknown soundEvent: minecraft:mob.zombie.step
[13:26:46] [Client thread/WARN]: Unable to play unknown soundEvent: minecraft:mob.zombie.step
[13:26:46] [Client thread/WARN]: Unable to play unknown soundEvent: minecraft:mob.zombiepig.zpig
[13:26:46] [Client thread/WARN]: Unable to play unknown soundEvent: minecraft:mob.zombie.step
[13:26:46] [Client thread/WARN]: Unable to play unknown soundEvent: minecraft:mob.zombie.step
[13:26:47] [Client thread/WARN]: Unable to play unknown soundEvent: minecraft:mob.zombiepig.zpig
[13:26:47] [Client thread/WARN]: Unable to play unknown soundEvent: minecraft:mob.zombiepig.zpig
[13:26:47] [Client thread/WARN]: Unable to play unknown soundEvent: minecraft:mob.zombiepig.zpighurt
[13:26:47] [Client thread/WARN]: Unable to play unknown soundEvent: minecraft:mob.zombie.step
[13:26:47] [Client thread/WARN]: Unable to play unknown soundEvent: minecraft:mob.zombie.step
[13:26:47] [Client thread/WARN]: Unable to play unknown soundEvent: minecraft:mob.zombie.step
[13:26:47] [Client thread/WARN]: Unable to play unknown soundEvent: minecraft:mob.zombiepig.zpig
[13:26:47] [Client thread/WARN]: Unable to play unknown soundEvent: minecraft:mob.zombiepig.zpig
[13:26:47] [Client thread/WARN]: Unable to play unknown soundEvent: minecraft:mob.zombie.step
[13:26:47] [Client thread/WARN]: Unable to play unknown soundEvent: minecraft:mob.zombie.step
[13:26:47] [Client thread/WARN]: Unable to play unknown soundEvent: minecraft:mob.zombie.step
[13:26:47] [Client thread/WARN]: Unable to play unknown soundEvent: minecraft:mob.zombie.step
[13:26:47] [Client thread/WARN]: Unable to play unknown soundEvent: minecraft:mob.zombiepig.zpigangry
[13:26:47] [Client thread/WARN]: Unable to play unknown soundEvent: minecraft:mob.zombiepig.zpighurt
[13:26:47] [Client thread/WARN]: Unable to play unknown soundEvent: minecraft:mob.zombie.step
[13:26:47] [Client thread/WARN]: Unable to play unknown soundEvent: minecraft:mob.zombiepig.zpig
[13:26:48] [Client thread/WARN]: Unable to play unknown soundEvent: minecraft:mob.zombie.step
[13:26:48] [Client thread/WARN]: Unable to play unknown soundEvent: minecraft:mob.zombie.step
[13:26:48] [Client thread/WARN]: Unable to play unknown soundEvent: minecraft:mob.zombie.step
[13:26:48] [Client thread/WARN]: Unable to play unknown soundEvent: minecraft:mob.zombiepig.zpig
[13:26:48] [Client thread/WARN]: Unable to play unknown soundEvent: minecraft:mob.zombiepig.zpig
[13:26:48] [Client thread/WARN]: Unable to play unknown soundEvent: minecraft:mob.zombiepig.zpighurt
[13:26:48] [Client thread/WARN]: Unable to play unknown soundEvent: minecraft:mob.zombiepig.zpig
[13:26:48] [Client thread/WARN]: Unable to play unknown soundEvent: minecraft:mob.zombiepig.zpig
[13:26:48] [Client thread/WARN]: Unable to play unknown soundEvent: minecraft:mob.zombiepig.zpig
[13:26:48] [Client thread/WARN]: Unable to play unknown soundEvent: minecraft:mob.zombiepig.zpig
[13:26:48] [Client thread/WARN]: Unable to play unknown soundEvent: minecraft:mob.zombie.step
[13:26:48] [Client thread/WARN]: Unable to play unknown soundEvent: minecraft:mob.zombie.step
[13:26:48] [Client thread/WARN]: Unable to play unknown soundEvent: minecraft:mob.zombie.step
[13:26:48] [Client thread/WARN]: Unable to play unknown soundEvent: minecraft:mob.zombie.step
[13:26:48] [Client thread/WARN]: Unable to play unknown soundEvent: minecraft:mob.zombie.step
[13:26:48] [Client thread/WARN]: Unable to play unknown soundEvent: minecraft:mob.zombie.step
[13:26:48] [Client thread/WARN]: Unable to play unknown soundEvent: minecraft:mob.zombiepig.zpigangry
[13:26:48] [Client thread/WARN]: Unable to play unknown soundEvent: minecraft:mob.zombiepig.zpighurt
[13:26:48] [Client thread/WARN]: Unable to play unknown soundEvent: minecraft:mob.zombie.step
[13:26:48] [Client thread/WARN]: Unable to play unknown soundEvent: minecraft:mob.zombiepig.zpig
[13:26:48] [Client thread/WARN]: Unable to play unknown soundEvent: minecraft:mob.zombiepig.zpig
[13:26:48] [Client thread/WARN]: Unable to play unknown soundEvent: minecraft:mob.zombie.step
[13:26:49] [Client thread/WARN]: Unable to play unknown soundEvent: minecraft:mob.zombiepig.zpig
[13:26:49] [Client thread/WARN]: Unable to play unknown soundEvent: minecraft:mob.zombiepig.zpig
[13:26:49] [Client thread/WARN]: Unable to play unknown soundEvent: minecraft:mob.zombiepig.zpighurt
[13:26:49] [Client thread/WARN]: Unable to play unknown soundEvent: minecraft:mob.zombie.step
[13:26:49] [Client thread/WARN]: Unable to play unknown soundEvent: minecraft:mob.zombie.step
[13:26:49] [Client thread/WARN]: Unable to play unknown soundEvent: minecraft:mob.zombie.step
[13:26:49] [Client thread/WARN]: Unable to play unknown soundEvent: minecraft:mob.zombiepig.zpig
[13:26:49] [Client thread/WARN]: Unable to play unknown soundEvent: minecraft:mob.zombiepig.zpig
[13:26:49] [Client thread/WARN]: Unable to play unknown soundEvent: minecraft:mob.zombie.step
[13:26:49] [Client thread/WARN]: Unable to play unknown soundEvent: minecraft:mob.zombiepig.zpig
[13:26:49] [Client thread/WARN]: Unable to play unknown soundEvent: minecraft:mob.zombie.step
[13:26:49] [Client thread/WARN]: Unable to play unknown soundEvent: minecraft:mob.zombie.step
[13:26:49] [Client thread/WARN]: Unable to play unknown soundEvent: minecraft:mob.zombiepig.zpighurt
[13:26:49] [Client thread/WARN]: Unable to play unknown soundEvent: minecraft:mob.zombie.step
[13:26:49] [Client thread/WARN]: Unable to play unknown soundEvent: minecraft:mob.zombie.step
[13:26:49] [Client thread/WARN]: Unable to play unknown soundEvent: minecraft:mob.zombie.step
[13:26:49] [Client thread/WARN]: Unable to play unknown soundEvent: minecraft:mob.zombiepig.zpig
[13:26:49] [Client thread/WARN]: Unable to play unknown soundEvent: minecraft:mob.zombiepig.zpig
[13:26:49] [Client thread/WARN]: Unable to play unknown soundEvent: minecraft:mob.zombie.step
[13:26:50] [Client thread/WARN]: Unable to play unknown soundEvent: minecraft:mob.zombie.step
[13:26:50] [Client thread/WARN]: Unable to play unknown soundEvent: minecraft:mob.zombie.step
[13:26:50] [Client thread/WARN]: Unable to play unknown soundEvent: minecraft:mob.zombie.step
[13:26:50] [Client thread/WARN]: Unable to play unknown soundEvent: minecraft:mob.zombiepig.zpighurt
[13:26:50] [Client thread/WARN]: Unable to play unknown soundEvent: minecraft:mob.zombiepig.zpig
[13:26:50] [Client thread/WARN]: Unable to play unknown soundEvent: minecraft:mob.zombie.step
[13:26:50] [Client thread/WARN]: Unable to play unknown soundEvent: minecraft:mob.zombie.step
[13:26:50] [Client thread/WARN]: Unable to play unknown soundEvent: minecraft:mob.zombie.step
[13:26:50] [Client thread/WARN]: Unable to play unknown soundEvent: minecraft:mob.zombie.step
[13:26:50] [Client thread/WARN]: Unable to play unknown soundEvent: minecraft:mob.zombie.step
[13:26:50] [Client thread/WARN]: Unable to play unknown soundEvent: minecraft:mob.zombie.step
[13:26:50] [Client thread/WARN]: Unable to play unknown soundEvent: minecraft:mob.zombiepig.zpighurt
[13:26:50] [Client thread/WARN]: Unable to play unknown soundEvent: minecraft:mob.zombie.step
[13:26:50] [Client thread/WARN]: Unable to play unknown soundEvent: minecraft:mob.zombiepig.zpig
[13:26:50] [Client thread/WARN]: Unable to play unknown soundEvent: minecraft:mob.zombie.step
[13:26:50] [Client thread/WARN]: Unable to play unknown soundEvent: minecraft:mob.zombiepig.zpig
[13:26:50] [Client thread/WARN]: Unable to play unknown soundEvent: minecraft:mob.zombie.step
[13:26:50] [Client thread/WARN]: Unable to play unknown soundEvent: minecraft:mob.zombiepig.zpig
[13:26:50] [Client thread/WARN]: Unable to play unknown soundEvent: minecraft:mob.zombiepig.zpig
[13:26:51] [Client thread/WARN]: Unable to play unknown soundEvent: minecraft:mob.zombie.step
[13:26:51] [Client thread/WARN]: Unable to play unknown soundEvent: minecraft:mob.zombie.step
[13:26:51] [Client thread/WARN]: Unable to play unknown soundEvent: minecraft:mob.zombie.step
[13:26:51] [Client thread/WARN]: Unable to play unknown soundEvent: minecraft:mob.zombie.step
[13:26:51] [Client thread/WARN]: Unable to play unknown soundEvent: minecraft:mob.zombie.step
[13:26:51] [Client thread/WARN]: Unable to play unknown soundEvent: minecraft:mob.zombiepig.zpighurt
[13:26:51] [Client thread/WARN]: Unable to play unknown soundEvent: minecraft:mob.zombiepig.zpig
[13:26:51] [Client thread/WARN]: Unable to play unknown soundEvent: minecraft:mob.zombie.step
[13:26:51] [Client thread/WARN]: Unable to play unknown soundEvent: minecraft:mob.zombie.step
[13:26:51] [Client thread/WARN]: Unable to play unknown soundEvent: minecraft:mob.zombie.step
[13:26:51] [Client thread/WARN]: Unable to play unknown soundEvent: minecraft:mob.zombie.step
[13:26:51] [Client thread/WARN]: Unable to play unknown soundEvent: minecraft:mob.zombie.step
[13:26:51] [Client thread/WARN]: Unable to play unknown soundEvent: minecraft:mob.zombiepig.zpig
[13:26:51] [Client thread/WARN]: Unable to play unknown soundEvent: minecraft:mob.zombie.step
[13:26:51] [Client thread/WARN]: Unable to play unknown soundEvent: minecraft:mob.zombie.step
[13:26:51] [Client thread/WARN]: Unable to play unknown soundEvent: minecraft:mob.zombie.step
[13:26:51] [Client thread/WARN]: Unable to play unknown soundEvent: minecraft:mob.zombie.step
[13:26:51] [Client thread/WARN]: Unable to play unknown soundEvent: minecraft:mob.zombiepig.zpig
[13:26:51] [Client thread/WARN]: Unable to play unknown soundEvent: minecraft:mob.zombiepig.zpig
[13:26:52] [Client thread/WARN]: Unable to play unknown soundEvent: minecraft:mob.zombie.step
[13:26:52] [Client thread/WARN]: Unable to play unknown soundEvent: minecraft:mob.zombie.step
[13:26:52] [Client thread/WARN]: Unable to play unknown soundEvent: minecraft:mob.zombiepig.zpig
[13:26:52] [Client thread/WARN]: Unable to play unknown soundEvent: minecraft:mob.zombie.step
[13:26:52] [Client thread/WARN]: Unable to play unknown soundEvent: minecraft:mob.zombiepig.zpig
[13:26:52] [Client thread/WARN]: Unable to play unknown soundEvent: minecraft:mob.zombie.step
[13:26:54] [Client thread/WARN]: Unable to play unknown soundEvent: minecraft:step.sand
[13:26:54] [Client thread/WARN]: Unable to play unknown soundEvent: minecraft:random.bow
[13:26:54] [Client thread/WARN]: Unable to play unknown soundEvent: minecraft:random.bow
[13:26:54] [Client thread/WARN]: Unable to play unknown soundEvent: minecraft:random.bow
[13:26:54] [Client thread/WARN]: Unable to play unknown soundEvent: minecraft:random.bow
[13:26:54] [Client thread/WARN]: Unable to play unknown soundEvent: minecraft:random.bow
[13:26:54] [Client thread/WARN]: Unable to play unknown soundEvent: minecraft:random.bow
[13:26:54] [Client thread/WARN]: Unable to play unknown soundEvent: minecraft:random.bow
[13:26:54] [Client thread/WARN]: Unable to play unknown soundEvent: minecraft:random.bow
[13:26:54] [Client thread/WARN]: Unable to play unknown soundEvent: minecraft:random.bow
[13:26:54] [Client thread/WARN]: Unable to play unknown soundEvent: minecraft:random.bow
[13:26:54] [Client thread/WARN]: Unable to play unknown soundEvent: minecraft:random.bow
[13:26:54] [Client thread/WARN]: Unable to play unknown soundEvent: minecraft:random.bow
[13:26:54] [Client thread/WARN]: Unable to play unknown soundEvent: minecraft:random.bow
[13:26:54] [Client thread/WARN]: Unable to play unknown soundEvent: minecraft:random.bow
[13:26:54] [Client thread/WARN]: Unable to play unknown soundEvent: minecraft:random.bow
[13:26:54] [Client thread/WARN]: Unable to play unknown soundEvent: minecraft:random.bow
[13:26:55] [Client thread/WARN]: Unable to play unknown soundEvent: minecraft:random.bow
[13:26:55] [Client thread/WARN]: Unable to play unknown soundEvent: minecraft:random.bow
[13:26:55] [Client thread/WARN]: Unable to play unknown soundEvent: minecraft:random.bow
[13:26:55] [Client thread/WARN]: Unable to play unknown soundEvent: minecraft:random.bow
[13:26:55] [Client thread/WARN]: Unable to play unknown soundEvent: minecraft:random.bow
[13:26:55] [Client thread/WARN]: Unable to play unknown soundEvent: minecraft:random.bow
[13:26:55] [Client thread/WARN]: Unable to play unknown soundEvent: minecraft:random.bow
[13:26:55] [Client thread/WARN]: Unable to play unknown soundEvent: minecraft:random.bow
[13:26:55] [Client thread/WARN]: Unable to play unknown soundEvent: minecraft:random.bow
[13:26:55] [Client thread/WARN]: Unable to play unknown soundEvent: minecraft:random.bow
[13:26:55] [Client thread/WARN]: Unable to play unknown soundEvent: minecraft:random.bow
[13:26:55] [Client thread/WARN]: Unable to play unknown soundEvent: minecraft:random.bow
[13:26:55] [Client thread/WARN]: Unable to play unknown soundEvent: minecraft:random.bow
[13:26:55] [Client thread/WARN]: Unable to play unknown soundEvent: minecraft:random.bow
[13:26:55] [Client thread/WARN]: Unable to play unknown soundEvent: minecraft:random.bow
[13:26:55] [Client thread/WARN]: Unable to play unknown soundEvent: minecraft:random.bow
[13:26:55] [Client thread/WARN]: Unable to play unknown soundEvent: minecraft:random.bow
[13:26:55] [Client thread/WARN]: Unable to play unknown soundEvent: minecraft:random.bow
[13:26:55] [Client thread/WARN]: Unable to play unknown soundEvent: minecraft:random.bow
[13:26:56] [Client thread/WARN]: Unable to play unknown soundEvent: minecraft:random.bow
[13:26:56] [Client thread/WARN]: Unable to play unknown soundEvent: minecraft:random.bow
[13:26:56] [Client thread/WARN]: Unable to play unknown soundEvent: minecraft:random.bow
[13:26:56] [Client thread/WARN]: Unable to play unknown soundEvent: minecraft:random.bow
[13:26:56] [Client thread/WARN]: Unable to play unknown soundEvent: minecraft:random.bow
[13:26:56] [Client thread/WARN]: Unable to play unknown soundEvent: minecraft:random.bow
[13:26:56] [Client thread/WARN]: Unable to play unknown soundEvent: minecraft:random.bow
[13:26:56] [Client thread/WARN]: Unable to play unknown soundEvent: minecraft:random.bow
[13:26:56] [Client thread/WARN]: Unable to play unknown soundEvent: minecraft:random.bow
[13:26:56] [Client thread/WARN]: Unable to play unknown soundEvent: minecraft:random.bow
[13:26:56] [Client thread/WARN]: Unable to play unknown soundEvent: minecraft:random.bow
[13:26:56] [Client thread/WARN]: Unable to play unknown soundEvent: minecraft:random.bow
[13:26:56] [Client thread/WARN]: Unable to play unknown soundEvent: minecraft:random.bow
[13:26:56] [Client thread/WARN]: Unable to play unknown soundEvent: minecraft:random.bow
[13:26:56] [Client thread/WARN]: Unable to play unknown soundEvent: minecraft:random.bow
[13:26:56] [Client thread/WARN]: Unable to play unknown soundEvent: minecraft:random.bow
[13:26:56] [Client thread/WARN]: Unable to play unknown soundEvent: minecraft:mob.zombiepig.zpigangry
[13:26:56] [Client thread/WARN]: Unable to play unknown soundEvent: minecraft:random.bow
[13:26:56] [Client thread/WARN]: Unable to play unknown soundEvent: minecraft:random.bow
[13:26:56] [Client thread/WARN]: Unable to play unknown soundEvent: minecraft:random.bow
[13:26:56] [Client thread/WARN]: Unable to play unknown soundEvent: minecraft:random.bow
[13:26:56] [Client thread/WARN]: Unable to play unknown soundEvent: minecraft:random.bow
[13:26:57] [Client thread/WARN]: Unable to play unknown soundEvent: minecraft:random.bow
[13:26:57] [Client thread/WARN]: Unable to play unknown soundEvent: minecraft:random.bow
[13:26:57] [Client thread/WARN]: Unable to play unknown soundEvent: minecraft:random.bow
[13:26:57] [Client thread/WARN]: Unable to play unknown soundEvent: minecraft:random.bow
[13:26:57] [Client thread/WARN]: Unable to play unknown soundEvent: minecraft:random.bow
[13:26:57] [Client thread/WARN]: Unable to play unknown soundEvent: minecraft:random.bow
[13:26:57] [Client thread/WARN]: Unable to play unknown soundEvent: minecraft:random.bow
[13:26:57] [Client thread/WARN]: Unable to play unknown soundEvent: minecraft:random.bow
[13:26:57] [Client thread/WARN]: Unable to play unknown soundEvent: minecraft:random.bow
[13:26:57] [Client thread/WARN]: Unable to play unknown soundEvent: minecraft:random.bow
[13:26:57] [Client thread/WARN]: Unable to play unknown soundEvent: minecraft:random.bow
[13:26:57] [Client thread/WARN]: Unable to play unknown soundEvent: minecraft:random.bow
[13:26:57] [Client thread/WARN]: Unable to play unknown soundEvent: minecraft:random.bow
[13:26:57] [Client thread/WARN]: Unable to play unknown soundEvent: minecraft:random.bow
[13:26:57] [Client thread/WARN]: Unable to play unknown soundEvent: minecraft:random.bow
[13:26:57] [Client thread/WARN]: Unable to play unknown soundEvent: minecraft:random.bow
[13:26:57] [Client thread/WARN]: Unable to play unknown soundEvent: minecraft:random.bow
[13:26:57] [Client thread/WARN]: Unable to play unknown soundEvent: minecraft:random.bow
[13:26:57] [Client thread/WARN]: Unable to play unknown soundEvent: minecraft:random.bow
[13:26:57] [Client thread/WARN]: Unable to play unknown soundEvent: minecraft:random.bow
[13:26:58] [Client thread/WARN]: Unable to play unknown soundEvent: minecraft:random.bow
[13:26:58] [Client thread/WARN]: Unable to play unknown soundEvent: minecraft:random.bow
[13:26:58] [Client thread/WARN]: Unable to play unknown soundEvent: minecraft:random.bow
[13:26:58] [Client thread/WARN]: Unable to play unknown soundEvent: minecraft:random.bow
[13:26:58] [Client thread/WARN]: Unable to play unknown soundEvent: minecraft:random.bow
[13:26:58] [Client thread/WARN]: Unable to play unknown soundEvent: minecraft:random.bow
[13:26:58] [Client thread/WARN]: Unable to play unknown soundEvent: minecraft:random.bow
[13:26:58] [Client thread/WARN]: Unable to play unknown soundEvent: minecraft:random.bow
[13:26:58] [Client thread/WARN]: Unable to play unknown soundEvent: minecraft:random.bow
[13:26:58] [Client thread/WARN]: Unable to play unknown soundEvent: minecraft:random.bow
[13:26:58] [Client thread/WARN]: Unable to play unknown soundEvent: minecraft:random.bow
[13:26:58] [Client thread/WARN]: Unable to play unknown soundEvent: minecraft:random.bow
[13:26:58] [Client thread/WARN]: Unable to play unknown soundEvent: minecraft:random.bow
[13:26:58] [Client thread/WARN]: Unable to play unknown soundEvent: minecraft:random.bow
[13:26:58] [Client thread/WARN]: Unable to play unknown soundEvent: minecraft:random.bow
[13:26:58] [Client thread/WARN]: Unable to play unknown soundEvent: minecraft:random.bow
[13:26:58] [Client thread/WARN]: Unable to play unknown soundEvent: minecraft:random.bow
[13:26:58] [Client thread/WARN]: Unable to play unknown soundEvent: minecraft:random.bow
[13:26:58] [Client thread/WARN]: Unable to play unknown soundEvent: minecraft:random.bow
[13:26:58] [Client thread/WARN]: Unable to play unknown soundEvent: minecraft:random.bow
[13:26:59] [Client thread/WARN]: Unable to play unknown soundEvent: minecraft:random.bow
[13:26:59] [Client thread/WARN]: Unable to play unknown soundEvent: minecraft:random.bow
[13:26:59] [Client thread/WARN]: Unable to play unknown soundEvent: minecraft:random.bow
[13:26:59] [Client thread/WARN]: Unable to play unknown soundEvent: minecraft:random.bow
[13:26:59] [Client thread/WARN]: Unable to play unknown soundEvent: minecraft:random.bow
[13:26:59] [Client thread/WARN]: Unable to play unknown soundEvent: minecraft:random.bow
[13:26:59] [Client thread/WARN]: Unable to play unknown soundEvent: minecraft:random.bow
[13:26:59] [Client thread/WARN]: Unable to play unknown soundEvent: minecraft:random.bow
[13:26:59] [Client thread/WARN]: Unable to play unknown soundEvent: minecraft:random.bow
[13:26:59] [Client thread/WARN]: Unable to play unknown soundEvent: minecraft:random.bow
[13:26:59] [Client thread/WARN]: Unable to play unknown soundEvent: minecraft:mob.zombiepig.zpigangry
[13:26:59] [Client thread/WARN]: Unable to play unknown soundEvent: minecraft:random.bow
[13:26:59] [Client thread/WARN]: Unable to play unknown soundEvent: minecraft:random.bow
[13:26:59] [Client thread/WARN]: Unable to play unknown soundEvent: minecraft:random.bow
[13:26:59] [Client thread/WARN]: Unable to play unknown soundEvent: minecraft:random.bow
[13:26:59] [Client thread/WARN]: Unable to play unknown soundEvent: minecraft:random.bow
[13:26:59] [Client thread/WARN]: Unable to play unknown soundEvent: minecraft:random.bow
[13:26:59] [Client thread/WARN]: Unable to play unknown soundEvent: minecraft:random.bow
[13:26:59] [Client thread/WARN]: Unable to play unknown soundEvent: minecraft:random.bow
[13:26:59] [Client thread/WARN]: Unable to play unknown soundEvent: minecraft:random.bow
[13:27:00] [Client thread/WARN]: Unable to play unknown soundEvent: minecraft:random.bow
[13:27:00] [Client thread/WARN]: Unable to play unknown soundEvent: minecraft:random.bow
[13:27:00] [Client thread/WARN]: Unable to play unknown soundEvent: minecraft:random.bow
[13:27:00] [Client thread/WARN]: Unable to play unknown soundEvent: minecraft:random.bow
[13:27:00] [Client thread/WARN]: Unable to play unknown soundEvent: minecraft:random.bow
[13:27:00] [Client thread/WARN]: Unable to play unknown soundEvent: minecraft:random.bow
[13:27:00] [Client thread/WARN]: Unable to play unknown soundEvent: minecraft:random.bow
[13:27:00] [Client thread/WARN]: Unable to play unknown soundEvent: minecraft:random.bow
[13:27:00] [Client thread/WARN]: Unable to play unknown soundEvent: minecraft:random.bow
[13:27:00] [Client thread/WARN]: Unable to play unknown soundEvent: minecraft:random.bow
[13:27:00] [Client thread/WARN]: Unable to play unknown soundEvent: minecraft:random.bow
[13:27:00] [Client thread/WARN]: Unable to play unknown soundEvent: minecraft:random.bow
[13:27:00] [Client thread/WARN]: Unable to play unknown soundEvent: minecraft:random.bow
[13:27:00] [Client thread/WARN]: Unable to play unknown soundEvent: minecraft:random.bow
[13:27:00] [Client thread/WARN]: Unable to play unknown soundEvent: minecraft:random.bow
[13:27:00] [Client thread/WARN]: Unable to play unknown soundEvent: minecraft:random.bow
[13:27:00] [Client thread/WARN]: Unable to play unknown soundEvent: minecraft:random.bow
[13:27:00] [Client thread/WARN]: Unable to play unknown soundEvent: minecraft:random.bow
[13:27:00] [Client thread/WARN]: Unable to play unknown soundEvent: minecraft:random.bow
[13:27:06] [Client thread/WARN]: Unable to play unknown soundEvent: minecraft:random.bow
[13:27:06] [Client thread/WARN]: Unable to play unknown soundEvent: minecraft:random.bowhit
[13:27:06] [Client thread/WARN]: Unable to play unknown soundEvent: minecraft:random.bow
[13:27:06] [Client thread/WARN]: Unable to play unknown soundEvent: minecraft:random.bow
[13:27:06] [Client thread/WARN]: Unable to play unknown soundEvent: minecraft:random.bow
[13:27:06] [Client thread/WARN]: Unable to play unknown soundEvent: minecraft:random.bow
[13:27:06] [Client thread/WARN]: Unable to play unknown soundEvent: minecraft:random.bow
[13:27:06] [Client thread/WARN]: Unable to play unknown soundEvent: minecraft:random.bow
[13:27:07] [Client thread/WARN]: Unable to play unknown soundEvent: minecraft:random.bow
[13:27:07] [Client thread/WARN]: Unable to play unknown soundEvent: minecraft:random.pop
[13:27:07] [Client thread/WARN]: Unable to play unknown soundEvent: minecraft:random.bow
[13:27:07] [Client thread/WARN]: Unable to play unknown soundEvent: minecraft:random.bow
[13:27:07] [Client thread/WARN]: Unable to play unknown soundEvent: minecraft:random.bow
[13:27:07] [Client thread/WARN]: Unable to play unknown soundEvent: minecraft:random.bow
[13:27:07] [Client thread/WARN]: Unable to play unknown soundEvent: minecraft:random.bow
[13:27:07] [Client thread/WARN]: Unable to play unknown soundEvent: minecraft:random.bow
[13:27:07] [Client thread/WARN]: Unable to play unknown soundEvent: minecraft:random.bow
[13:27:07] [Client thread/WARN]: Unable to play unknown soundEvent: minecraft:random.bow
[13:27:07] [Client thread/WARN]: Unable to play unknown soundEvent: minecraft:random.bow
[13:27:07] [Client thread/WARN]: Unable to play unknown soundEvent: minecraft:random.bow
[13:27:07] [Client thread/WARN]: Unable to play unknown soundEvent: minecraft:random.bow
[13:27:07] [Client thread/WARN]: Unable to play unknown soundEvent: minecraft:random.bow
[13:27:07] [Client thread/WARN]: Unable to play unknown soundEvent: minecraft:random.bow
[13:27:07] [Client thread/WARN]: Unable to play unknown soundEvent: minecraft:random.bow
[13:27:07] [Client thread/WARN]: Unable to play unknown soundEvent: minecraft:random.bow
[13:27:07] [Client thread/WARN]: Unable to play unknown soundEvent: minecraft:random.bow
[13:27:07] [Client thread/WARN]: Unable to play unknown soundEvent: minecraft:random.bow
[13:27:07] [Client thread/WARN]: Unable to play unknown soundEvent: minecraft:random.bow
[13:27:07] [Client thread/WARN]: Unable to play unknown soundEvent: minecraft:random.bow
[13:27:08] [Client thread/WARN]: Unable to play unknown soundEvent: minecraft:random.bow
[13:27:08] [Client thread/WARN]: Unable to play unknown soundEvent: minecraft:random.bow
[13:27:08] [Client thread/WARN]: Unable to play unknown soundEvent: minecraft:random.bow
[13:27:08] [Client thread/WARN]: Unable to play unknown soundEvent: minecraft:random.bow
[13:27:08] [Client thread/WARN]: Unable to play unknown soundEvent: minecraft:random.bow
[13:27:08] [Client thread/WARN]: Unable to play unknown soundEvent: minecraft:random.bow
[13:27:08] [Client thread/WARN]: Unable to play unknown soundEvent: minecraft:random.bow
[13:27:08] [Client thread/WARN]: Unable to play unknown soundEvent: minecraft:random.bow
[13:27:08] [Client thread/WARN]: Unable to play unknown soundEvent: minecraft:random.bow
[13:27:08] [Client thread/WARN]: Unable to play unknown soundEvent: minecraft:random.bow
[13:27:08] [Client thread/WARN]: Unable to play unknown soundEvent: minecraft:random.bow
[13:27:08] [Client thread/WARN]: Unable to play unknown soundEvent: minecraft:random.bow
[13:27:08] [Client thread/WARN]: Unable to play unknown soundEvent: minecraft:random.bow
[13:27:08] [Client thread/WARN]: Unable to play unknown soundEvent: minecraft:random.bow
[13:27:08] [Client thread/WARN]: Unable to play unknown soundEvent: minecraft:random.bow
[13:27:08] [Client thread/WARN]: Unable to play unknown soundEvent: minecraft:random.bow
[13:27:08] [Client thread/WARN]: Unable to play unknown soundEvent: minecraft:random.bow
[13:27:08] [Client thread/WARN]: Unable to play unknown soundEvent: minecraft:random.bow
[13:27:08] [Client thread/WARN]: Unable to play unknown soundEvent: minecraft:random.bow
[13:27:08] [Client thread/WARN]: Unable to play unknown soundEvent: minecraft:random.bow
[13:27:09] [Client thread/WARN]: Unable to play unknown soundEvent: minecraft:random.bow
[13:27:09] [Client thread/WARN]: Unable to play unknown soundEvent: minecraft:random.bow
[13:27:09] [Client thread/WARN]: Unable to play unknown soundEvent: minecraft:random.bow
[13:27:09] [Client thread/WARN]: Unable to play unknown soundEvent: minecraft:random.bow
[13:27:09] [Client thread/WARN]: Unable to play unknown soundEvent: minecraft:random.bow
[13:27:09] [Client thread/WARN]: Unable to play unknown soundEvent: minecraft:random.bow
[13:27:09] [Client thread/WARN]: Unable to play unknown soundEvent: minecraft:random.bow
[13:27:09] [Client thread/WARN]: Unable to play unknown soundEvent: minecraft:random.bow
[13:27:09] [Client thread/WARN]: Unable to play unknown soundEvent: minecraft:random.bow
[13:27:09] [Client thread/WARN]: Unable to play unknown soundEvent: minecraft:step.sand
[13:27:09] [Client thread/WARN]: Unable to play unknown soundEvent: minecraft:random.bow
[13:27:09] [Client thread/WARN]: Unable to play unknown soundEvent: minecraft:random.bow
[13:27:09] [Client thread/WARN]: Unable to play unknown soundEvent: minecraft:random.bow
[13:27:09] [Client thread/WARN]: Unable to play unknown soundEvent: minecraft:random.bow
[13:27:09] [Client thread/WARN]: Unable to play unknown soundEvent: minecraft:random.bow
[13:27:09] [Client thread/WARN]: Unable to play unknown soundEvent: minecraft:random.bow
[13:27:09] [Client thread/WARN]: Unable to play unknown soundEvent: minecraft:random.bow
[13:27:09] [Client thread/WARN]: Unable to play unknown soundEvent: minecraft:random.bow
[13:27:09] [Client thread/WARN]: Unable to play unknown soundEvent: minecraft:random.bow
[13:27:09] [Client thread/WARN]: Unable to play unknown soundEvent: minecraft:random.bow
[13:27:09] [Client thread/WARN]: Unable to play unknown soundEvent: minecraft:random.bow
[13:27:10] [Client thread/WARN]: Unable to play unknown soundEvent: minecraft:random.bow
[13:27:10] [Client thread/WARN]: Unable to play unknown soundEvent: minecraft:random.bow
[13:27:10] [Client thread/WARN]: Unable to play unknown soundEvent: minecraft:random.bow
[13:27:10] [Client thread/WARN]: Unable to play unknown soundEvent: minecraft:random.bow
[13:27:10] [Client thread/WARN]: Unable to play unknown soundEvent: minecraft:random.bow
[13:27:10] [Client thread/WARN]: Unable to play unknown soundEvent: minecraft:random.bow
[13:27:10] [Client thread/WARN]: Unable to play unknown soundEvent: minecraft:random.bow
[13:27:10] [Client thread/WARN]: Unable to play unknown soundEvent: minecraft:random.bow
[13:27:10] [Client thread/WARN]: Unable to play unknown soundEvent: minecraft:random.bow
[13:27:10] [Client thread/WARN]: Unable to play unknown soundEvent: minecraft:random.bow
[13:27:10] [Client thread/WARN]: Unable to play unknown soundEvent: minecraft:random.bow
[13:27:10] [Client thread/WARN]: Unable to play unknown soundEvent: minecraft:random.bow
[13:27:10] [Client thread/WARN]: Unable to play unknown soundEvent: minecraft:random.bow
[13:27:10] [Client thread/WARN]: Unable to play unknown soundEvent: minecraft:random.bow
[13:27:10] [Client thread/WARN]: Unable to play unknown soundEvent: minecraft:random.bow
[13:27:10] [Client thread/WARN]: Unable to play unknown soundEvent: minecraft:random.bow
[13:27:10] [Client thread/WARN]: Unable to play unknown soundEvent: minecraft:random.bow
[13:27:10] [Client thread/WARN]: Unable to play unknown soundEvent: minecraft:random.bow
[13:27:10] [Client thread/WARN]: Unable to play unknown soundEvent: minecraft:random.bow
[13:27:10] [Client thread/WARN]: Unable to play unknown soundEvent: minecraft:random.bow
[13:27:11] [Client thread/WARN]: Unable to play unknown soundEvent: minecraft:random.bow
[13:27:11] [Client thread/WARN]: Unable to play unknown soundEvent: minecraft:random.bow
[13:27:11] [Client thread/WARN]: Unable to play unknown soundEvent: minecraft:random.bow
[13:27:11] [Client thread/WARN]: Unable to play unknown soundEvent: minecraft:random.bow
[13:27:11] [Client thread/WARN]: Unable to play unknown soundEvent: minecraft:random.bow
[13:27:11] [Client thread/WARN]: Unable to play unknown soundEvent: minecraft:random.bow
[13:27:11] [Client thread/WARN]: Unable to play unknown soundEvent: minecraft:random.bow
[13:27:11] [Client thread/WARN]: Unable to play unknown soundEvent: minecraft:random.bow
[13:27:11] [Client thread/WARN]: Unable to play unknown soundEvent: minecraft:random.bow
[13:27:11] [Client thread/WARN]: Unable to play unknown soundEvent: minecraft:random.bow
[13:27:11] [Client thread/WARN]: Unable to play unknown soundEvent: minecraft:random.bow
[13:27:11] [Client thread/WARN]: Unable to play unknown soundEvent: minecraft:random.bow
[13:27:11] [Client thread/WARN]: Unable to play unknown soundEvent: minecraft:random.bow
[13:27:11] [Client thread/WARN]: Unable to play unknown soundEvent: minecraft:random.bow
[13:27:11] [Client thread/WARN]: Unable to play unknown soundEvent: minecraft:random.bow
[13:27:11] [Client thread/WARN]: Unable to play unknown soundEvent: minecraft:random.bow
[13:27:11] [Client thread/WARN]: Unable to play unknown soundEvent: minecraft:random.bow
[13:27:11] [Client thread/WARN]: Unable to play unknown soundEvent: minecraft:random.bow
[13:27:11] [Client thread/WARN]: Unable to play unknown soundEvent: minecraft:random.bow
[13:27:11] [Client thread/WARN]: Unable to play unknown soundEvent: minecraft:random.bow
[13:27:12] [Client thread/WARN]: Unable to play unknown soundEvent: minecraft:random.bow
[13:27:12] [Client thread/WARN]: Unable to play unknown soundEvent: minecraft:random.bow
[13:27:12] [Client thread/WARN]: Unable to play unknown soundEvent: minecraft:random.bow
[13:27:12] [Client thread/WARN]: Unable to play unknown soundEvent: minecraft:random.bow
[13:27:12] [Client thread/WARN]: Unable to play unknown soundEvent: minecraft:random.bow
[13:27:12] [Client thread/WARN]: Unable to play unknown soundEvent: minecraft:random.bow
[13:27:12] [Client thread/WARN]: Unable to play unknown soundEvent: minecraft:random.bow
[13:27:12] [Client thread/WARN]: Unable to play unknown soundEvent: minecraft:random.bow
[13:27:12] [Client thread/WARN]: Unable to play unknown soundEvent: minecraft:random.bow
[13:27:12] [Client thread/WARN]: Unable to play unknown soundEvent: minecraft:random.bow
[13:27:12] [Client thread/WARN]: Unable to play unknown soundEvent: minecraft:random.bow
[13:27:12] [Client thread/WARN]: Unable to play unknown soundEvent: minecraft:random.bow
[13:27:12] [Client thread/WARN]: Unable to play unknown soundEvent: minecraft:random.bow
[13:27:12] [Client thread/WARN]: Unable to play unknown soundEvent: minecraft:random.bow
[13:27:12] [Client thread/WARN]: Unable to play unknown soundEvent: minecraft:random.bow
[13:27:12] [Client thread/WARN]: Unable to play unknown soundEvent: minecraft:random.bow
[13:27:12] [Client thread/WARN]: Unable to play unknown soundEvent: minecraft:random.bow
[13:27:12] [Client thread/WARN]: Unable to play unknown soundEvent: minecraft:random.bow
[13:27:12] [Client thread/WARN]: Unable to play unknown soundEvent: minecraft:random.bow
[13:27:12] [Client thread/WARN]: Unable to play unknown soundEvent: minecraft:random.bow
[13:27:13] [Client thread/WARN]: Unable to play unknown soundEvent: minecraft:random.bow
[13:27:13] [Client thread/WARN]: Unable to play unknown soundEvent: minecraft:random.bow
[13:27:13] [Client thread/WARN]: Unable to play unknown soundEvent: minecraft:random.bow
[13:27:13] [Client thread/WARN]: Unable to play unknown soundEvent: minecraft:random.bow
[13:27:13] [Client thread/WARN]: Unable to play unknown soundEvent: minecraft:random.bow
[13:27:13] [Client thread/WARN]: Unable to play unknown soundEvent: minecraft:random.bow
[13:27:13] [Client thread/WARN]: Unable to play unknown soundEvent: minecraft:random.bow
[13:27:13] [Client thread/WARN]: Unable to play unknown soundEvent: minecraft:random.bow
[13:27:13] [Client thread/WARN]: Unable to play unknown soundEvent: minecraft:random.bow
[13:27:13] [Client thread/WARN]: Unable to play unknown soundEvent: minecraft:random.bow
[13:27:13] [Client thread/WARN]: Unable to play unknown soundEvent: minecraft:random.bow
[13:27:13] [Client thread/WARN]: Unable to play unknown soundEvent: minecraft:random.bow
[13:27:13] [Client thread/WARN]: Unable to play unknown soundEvent: minecraft:random.bow
[13:27:13] [Client thread/WARN]: Unable to play unknown soundEvent: minecraft:random.bow
[13:27:13] [Client thread/WARN]: Unable to play unknown soundEvent: minecraft:random.bow
[13:27:13] [Client thread/WARN]: Unable to play unknown soundEvent: minecraft:random.bow
[13:27:13] [Client thread/WARN]: Unable to play unknown soundEvent: minecraft:random.bow
[13:27:13] [Client thread/WARN]: Unable to play unknown soundEvent: minecraft:random.bow
[13:27:13] [Client thread/WARN]: Unable to play unknown soundEvent: minecraft:random.bow
[13:27:13] [Client thread/WARN]: Unable to play unknown soundEvent: minecraft:random.bow
[13:27:14] [Client thread/WARN]: Unable to play unknown soundEvent: minecraft:random.bow
[13:27:14] [Client thread/WARN]: Unable to play unknown soundEvent: minecraft:random.bow
[13:27:14] [Client thread/WARN]: Unable to play unknown soundEvent: minecraft:random.bow
[13:27:14] [Client thread/WARN]: Unable to play unknown soundEvent: minecraft:random.bow
[13:27:14] [Client thread/WARN]: Unable to play unknown soundEvent: minecraft:random.bow
[13:27:14] [Client thread/WARN]: Unable to play unknown soundEvent: minecraft:random.bow
[13:27:14] [Client thread/WARN]: Unable to play unknown soundEvent: minecraft:random.bow
[13:27:14] [Client thread/WARN]: Unable to play unknown soundEvent: minecraft:random.bow
[13:27:14] [Client thread/WARN]: Unable to play unknown soundEvent: minecraft:random.bow
[13:27:14] [Client thread/WARN]: Unable to play unknown soundEvent: minecraft:random.bow
[13:27:14] [Client thread/WARN]: Unable to play unknown soundEvent: minecraft:random.bow
[13:27:14] [Client thread/WARN]: Unable to play unknown soundEvent: minecraft:random.bow
[13:27:14] [Client thread/WARN]: Unable to play unknown soundEvent: minecraft:random.bow
[13:27:14] [Client thread/WARN]: Unable to play unknown soundEvent: minecraft:random.bow
[13:27:14] [Client thread/WARN]: Unable to play unknown soundEvent: minecraft:random.bow
[13:27:14] [Client thread/WARN]: Unable to play unknown soundEvent: minecraft:random.bow
[13:27:14] [Client thread/WARN]: Unable to play unknown soundEvent: minecraft:random.bow
[13:27:14] [Client thread/WARN]: Unable to play unknown soundEvent: minecraft:random.bow
[13:27:14] [Client thread/WARN]: Unable to play unknown soundEvent: minecraft:random.bow
[13:27:14] [Client thread/WARN]: Unable to play unknown soundEvent: minecraft:random.bow
[13:27:15] [Client thread/WARN]: Unable to play unknown soundEvent: minecraft:random.bow
[13:27:15] [Client thread/WARN]: Unable to play unknown soundEvent: minecraft:random.bow
[13:27:15] [Client thread/WARN]: Unable to play unknown soundEvent: minecraft:random.bow
[13:27:15] [Client thread/WARN]: Unable to play unknown soundEvent: minecraft:random.bow
[13:27:15] [Client thread/WARN]: Unable to play unknown soundEvent: minecraft:random.bow
[13:27:15] [Client thread/WARN]: Unable to play unknown soundEvent: minecraft:random.bow
[13:27:15] [Client thread/WARN]: Unable to play unknown soundEvent: minecraft:random.bow
[13:27:15] [Client thread/WARN]: Unable to play unknown soundEvent: minecraft:random.bow
[13:27:15] [Client thread/WARN]: Unable to play unknown soundEvent: minecraft:random.bow
[13:27:15] [Client thread/WARN]: Unable to play unknown soundEvent: minecraft:random.bow
[13:27:15] [Client thread/WARN]: Unable to play unknown soundEvent: minecraft:random.bow
[13:27:15] [Client thread/WARN]: Unable to play unknown soundEvent: minecraft:random.bow
[13:27:15] [Client thread/WARN]: Unable to play unknown soundEvent: minecraft:random.bow
[13:27:15] [Client thread/WARN]: Unable to play unknown soundEvent: minecraft:random.bow
[13:27:15] [Client thread/WARN]: Unable to play unknown soundEvent: minecraft:random.bow
[13:27:15] [Client thread/WARN]: Unable to play unknown soundEvent: minecraft:random.bow
[13:27:15] [Client thread/WARN]: Unable to play unknown soundEvent: minecraft:random.bow
[13:27:15] [Client thread/WARN]: Unable to play unknown soundEvent: minecraft:random.bow
[13:27:15] [Client thread/WARN]: Unable to play unknown soundEvent: minecraft:random.bow
[13:27:15] [Client thread/WARN]: Unable to play unknown soundEvent: minecraft:random.bow
[13:27:15] [Client thread/WARN]: Unable to play unknown soundEvent: minecraft:random.bow
[13:27:16] [Client thread/WARN]: Unable to play unknown soundEvent: minecraft:random.bow
[13:27:16] [Client thread/WARN]: Unable to play unknown soundEvent: minecraft:random.bow
[13:27:16] [Client thread/WARN]: Unable to play unknown soundEvent: minecraft:random.bow
[13:27:16] [Client thread/WARN]: Unable to play unknown soundEvent: minecraft:random.bow
[13:27:16] [Client thread/WARN]: Unable to play unknown soundEvent: minecraft:random.bow
[13:27:16] [Client thread/WARN]: Unable to play unknown soundEvent: minecraft:random.bow
[13:27:16] [Client thread/WARN]: Unable to play unknown soundEvent: minecraft:random.bow
[13:27:16] [Client thread/WARN]: Unable to play unknown soundEvent: minecraft:random.bow
[13:27:16] [Client thread/WARN]: Unable to play unknown soundEvent: minecraft:random.bow
[13:27:17] [Client thread/WARN]: Unable to play unknown soundEvent: minecraft:random.bow
[13:27:17] [Client thread/WARN]: Unable to play unknown soundEvent: minecraft:random.bow
[13:27:17] [Client thread/WARN]: Unable to play unknown soundEvent: minecraft:random.bow
[13:27:17] [Client thread/WARN]: Unable to play unknown soundEvent: minecraft:random.bow
[13:27:17] [Client thread/WARN]: Unable to play unknown soundEvent: minecraft:random.bow
[13:27:17] [Client thread/WARN]: Unable to play unknown soundEvent: minecraft:random.bow
[13:27:17] [Client thread/WARN]: Unable to play unknown soundEvent: minecraft:random.bow
[13:27:17] [Client thread/WARN]: Unable to play unknown soundEvent: minecraft:random.bow
[13:27:18] [Client thread/WARN]: Unable to play unknown soundEvent: minecraft:random.bow
[13:27:18] [Client thread/WARN]: Unable to play unknown soundEvent: minecraft:random.bow
[13:27:18] [Client thread/WARN]: Unable to play unknown soundEvent: minecraft:random.bow
[13:27:18] [Client thread/WARN]: Unable to play unknown soundEvent: minecraft:random.bow
[13:27:18] [Client thread/WARN]: Unable to play unknown soundEvent: minecraft:random.bow
[13:27:18] [Client thread/WARN]: Unable to play unknown soundEvent: minecraft:random.bow
[13:27:18] [Client thread/WARN]: Unable to play unknown soundEvent: minecraft:random.bow
[13:27:18] [Client thread/WARN]: Unable to play unknown soundEvent: minecraft:random.bow
[13:27:18] [Client thread/WARN]: Unable to play unknown soundEvent: minecraft:random.bow
[13:27:18] [Client thread/WARN]: Unable to play unknown soundEvent: minecraft:random.bow
[13:27:18] [Client thread/WARN]: Unable to play unknown soundEvent: minecraft:random.bow
[13:27:18] [Client thread/WARN]: Unable to play unknown soundEvent: minecraft:random.bow
[13:27:18] [Client thread/WARN]: Unable to play unknown soundEvent: minecraft:random.bow
[13:27:18] [Client thread/WARN]: Unable to play unknown soundEvent: minecraft:random.bow
[13:27:18] [Client thread/WARN]: Unable to play unknown soundEvent: minecraft:random.bow
[13:27:18] [Client thread/WARN]: Unable to play unknown soundEvent: minecraft:random.bow
[13:27:18] [Client thread/WARN]: Unable to play unknown soundEvent: minecraft:random.bow
[13:27:18] [Client thread/WARN]: Unable to play unknown soundEvent: minecraft:random.bow
[13:27:18] [Client thread/WARN]: Unable to play unknown soundEvent: minecraft:random.bow
[13:27:18] [Client thread/WARN]: Unable to play unknown soundEvent: minecraft:random.bow
[13:27:18] [Client thread/WARN]: Unable to play unknown soundEvent: minecraft:random.bow
[13:27:19] [Client thread/WARN]: Unable to play unknown soundEvent: minecraft:random.bow
[13:27:19] [Client thread/WARN]: Unable to play unknown soundEvent: minecraft:random.bow
[13:27:19] [Client thread/WARN]: Unable to play unknown soundEvent: minecraft:random.bow
[13:27:19] [Client thread/WARN]: Unable to play unknown soundEvent: minecraft:random.bow
[13:27:19] [Client thread/WARN]: Unable to play unknown soundEvent: minecraft:random.bow
[13:27:19] [Client thread/WARN]: Unable to play unknown soundEvent: minecraft:mob.bat.takeoff
[13:27:19] [Client thread/WARN]: Unable to play unknown soundEvent: minecraft:random.bow
[13:27:19] [Client thread/WARN]: Unable to play unknown soundEvent: minecraft:random.bow
[13:27:19] [Client thread/WARN]: Unable to play unknown soundEvent: minecraft:random.bow
[13:27:19] [Client thread/WARN]: Unable to play unknown soundEvent: minecraft:random.bow
[13:27:19] [Client thread/WARN]: Unable to play unknown soundEvent: minecraft:random.bow
[13:27:19] [Client thread/WARN]: Unable to play unknown soundEvent: minecraft:random.bow
[13:27:19] [Client thread/WARN]: Unable to play unknown soundEvent: minecraft:random.bow
[13:27:19] [Client thread/WARN]: Unable to play unknown soundEvent: minecraft:random.bow
[13:27:19] [Client thread/WARN]: Unable to play unknown soundEvent: minecraft:random.bow
[13:27:19] [Client thread/WARN]: Unable to play unknown soundEvent: minecraft:random.bow
[13:27:19] [Client thread/WARN]: Unable to play unknown soundEvent: minecraft:random.bow
[13:27:19] [Client thread/WARN]: Unable to play unknown soundEvent: minecraft:random.bow
[13:27:19] [Client thread/WARN]: Unable to play unknown soundEvent: minecraft:random.bow
[13:27:19] [Client thread/WARN]: Unable to play unknown soundEvent: minecraft:random.bow
[13:27:20] [Client thread/WARN]: Unable to play unknown soundEvent: minecraft:random.bow
[13:27:20] [Client thread/WARN]: Unable to play unknown soundEvent: minecraft:random.bow
[13:27:20] [Client thread/WARN]: Unable to play unknown soundEvent: minecraft:random.bow
[13:27:20] [Client thread/WARN]: Unable to play unknown soundEvent: minecraft:random.bow
[13:27:20] [Client thread/WARN]: Unable to play unknown soundEvent: minecraft:random.bow
[13:27:20] [Client thread/WARN]: Unable to play unknown soundEvent: minecraft:random.bow
[13:27:20] [Client thread/WARN]: Unable to play unknown soundEvent: minecraft:random.bow
[13:27:20] [Client thread/WARN]: Unable to play unknown soundEvent: minecraft:random.bow
[13:27:20] [Client thread/WARN]: Unable to play unknown soundEvent: minecraft:random.bow
[13:27:20] [Client thread/WARN]: Unable to play unknown soundEvent: minecraft:random.bow
[13:27:20] [Client thread/WARN]: Unable to play unknown soundEvent: minecraft:random.bow
[13:27:20] [Client thread/WARN]: Unable to play unknown soundEvent: minecraft:random.bow
[13:27:20] [Client thread/WARN]: Unable to play unknown soundEvent: minecraft:random.bow
[13:27:20] [Client thread/WARN]: Unable to play unknown soundEvent: minecraft:random.bow
[13:27:20] [Client thread/WARN]: Unable to play unknown soundEvent: minecraft:random.bow
[13:27:20] [Client thread/WARN]: Unable to play unknown soundEvent: minecraft:random.bow
[13:27:20] [Client thread/WARN]: Unable to play unknown soundEvent: minecraft:random.bow
[13:27:20] [Client thread/WARN]: Unable to play unknown soundEvent: minecraft:random.bow
[13:27:20] [Client thread/WARN]: Unable to play unknown soundEvent: minecraft:random.bow
[13:27:20] [Client thread/WARN]: Unable to play unknown soundEvent: minecraft:random.bow
[13:27:21] [Client thread/WARN]: Unable to play unknown soundEvent: minecraft:random.bow
[13:27:21] [Client thread/WARN]: Unable to play unknown soundEvent: minecraft:random.bow
[13:27:21] [Client thread/WARN]: Unable to play unknown soundEvent: minecraft:random.bow
[13:27:21] [Client thread/WARN]: Unable to play unknown soundEvent: minecraft:random.bow
[13:27:21] [Client thread/WARN]: Unable to play unknown soundEvent: minecraft:random.bow
[13:27:21] [Client thread/WARN]: Unable to play unknown soundEvent: minecraft:random.bow
[13:27:21] [Client thread/WARN]: Unable to play unknown soundEvent: minecraft:random.bow
[13:27:21] [Client thread/WARN]: Unable to play unknown soundEvent: minecraft:random.bow
[13:27:21] [Client thread/WARN]: Unable to play unknown soundEvent: minecraft:random.bow
[13:27:21] [Client thread/WARN]: Unable to play unknown soundEvent: minecraft:random.bow
[13:27:21] [Client thread/WARN]: Unable to play unknown soundEvent: minecraft:random.bow
[13:27:21] [Client thread/WARN]: Unable to play unknown soundEvent: minecraft:random.bow
[13:27:21] [Client thread/WARN]: Unable to play unknown soundEvent: minecraft:random.bow
[13:27:21] [Client thread/WARN]: Unable to play unknown soundEvent: minecraft:random.bow
[13:27:21] [Client thread/WARN]: Unable to play unknown soundEvent: minecraft:random.bow
[13:27:21] [Client thread/WARN]: Unable to play unknown soundEvent: minecraft:random.bow
[13:27:21] [Client thread/WARN]: Unable to play unknown soundEvent: minecraft:random.bow
[13:27:21] [Client thread/WARN]: Unable to play unknown soundEvent: minecraft:random.bow
[13:27:21] [Client thread/WARN]: Unable to play unknown soundEvent: minecraft:random.bow
[13:27:21] [Client thread/WARN]: Unable to play unknown soundEvent: minecraft:random.bow
[13:27:22] [Client thread/WARN]: Unable to play unknown soundEvent: minecraft:random.bow
[13:27:22] [Client thread/WARN]: Unable to play unknown soundEvent: minecraft:random.bow
[13:27:22] [Client thread/WARN]: Unable to play unknown soundEvent: minecraft:random.bow
[13:27:22] [Client thread/WARN]: Unable to play unknown soundEvent: minecraft:random.bow
[13:27:22] [Client thread/WARN]: Unable to play unknown soundEvent: minecraft:random.bow
[13:27:22] [Client thread/WARN]: Unable to play unknown soundEvent: minecraft:random.bow
[13:27:22] [Client thread/WARN]: Unable to play unknown soundEvent: minecraft:random.bow
[13:27:22] [Client thread/WARN]: Unable to play unknown soundEvent: minecraft:random.bow
[13:27:22] [Client thread/WARN]: Unable to play unknown soundEvent: minecraft:random.bow
[13:27:22] [Client thread/WARN]: Unable to play unknown soundEvent: minecraft:random.bow
[13:27:22] [Client thread/WARN]: Unable to play unknown soundEvent: minecraft:random.bow
[13:27:22] [Client thread/WARN]: Unable to play unknown soundEvent: minecraft:random.bow
[13:27:22] [Client thread/WARN]: Unable to play unknown soundEvent: minecraft:random.bow
[13:27:22] [Client thread/WARN]: Unable to play unknown soundEvent: minecraft:random.bow
[13:27:22] [Client thread/WARN]: Unable to play unknown soundEvent: minecraft:random.bow
[13:27:22] [Client thread/WARN]: Unable to play unknown soundEvent: minecraft:random.bow
[13:27:22] [Client thread/WARN]: Unable to play unknown soundEvent: minecraft:random.bow
[13:27:22] [Client thread/WARN]: Unable to play unknown soundEvent: minecraft:random.bow
[13:27:22] [Client thread/WARN]: Unable to play unknown soundEvent: minecraft:random.bow
[13:27:22] [Client thread/WARN]: Unable to play unknown soundEvent: minecraft:random.bow
[13:27:23] [Client thread/WARN]: Unable to play unknown soundEvent: minecraft:random.bow
[13:27:23] [Client thread/WARN]: Unable to play unknown soundEvent: minecraft:random.bow
[13:27:23] [Client thread/WARN]: Unable to play unknown soundEvent: minecraft:random.bow
[13:27:23] [Client thread/WARN]: Unable to play unknown soundEvent: minecraft:random.bow
[13:27:23] [Client thread/WARN]: Unable to play unknown soundEvent: minecraft:random.bow
[13:27:23] [Client thread/WARN]: Unable to play unknown soundEvent: minecraft:random.bow
[13:27:23] [Client thread/WARN]: Unable to play unknown soundEvent: minecraft:random.bow
[13:27:23] [Client thread/WARN]: Unable to play unknown soundEvent: minecraft:random.bow
[13:27:23] [Client thread/WARN]: Unable to play unknown soundEvent: minecraft:random.bow
[13:27:23] [Client thread/WARN]: Unable to play unknown soundEvent: minecraft:random.bow
[13:27:23] [Client thread/WARN]: Unable to play unknown soundEvent: minecraft:random.bow
[13:27:23] [Client thread/WARN]: Unable to play unknown soundEvent: minecraft:random.bow
[13:27:23] [Client thread/WARN]: Unable to play unknown soundEvent: minecraft:random.bow
[13:27:23] [Client thread/WARN]: Unable to play unknown soundEvent: minecraft:random.bow
[13:27:23] [Client thread/WARN]: Unable to play unknown soundEvent: minecraft:random.bow
[13:27:23] [Client thread/WARN]: Unable to play unknown soundEvent: minecraft:random.bow
[13:27:23] [Client thread/WARN]: Unable to play unknown soundEvent: minecraft:random.bow
[13:27:23] [Client thread/WARN]: Unable to play unknown soundEvent: minecraft:random.bow
[13:27:23] [Client thread/WARN]: Unable to play unknown soundEvent: minecraft:random.bow
[13:27:23] [Client thread/WARN]: Unable to play unknown soundEvent: minecraft:random.bow
[13:27:24] [Client thread/WARN]: Unable to play unknown soundEvent: minecraft:random.bow
[13:27:24] [Client thread/WARN]: Unable to play unknown soundEvent: minecraft:random.bow
[13:27:24] [Client thread/WARN]: Unable to play unknown soundEvent: minecraft:random.bow
[13:27:24] [Client thread/WARN]: Unable to play unknown soundEvent: minecraft:random.bow
[13:27:24] [Client thread/WARN]: Unable to play unknown soundEvent: minecraft:random.bow
[13:27:24] [Client thread/WARN]: Unable to play unknown soundEvent: minecraft:random.bow
[13:27:24] [Client thread/WARN]: Unable to play unknown soundEvent: minecraft:random.bow
[13:27:24] [Client thread/WARN]: Unable to play unknown soundEvent: minecraft:random.bow
[13:27:24] [Client thread/WARN]: Unable to play unknown soundEvent: minecraft:random.bow
[13:27:24] [Client thread/WARN]: Unable to play unknown soundEvent: minecraft:random.bow
[13:27:24] [Client thread/WARN]: Unable to play unknown soundEvent: minecraft:random.bow
[13:27:24] [Client thread/WARN]: Unable to play unknown soundEvent: minecraft:random.bow
[13:27:24] [Client thread/WARN]: Unable to play unknown soundEvent: minecraft:random.bow
[13:27:24] [Client thread/WARN]: Unable to play unknown soundEvent: minecraft:random.bow
[13:27:24] [Client thread/WARN]: Unable to play unknown soundEvent: minecraft:random.bow
[13:27:24] [Client thread/WARN]: Unable to play unknown soundEvent: minecraft:random.bow
[13:27:24] [Client thread/WARN]: Unable to play unknown soundEvent: minecraft:random.bow
[13:27:24] [Client thread/WARN]: Unable to play unknown soundEvent: minecraft:random.bow
[13:27:24] [Client thread/WARN]: Unable to play unknown soundEvent: minecraft:random.bow
[13:27:24] [Client thread/WARN]: Unable to play unknown soundEvent: minecraft:random.bow
[13:27:25] [Client thread/WARN]: Unable to play unknown soundEvent: minecraft:random.bow
[13:27:25] [Client thread/WARN]: Unable to play unknown soundEvent: minecraft:random.bow
[13:27:25] [Client thread/WARN]: Unable to play unknown soundEvent: minecraft:random.bow
[13:27:25] [Client thread/WARN]: Unable to play unknown soundEvent: minecraft:random.bow
[13:27:25] [Client thread/WARN]: Unable to play unknown soundEvent: minecraft:random.bow
[13:27:25] [Client thread/WARN]: Unable to play unknown soundEvent: minecraft:random.bow
[13:27:25] [Client thread/WARN]: Unable to play unknown soundEvent: minecraft:random.bow
[13:27:25] [Client thread/WARN]: Unable to play unknown soundEvent: minecraft:random.bow
[13:27:25] [Client thread/WARN]: Unable to play unknown soundEvent: minecraft:random.bow
[13:27:25] [Client thread/WARN]: Unable to play unknown soundEvent: minecraft:random.bow
[13:27:25] [Client thread/WARN]: Unable to play unknown soundEvent: minecraft:random.bow
[13:27:25] [Client thread/WARN]: Unable to play unknown soundEvent: minecraft:random.bow
[13:27:25] [Client thread/WARN]: Unable to play unknown soundEvent: minecraft:random.bow
[13:27:25] [Client thread/WARN]: Unable to play unknown soundEvent: minecraft:random.bow
[13:27:25] [Client thread/WARN]: Unable to play unknown soundEvent: minecraft:random.bow
[13:27:25] [Client thread/WARN]: Unable to play unknown soundEvent: minecraft:random.bow
[13:27:25] [Client thread/WARN]: Unable to play unknown soundEvent: minecraft:random.bow
[13:27:25] [Client thread/WARN]: Unable to play unknown soundEvent: minecraft:random.bow
[13:27:25] [Client thread/WARN]: Unable to play unknown soundEvent: minecraft:random.bow
[13:27:25] [Client thread/WARN]: Unable to play unknown soundEvent: minecraft:random.bow
[13:27:26] [Client thread/WARN]: Unable to play unknown soundEvent: minecraft:random.bow
[13:27:26] [Client thread/WARN]: Unable to play unknown soundEvent: minecraft:random.bow
[13:27:26] [Client thread/WARN]: Unable to play unknown soundEvent: minecraft:random.bow
[13:27:26] [Client thread/WARN]: Unable to play unknown soundEvent: minecraft:random.bow
[13:27:26] [Client thread/WARN]: Unable to play unknown soundEvent: minecraft:random.bow
[13:27:26] [Client thread/WARN]: Unable to play unknown soundEvent: minecraft:random.bow
[13:27:26] [Client thread/WARN]: Unable to play unknown soundEvent: minecraft:random.bow
[13:27:26] [Client thread/WARN]: Unable to play unknown soundEvent: minecraft:random.bow
[13:27:26] [Client thread/WARN]: Unable to play unknown soundEvent: minecraft:random.bow
[13:27:26] [Client thread/WARN]: Unable to play unknown soundEvent: minecraft:random.bow
[13:27:26] [Client thread/WARN]: Unable to play unknown soundEvent: minecraft:random.bow
[13:27:26] [Client thread/WARN]: Unable to play unknown soundEvent: minecraft:random.bow
[13:27:26] [Client thread/WARN]: Unable to play unknown soundEvent: minecraft:random.bow
[13:27:26] [Client thread/WARN]: Unable to play unknown soundEvent: minecraft:random.bow
[13:27:26] [Client thread/WARN]: Unable to play unknown soundEvent: minecraft:random.bow
[13:27:26] [Client thread/WARN]: Unable to play unknown soundEvent: minecraft:random.bow
[13:27:26] [Client thread/WARN]: Unable to play unknown soundEvent: minecraft:random.bow
[13:27:26] [Client thread/WARN]: Unable to play unknown soundEvent: minecraft:random.bow
[13:27:26] [Client thread/WARN]: Unable to play unknown soundEvent: minecraft:random.bow
[13:27:26] [Client thread/WARN]: Unable to play unknown soundEvent: minecraft:random.bow
[13:27:27] [Client thread/WARN]: Unable to play unknown soundEvent: minecraft:random.bow
[13:27:27] [Client thread/WARN]: Unable to play unknown soundEvent: minecraft:random.bow
[13:27:27] [Client thread/WARN]: Unable to play unknown soundEvent: minecraft:random.bow
[13:27:27] [Client thread/WARN]: Unable to play unknown soundEvent: minecraft:random.bow
[13:27:27] [Client thread/WARN]: Unable to play unknown soundEvent: minecraft:random.bow
[13:27:27] [Client thread/WARN]: Unable to play unknown soundEvent: minecraft:random.bow
[13:27:27] [Client thread/WARN]: Unable to play unknown soundEvent: minecraft:random.bow
[13:27:27] [Client thread/WARN]: Unable to play unknown soundEvent: minecraft:random.bow
[13:27:27] [Client thread/WARN]: Unable to play unknown soundEvent: minecraft:random.bow
[13:27:27] [Client thread/WARN]: Unable to play unknown soundEvent: minecraft:random.bow
[13:27:27] [Client thread/WARN]: Unable to play unknown soundEvent: minecraft:random.bow
[13:27:27] [Client thread/WARN]: Unable to play unknown soundEvent: minecraft:random.bow
[13:27:27] [Client thread/WARN]: Unable to play unknown soundEvent: minecraft:random.bow
[13:27:27] [Client thread/WARN]: Unable to play unknown soundEvent: minecraft:random.bow
[13:27:27] [Client thread/WARN]: Unable to play unknown soundEvent: minecraft:random.bow
[13:27:27] [Client thread/WARN]: Unable to play unknown soundEvent: minecraft:random.bow
[13:27:27] [Client thread/WARN]: Unable to play unknown soundEvent: minecraft:random.bow
[13:27:27] [Client thread/WARN]: Unable to play unknown soundEvent: minecraft:random.bow
[13:27:27] [Client thread/WARN]: Unable to play unknown soundEvent: minecraft:random.bow
[13:27:27] [Client thread/WARN]: Unable to play unknown soundEvent: minecraft:random.bow
[13:27:28] [Client thread/WARN]: Unable to play unknown soundEvent: minecraft:random.bow
[13:27:28] [Client thread/WARN]: Unable to play unknown soundEvent: minecraft:random.bow
[13:27:28] [Client thread/WARN]: Unable to play unknown soundEvent: minecraft:random.bow
[13:27:28] [Client thread/WARN]: Unable to play unknown soundEvent: minecraft:random.bow
[13:27:28] [Client thread/WARN]: Unable to play unknown soundEvent: minecraft:random.bow
[13:27:28] [Client thread/WARN]: Unable to play unknown soundEvent: minecraft:random.bow
[13:27:28] [Client thread/WARN]: Unable to play unknown soundEvent: minecraft:random.bow
[13:27:28] [Client thread/WARN]: Unable to play unknown soundEvent: minecraft:random.bow
[13:27:28] [Client thread/WARN]: Unable to play unknown soundEvent: minecraft:random.bow
[13:27:28] [Client thread/WARN]: Unable to play unknown soundEvent: minecraft:random.bow
[13:27:28] [Client thread/WARN]: Unable to play unknown soundEvent: minecraft:random.bow
[13:27:28] [Client thread/WARN]: Unable to play unknown soundEvent: minecraft:random.bow
[13:27:28] [Client thread/WARN]: Unable to play unknown soundEvent: minecraft:music.game.creative
[13:27:30] [Client thread/WARN]: Unable to play unknown soundEvent: minecraft:random.bow
[13:27:31] [Client thread/WARN]: Unable to play unknown soundEvent: minecraft:random.pop
[13:27:31] [Client thread/WARN]: Unable to play unknown soundEvent: minecraft:mob.zombie.step
[13:27:31] [Client thread/WARN]: Unable to play unknown soundEvent: minecraft:mob.zombiepig.zpig
[13:27:31] [Client thread/WARN]: Unable to play unknown soundEvent: minecraft:mob.zombiepig.zpig
[13:27:32] [Client thread/WARN]: Unable to play unknown soundEvent: minecraft:random.pop
[13:27:32] [Client thread/WARN]: Unable to play unknown soundEvent: minecraft:random.pop
[13:27:32] [Client thread/WARN]: Unable to play unknown soundEvent: minecraft:random.pop
[13:27:32] [Client thread/WARN]: Unable to play unknown soundEvent: minecraft:random.pop
[13:27:32] [Client thread/WARN]: Unable to play unknown soundEvent: minecraft:random.pop
[13:27:32] [Client thread/WARN]: Unable to play unknown soundEvent: minecraft:step.sand
[13:27:32] [Client thread/WARN]: Unable to play unknown soundEvent: minecraft:random.bow
[13:27:32] [Client thread/WARN]: Unable to play unknown soundEvent: minecraft:random.bowhit
[13:27:32] [Client thread/WARN]: Unable to play unknown soundEvent: minecraft:random.bow
[13:27:32] [Client thread/WARN]: Unable to play unknown soundEvent: minecraft:random.bow
[13:27:32] [Client thread/WARN]: Unable to play unknown soundEvent: minecraft:mob.zombiepig.zpig
[13:27:32] [Client thread/WARN]: Unable to play unknown soundEvent: minecraft:random.bow
[13:27:32] [Client thread/WARN]: Unable to play unknown soundEvent: minecraft:mob.zombie.step
[13:27:32] [Client thread/WARN]: Unable to play unknown soundEvent: minecraft:random.bow
[13:27:32] [Client thread/WARN]: Unable to play unknown soundEvent: minecraft:mob.zombiepig.zpighurt
[13:27:32] [Client thread/WARN]: Unable to play unknown soundEvent: minecraft:random.bowhit
[13:27:32] [Client thread/WARN]: Unable to play unknown soundEvent: minecraft:random.bow
[13:27:32] [Client thread/WARN]: Unable to play unknown soundEvent: minecraft:random.bow
[13:27:32] [Client thread/WARN]: Unable to play unknown soundEvent: minecraft:random.bowhit
[13:27:32] [Client thread/WARN]: Unable to play unknown soundEvent: minecraft:random.bow
[13:27:32] [Client thread/WARN]: Unable to play unknown soundEvent: minecraft:random.pop
[13:27:32] [Client thread/WARN]: Unable to play unknown soundEvent: minecraft:random.bow
[13:27:32] [Client thread/WARN]: Unable to play unknown soundEvent: minecraft:random.bow
[13:27:32] [Client thread/WARN]: Unable to play unknown soundEvent: minecraft:random.bowhit
[13:27:32] [Client thread/WARN]: Unable to play unknown soundEvent: minecraft:random.bow
[13:27:32] [Client thread/WARN]: Unable to play unknown soundEvent: minecraft:random.bowhit
[13:27:32] [Client thread/WARN]: Unable to play unknown soundEvent: minecraft:random.bow
[13:27:32] [Client thread/WARN]: Unable to play unknown soundEvent: minecraft:random.bowhit
[13:27:32] [Client thread/WARN]: Unable to play unknown soundEvent: minecraft:random.bow
[13:27:32] [Client thread/WARN]: Unable to play unknown soundEvent: minecraft:random.bowhit
[13:27:32] [Client thread/WARN]: Unable to play unknown soundEvent: minecraft:random.bow
[13:27:32] [Client thread/WARN]: Unable to play unknown soundEvent: minecraft:random.bowhit
[13:27:32] [Client thread/WARN]: Unable to play unknown soundEvent: minecraft:random.bowhit
[13:27:32] [Client thread/WARN]: Unable to play unknown soundEvent: minecraft:random.bow
[13:27:32] [Client thread/WARN]: Unable to play unknown soundEvent: minecraft:mob.zombie.step
[13:27:32] [Client thread/WARN]: Unable to play unknown soundEvent: minecraft:random.bowhit
[13:27:32] [Client thread/WARN]: Unable to play unknown soundEvent: minecraft:random.bow
[13:27:32] [Client thread/WARN]: Unable to play unknown soundEvent: minecraft:random.bowhit
[13:27:32] [Client thread/WARN]: Unable to play unknown soundEvent: minecraft:random.bowhit
[13:27:33] [Client thread/WARN]: Unable to play unknown soundEvent: minecraft:random.bow
[13:27:33] [Client thread/WARN]: Unable to play unknown soundEvent: minecraft:random.bowhit
[13:27:33] [Client thread/WARN]: Unable to play unknown soundEvent: minecraft:random.bowhit
[13:27:33] [Client thread/WARN]: Unable to play unknown soundEvent: minecraft:random.bow
[13:27:33] [Client thread/WARN]: Unable to play unknown soundEvent: minecraft:random.bowhit
[13:27:33] [Client thread/WARN]: Unable to play unknown soundEvent: minecraft:random.bowhit
[13:27:33] [Client thread/WARN]: Unable to play unknown soundEvent: minecraft:random.bow
[13:27:33] [Client thread/WARN]: Unable to play unknown soundEvent: minecraft:mob.zombie.step
[13:27:33] [Client thread/WARN]: Unable to play unknown soundEvent: minecraft:random.bowhit
[13:27:33] [Client thread/WARN]: Unable to play unknown soundEvent: minecraft:random.bowhit
[13:27:33] [Client thread/WARN]: Unable to play unknown soundEvent: minecraft:random.bow
[13:27:33] [Client thread/WARN]: Unable to play unknown soundEvent: minecraft:random.bowhit
[13:27:33] [Client thread/WARN]: Unable to play unknown soundEvent: minecraft:random.bow
[13:27:33] [Client thread/WARN]: Unable to play unknown soundEvent: minecraft:mob.zombiepig.zpig
[13:27:33] [Client thread/WARN]: Unable to play unknown soundEvent: minecraft:random.bowhit
[13:27:33] [Client thread/WARN]: Unable to play unknown soundEvent: minecraft:random.bow
[13:27:33] [Client thread/WARN]: Unable to play unknown soundEvent: minecraft:random.bowhit
[13:27:33] [Client thread/WARN]: Unable to play unknown soundEvent: minecraft:random.bow
[13:27:33] [Client thread/WARN]: Unable to play unknown soundEvent: minecraft:random.bowhit
[13:27:33] [Client thread/WARN]: Unable to play unknown soundEvent: minecraft:random.bowhit
[13:27:33] [Client thread/WARN]: Unable to play unknown soundEvent: minecraft:mob.zombiepig.zpig
[13:27:33] [Client thread/WARN]: Unable to play unknown soundEvent: minecraft:mob.zombie.step
[13:27:33] [Client thread/WARN]: Unable to play unknown soundEvent: minecraft:random.bow
[13:27:33] [Client thread/WARN]: Unable to play unknown soundEvent: minecraft:random.bowhit
[13:27:34] [Client thread/WARN]: Unable to play unknown soundEvent: minecraft:random.bow
[13:27:34] [Client thread/WARN]: Unable to play unknown soundEvent: minecraft:random.bowhit
[13:27:34] [Client thread/WARN]: Unable to play unknown soundEvent: minecraft:random.bow
[13:27:34] [Client thread/WARN]: Unable to play unknown soundEvent: minecraft:random.bow
[13:27:34] [Client thread/WARN]: Unable to play unknown soundEvent: minecraft:random.bowhit
[13:27:34] [Client thread/WARN]: Unable to play unknown soundEvent: minecraft:random.bow
[13:27:34] [Client thread/WARN]: Unable to play unknown soundEvent: minecraft:random.bowhit
[13:27:34] [Client thread/WARN]: Unable to play unknown soundEvent: minecraft:random.bow
[13:27:34] [Client thread/WARN]: Unable to play unknown soundEvent: minecraft:random.bowhit
[13:27:34] [Client thread/WARN]: Unable to play unknown soundEvent: minecraft:random.bow
[13:27:34] [Client thread/WARN]: Unable to play unknown soundEvent: minecraft:random.bowhit
[13:27:34] [Client thread/WARN]: Unable to play unknown soundEvent: minecraft:random.bow
[13:27:34] [Client thread/WARN]: Unable to play unknown soundEvent: minecraft:random.bowhit
[13:27:34] [Client thread/WARN]: Unable to play unknown soundEvent: minecraft:random.bow
[13:27:34] [Client thread/WARN]: Unable to play unknown soundEvent: minecraft:random.bowhit
[13:27:34] [Client thread/WARN]: Unable to play unknown soundEvent: minecraft:random.bow
[13:27:34] [Client thread/WARN]: Unable to play unknown soundEvent: minecraft:mob.zombiepig.zpig
[13:27:34] [Client thread/WARN]: Unable to play unknown soundEvent: minecraft:random.bowhit
[13:27:34] [Client thread/WARN]: Unable to play unknown soundEvent: minecraft:random.bow
[13:27:34] [Client thread/WARN]: Unable to play unknown soundEvent: minecraft:random.bowhit
[13:27:34] [Client thread/WARN]: Unable to play unknown soundEvent: minecraft:random.bow
[13:27:34] [Client thread/WARN]: Unable to play unknown soundEvent: minecraft:mob.zombie.step
[13:27:34] [Client thread/WARN]: Unable to play unknown soundEvent: minecraft:mob.zombiepig.zpig
[13:27:34] [Client thread/WARN]: Unable to play unknown soundEvent: minecraft:random.bowhit
[13:27:35] [Client thread/WARN]: Unable to play unknown soundEvent: minecraft:random.bow
[13:27:35] [Client thread/WARN]: Unable to play unknown soundEvent: minecraft:random.bowhit
[13:27:35] [Client thread/WARN]: Unable to play unknown soundEvent: minecraft:random.bow
[13:27:35] [Client thread/WARN]: Unable to play unknown soundEvent: minecraft:random.bowhit
[13:27:35] [Client thread/WARN]: Unable to play unknown soundEvent: minecraft:random.bow
[13:27:35] [Client thread/WARN]: Unable to play unknown soundEvent: minecraft:random.bowhit
[13:27:35] [Client thread/WARN]: Unable to play unknown soundEvent: minecraft:random.bow
[13:27:35] [Client thread/WARN]: Unable to play unknown soundEvent: minecraft:random.bowhit
[13:27:35] [Client thread/WARN]: Unable to play unknown soundEvent: minecraft:random.bow
[13:27:35] [Client thread/WARN]: Unable to play unknown soundEvent: minecraft:random.bowhit
[13:27:35] [Client thread/WARN]: Unable to play unknown soundEvent: minecraft:random.bow
[13:27:35] [Client thread/WARN]: Unable to play unknown soundEvent: minecraft:random.bowhit
[13:27:35] [Client thread/WARN]: Unable to play unknown soundEvent: minecraft:random.bow
[13:27:35] [Client thread/WARN]: Unable to play unknown soundEvent: minecraft:random.bowhit
[13:27:35] [Client thread/WARN]: Unable to play unknown soundEvent: minecraft:random.bow
[13:27:35] [Client thread/WARN]: Unable to play unknown soundEvent: minecraft:random.bowhit
[13:27:35] [Client thread/WARN]: Unable to play unknown soundEvent: minecraft:random.bow
[13:27:35] [Client thread/WARN]: Unable to play unknown soundEvent: minecraft:random.bowhit
[13:27:35] [Client thread/WARN]: Unable to play unknown soundEvent: minecraft:random.bow
[13:27:35] [Client thread/WARN]: Unable to play unknown soundEvent: minecraft:random.bowhit
[13:27:35] [Client thread/WARN]: Unable to play unknown soundEvent: minecraft:random.bow
[13:27:35] [Client thread/WARN]: Unable to play unknown soundEvent: minecraft:random.bowhit
[13:27:35] [Client thread/WARN]: Unable to play unknown soundEvent: minecraft:random.bow
[13:27:35] [Client thread/WARN]: Unable to play unknown soundEvent: minecraft:random.bowhit
[13:27:35] [Client thread/WARN]: Unable to play unknown soundEvent: minecraft:random.bow
[13:27:35] [Client thread/WARN]: Unable to play unknown soundEvent: minecraft:random.bowhit
[13:27:35] [Client thread/WARN]: Unable to play unknown soundEvent: minecraft:random.bow
[13:27:35] [Client thread/WARN]: Unable to play unknown soundEvent: minecraft:random.bowhit
[13:27:35] [Client thread/WARN]: Unable to play unknown soundEvent: minecraft:random.bow
[13:27:35] [Client thread/WARN]: Unable to play unknown soundEvent: minecraft:mob.zombie.step
[13:27:35] [Client thread/WARN]: Unable to play unknown soundEvent: minecraft:random.bowhit
[13:27:35] [Client thread/WARN]: Unable to play unknown soundEvent: minecraft:random.bow
[13:27:35] [Client thread/WARN]: Unable to play unknown soundEvent: minecraft:random.bowhit
[13:27:35] [Client thread/WARN]: Unable to play unknown soundEvent: minecraft:random.pop
[13:27:35] [Client thread/WARN]: Unable to play unknown soundEvent: minecraft:random.bow
[13:27:35] [Client thread/WARN]: Unable to play unknown soundEvent: minecraft:random.bowhit
[13:27:35] [Client thread/WARN]: Unable to play unknown soundEvent: minecraft:random.bow
[13:27:35] [Client thread/WARN]: Unable to play unknown soundEvent: minecraft:random.bowhit
[13:27:35] [Client thread/WARN]: Unable to play unknown soundEvent: minecraft:random.bow
[13:27:35] [Client thread/WARN]: Unable to play unknown soundEvent: minecraft:random.bowhit
[13:27:35] [Client thread/WARN]: Unable to play unknown soundEvent: minecraft:random.bow
[13:27:35] [Client thread/WARN]: Unable to play unknown soundEvent: minecraft:random.bowhit
[13:27:36] [Client thread/WARN]: Unable to play unknown soundEvent: minecraft:random.pop
[13:27:36] [Client thread/WARN]: Unable to play unknown soundEvent: minecraft:random.bow
[13:27:36] [Client thread/WARN]: Unable to play unknown soundEvent: minecraft:random.bowhit
[13:27:36] [Client thread/WARN]: Unable to play unknown soundEvent: minecraft:random.bow
[13:27:36] [Client thread/WARN]: Unable to play unknown soundEvent: minecraft:random.bowhit
[13:27:36] [Client thread/WARN]: Unable to play unknown soundEvent: minecraft:random.bow
[13:27:36] [Client thread/WARN]: Unable to play unknown soundEvent: minecraft:random.bowhit
[13:27:36] [Client thread/WARN]: Unable to play unknown soundEvent: minecraft:random.bow
[13:27:36] [Client thread/WARN]: Unable to play unknown soundEvent: minecraft:random.bowhit
[13:27:36] [Client thread/WARN]: Unable to play unknown soundEvent: minecraft:random.bow
[13:27:36] [Client thread/WARN]: Unable to play unknown soundEvent: minecraft:random.bowhit
[13:27:36] [Client thread/WARN]: Unable to play unknown soundEvent: minecraft:random.bow
[13:27:36] [Client thread/WARN]: Unable to play unknown soundEvent: minecraft:random.bowhit
[13:27:36] [Client thread/WARN]: Unable to play unknown soundEvent: minecraft:random.bow
[13:27:36] [Client thread/WARN]: Unable to play unknown soundEvent: minecraft:random.bowhit
[13:27:36] [Client thread/WARN]: Unable to play unknown soundEvent: minecraft:random.bow
[13:27:36] [Client thread/WARN]: Unable to play unknown soundEvent: minecraft:mob.zombiepig.zpig
[13:27:36] [Client thread/WARN]: Unable to play unknown soundEvent: minecraft:random.bowhit
[13:27:36] [Client thread/WARN]: Unable to play unknown soundEvent: minecraft:random.bowhit
[13:27:36] [Client thread/WARN]: Unable to play unknown soundEvent: minecraft:mob.zombie.step
[13:27:36] [Client thread/WARN]: Unable to play unknown soundEvent: minecraft:step.sand
[13:27:36] [Client thread/WARN]: Unable to play unknown soundEvent: minecraft:random.pop
[13:27:36] [Client thread/WARN]: Unable to play unknown soundEvent: minecraft:random.pop
[13:27:36] [Client thread/WARN]: Unable to play unknown soundEvent: minecraft:random.pop
[13:27:36] [Client thread/WARN]: Unable to play unknown soundEvent: minecraft:random.pop
[13:27:36] [Client thread/WARN]: Unable to play unknown soundEvent: minecraft:random.pop
[13:27:36] [Client thread/WARN]: Unable to play unknown soundEvent: minecraft:random.pop
[13:27:36] [Client thread/WARN]: Unable to play unknown soundEvent: minecraft:random.pop
[13:27:36] [Client thread/WARN]: Unable to play unknown soundEvent: minecraft:random.pop
[13:27:36] [Client thread/WARN]: Unable to play unknown soundEvent: minecraft:random.pop
[13:27:36] [Client thread/WARN]: Unable to play unknown soundEvent: minecraft:random.pop
[13:27:36] [Client thread/WARN]: Unable to play unknown soundEvent: minecraft:random.pop
[13:27:36] [Client thread/WARN]: Unable to play unknown soundEvent: minecraft:random.pop
[13:27:36] [Client thread/WARN]: Unable to play unknown soundEvent: minecraft:random.pop
[13:27:36] [Client thread/WARN]: Unable to play unknown soundEvent: minecraft:random.pop
[13:27:36] [Client thread/WARN]: Unable to play unknown soundEvent: minecraft:random.pop
[13:27:36] [Client thread/WARN]: Unable to play unknown soundEvent: minecraft:random.pop
[13:27:36] [Client thread/WARN]: Unable to play unknown soundEvent: minecraft:random.pop
[13:27:36] [Client thread/WARN]: Unable to play unknown soundEvent: minecraft:random.pop
[13:27:36] [Client thread/WARN]: Unable to play unknown soundEvent: minecraft:random.pop
[13:27:36] [Client thread/WARN]: Unable to play unknown soundEvent: minecraft:random.pop
[13:27:36] [Client thread/WARN]: Unable to play unknown soundEvent: minecraft:random.pop
[13:27:36] [Client thread/WARN]: Unable to play unknown soundEvent: minecraft:random.pop
[13:27:36] [Client thread/WARN]: Unable to play unknown soundEvent: minecraft:random.pop
[13:27:36] [Client thread/WARN]: Unable to play unknown soundEvent: minecraft:random.pop
[13:27:36] [Client thread/WARN]: Unable to play unknown soundEvent: minecraft:random.pop
[13:27:36] [Client thread/WARN]: Unable to play unknown soundEvent: minecraft:random.pop
[13:27:36] [Client thread/WARN]: Unable to play unknown soundEvent: minecraft:random.pop
[13:27:36] [Client thread/WARN]: Unable to play unknown soundEvent: minecraft:random.pop
[13:27:36] [Client thread/WARN]: Unable to play unknown soundEvent: minecraft:random.pop
[13:27:36] [Client thread/WARN]: Unable to play unknown soundEvent: minecraft:random.pop
[13:27:36] [Client thread/WARN]: Unable to play unknown soundEvent: minecraft:random.pop
[13:27:36] [Client thread/WARN]: Unable to play unknown soundEvent: minecraft:random.pop
[13:27:36] [Client thread/WARN]: Unable to play unknown soundEvent: minecraft:random.pop
[13:27:36] [Client thread/WARN]: Unable to play unknown soundEvent: minecraft:random.pop
[13:27:36] [Client thread/WARN]: Unable to play unknown soundEvent: minecraft:random.pop
[13:27:36] [Client thread/WARN]: Unable to play unknown soundEvent: minecraft:random.pop
[13:27:36] [Client thread/WARN]: Unable to play unknown soundEvent: minecraft:random.pop
[13:27:36] [Client thread/WARN]: Unable to play unknown soundEvent: minecraft:random.pop
[13:27:36] [Client thread/WARN]: Unable to play unknown soundEvent: minecraft:random.pop
[13:27:36] [Client thread/WARN]: Unable to play unknown soundEvent: minecraft:random.pop
[13:27:36] [Client thread/WARN]: Unable to play unknown soundEvent: minecraft:random.pop
[13:27:36] [Client thread/WARN]: Unable to play unknown soundEvent: minecraft:random.pop
[13:27:36] [Client thread/WARN]: Unable to play unknown soundEvent: minecraft:random.pop
[13:27:36] [Client thread/WARN]: Unable to play unknown soundEvent: minecraft:random.pop
[13:27:36] [Client thread/WARN]: Unable to play unknown soundEvent: minecraft:random.pop
[13:27:36] [Client thread/WARN]: Unable to play unknown soundEvent: minecraft:random.pop
[13:27:36] [Client thread/WARN]: Unable to play unknown soundEvent: minecraft:random.pop
[13:27:36] [Client thread/WARN]: Unable to play unknown soundEvent: minecraft:random.pop
[13:27:36] [Client thread/WARN]: Unable to play unknown soundEvent: minecraft:random.pop
[13:27:36] [Client thread/WARN]: Unable to play unknown soundEvent: minecraft:random.pop
[13:27:36] [Client thread/WARN]: Unable to play unknown soundEvent: minecraft:random.pop
[13:27:36] [Client thread/WARN]: Unable to play unknown soundEvent: minecraft:random.pop
[13:27:36] [Client thread/WARN]: Unable to play unknown soundEvent: minecraft:random.pop
[13:27:36] [Client thread/WARN]: Unable to play unknown soundEvent: minecraft:random.pop
[13:27:36] [Client thread/WARN]: Unable to play unknown soundEvent: minecraft:mob.zombiepig.zpig
[13:27:36] [Client thread/WARN]: Unable to play unknown soundEvent: minecraft:step.sand
[13:27:36] [Client thread/WARN]: Unable to play unknown soundEvent: minecraft:random.bow
[13:27:36] [Client thread/WARN]: Unable to play unknown soundEvent: minecraft:mob.zombiepig.zpighurt
[13:27:36] [Client thread/WARN]: Unable to play unknown soundEvent: minecraft:random.bowhit
[13:27:36] [Client thread/WARN]: Unable to play unknown soundEvent: minecraft:random.bow
[13:27:36] [Client thread/WARN]: Unable to play unknown soundEvent: minecraft:random.bowhit
[13:27:37] [Client thread/WARN]: Unable to play unknown soundEvent: minecraft:random.bow
[13:27:37] [Client thread/WARN]: Unable to play unknown soundEvent: minecraft:random.bow
[13:27:37] [Client thread/WARN]: Unable to play unknown soundEvent: minecraft:random.bowhit
[13:27:37] [Client thread/WARN]: Unable to play unknown soundEvent: minecraft:random.bow
[13:27:37] [Client thread/WARN]: Unable to play unknown soundEvent: minecraft:random.bowhit
[13:27:37] [Client thread/WARN]: Unable to play unknown soundEvent: minecraft:random.bow
[13:27:37] [Client thread/WARN]: Unable to play unknown soundEvent: minecraft:random.bowhit
[13:27:37] [Client thread/WARN]: Unable to play unknown soundEvent: minecraft:random.bow
[13:27:37] [Client thread/WARN]: Unable to play unknown soundEvent: minecraft:mob.zombiepig.zpig
[13:27:37] [Client thread/WARN]: Unable to play unknown soundEvent: minecraft:random.bowhit
[13:27:37] [Client thread/WARN]: Unable to play unknown soundEvent: minecraft:random.bow
[13:27:37] [Client thread/WARN]: Unable to play unknown soundEvent: minecraft:mob.zombiepig.zpigangry
[13:27:37] [Client thread/WARN]: Unable to play unknown soundEvent: minecraft:random.bow
[13:27:37] [Client thread/WARN]: Unable to play unknown soundEvent: minecraft:random.bow
[13:27:37] [Client thread/WARN]: Unable to play unknown soundEvent: minecraft:random.bow
[13:27:37] [Client thread/WARN]: Unable to play unknown soundEvent: minecraft:mob.zombie.step
[13:27:37] [Client thread/WARN]: Unable to play unknown soundEvent: minecraft:mob.zombiepig.zpighurt
[13:27:37] [Client thread/WARN]: Unable to play unknown soundEvent: minecraft:random.bowhit
[13:27:37] [Client thread/WARN]: Unable to play unknown soundEvent: minecraft:random.bow
[13:27:37] [Client thread/WARN]: Unable to play unknown soundEvent: minecraft:random.bowhit
[13:27:37] [Client thread/WARN]: Unable to play unknown soundEvent: minecraft:random.bow
[13:27:37] [Client thread/WARN]: Unable to play unknown soundEvent: minecraft:random.bow
[13:27:37] [Client thread/WARN]: Unable to play unknown soundEvent: minecraft:random.bow
[13:27:37] [Client thread/WARN]: Unable to play unknown soundEvent: minecraft:random.bow
[13:27:37] [Client thread/WARN]: Unable to play unknown soundEvent: minecraft:random.bowhit
[13:27:37] [Client thread/WARN]: Unable to play unknown soundEvent: minecraft:random.bow
[13:27:37] [Client thread/WARN]: Unable to play unknown soundEvent: minecraft:random.bowhit
[13:27:37] [Client thread/WARN]: Unable to play unknown soundEvent: minecraft:random.orb
[13:27:37] [Client thread/WARN]: Unable to play unknown soundEvent: minecraft:random.bow
[13:27:37] [Client thread/WARN]: Unable to play unknown soundEvent: minecraft:random.bow
[13:27:37] [Client thread/WARN]: Unable to play unknown soundEvent: minecraft:random.bow
[13:27:37] [Client thread/WARN]: Unable to play unknown soundEvent: minecraft:random.bowhit
[13:27:37] [Client thread/WARN]: Unable to play unknown soundEvent: minecraft:random.bow
[13:27:37] [Client thread/WARN]: Unable to play unknown soundEvent: minecraft:random.bow
[13:27:38] [Client thread/WARN]: Unable to play unknown soundEvent: minecraft:random.bow
[13:27:38] [Client thread/WARN]: Unable to play unknown soundEvent: minecraft:random.bowhit
[13:27:38] [Client thread/WARN]: Unable to play unknown soundEvent: minecraft:random.orb
[13:27:38] [Client thread/WARN]: Unable to play unknown soundEvent: minecraft:random.pop
[13:27:38] [Client thread/WARN]: Unable to play unknown soundEvent: minecraft:random.bow
[13:27:38] [Client thread/WARN]: Unable to play unknown soundEvent: minecraft:random.bowhit
[13:27:38] [Client thread/WARN]: Unable to play unknown soundEvent: minecraft:random.pop
[13:27:38] [Client thread/WARN]: Unable to play unknown soundEvent: minecraft:random.bow
[13:27:38] [Client thread/WARN]: Unable to play unknown soundEvent: minecraft:random.bow
[13:27:38] [Client thread/WARN]: Unable to play unknown soundEvent: minecraft:random.bow
[13:27:38] [Client thread/WARN]: Unable to play unknown soundEvent: minecraft:random.pop
[13:27:38] [Client thread/WARN]: Unable to play unknown soundEvent: minecraft:random.bow
[13:27:38] [Client thread/WARN]: Unable to play unknown soundEvent: minecraft:random.bow
[13:27:38] [Client thread/WARN]: Unable to play unknown soundEvent: minecraft:random.bow
[13:27:38] [Client thread/WARN]: Unable to play unknown soundEvent: minecraft:random.pop
[13:27:38] [Client thread/WARN]: Unable to play unknown soundEvent: minecraft:random.bow
[13:27:38] [Client thread/WARN]: Unable to play unknown soundEvent: minecraft:random.pop
[13:27:38] [Client thread/WARN]: Unable to play unknown soundEvent: minecraft:random.bow
[13:27:38] [Client thread/WARN]: Unable to play unknown soundEvent: minecraft:random.bow
[13:27:38] [Client thread/WARN]: Unable to play unknown soundEvent: minecraft:mob.zombiepig.zpig
[13:27:38] [Client thread/WARN]: Unable to play unknown soundEvent: minecraft:random.bow
[13:27:38] [Client thread/WARN]: Unable to play unknown soundEvent: minecraft:random.bow
[13:27:38] [Client thread/WARN]: Unable to play unknown soundEvent: minecraft:random.bow
[13:27:38] [Client thread/WARN]: Unable to play unknown soundEvent: minecraft:random.bow
[13:27:38] [Client thread/WARN]: Unable to play unknown soundEvent: minecraft:random.bow
[13:27:38] [Client thread/WARN]: Unable to play unknown soundEvent: minecraft:random.bow
[13:27:38] [Client thread/WARN]: Unable to play unknown soundEvent: minecraft:random.bow
[13:27:38] [Client thread/WARN]: Unable to play unknown soundEvent: minecraft:random.bow
[13:27:38] [Client thread/WARN]: Unable to play unknown soundEvent: minecraft:random.bow
[13:27:39] [Client thread/WARN]: Unable to play unknown soundEvent: minecraft:random.bow
[13:27:39] [Client thread/WARN]: Unable to play unknown soundEvent: minecraft:random.bow
[13:27:39] [Client thread/WARN]: Unable to play unknown soundEvent: minecraft:random.bow
[13:27:39] [Client thread/WARN]: Unable to play unknown soundEvent: minecraft:random.bow
[13:27:39] [Client thread/WARN]: Unable to play unknown soundEvent: minecraft:random.bow
[13:27:39] [Client thread/WARN]: Unable to play unknown soundEvent: minecraft:random.bow
[13:27:39] [Client thread/WARN]: Unable to play unknown soundEvent: minecraft:random.bow
[13:27:39] [Client thread/WARN]: Unable to play unknown soundEvent: minecraft:random.bow
[13:27:39] [Client thread/WARN]: Unable to play unknown soundEvent: minecraft:random.bow
[13:27:39] [Client thread/WARN]: Unable to play unknown soundEvent: minecraft:random.bow
[13:27:39] [Client thread/WARN]: Unable to play unknown soundEvent: minecraft:random.bow
[13:27:39] [Client thread/WARN]: Unable to play unknown soundEvent: minecraft:mob.zombiepig.zpig
[13:27:39] [Client thread/WARN]: Unable to play unknown soundEvent: minecraft:random.bow
[13:27:39] [Client thread/WARN]: Unable to play unknown soundEvent: minecraft:random.bow
[13:27:39] [Client thread/WARN]: Unable to play unknown soundEvent: minecraft:mob.zombiepig.zpig
[13:27:39] [Client thread/WARN]: Unable to play unknown soundEvent: minecraft:mob.zombiepig.zpig
[13:27:39] [Client thread/WARN]: Unable to play unknown soundEvent: minecraft:random.bow
[13:27:39] [Client thread/WARN]: Unable to play unknown soundEvent: minecraft:random.bow
[13:27:39] [Client thread/WARN]: Unable to play unknown soundEvent: minecraft:random.bow
[13:27:39] [Client thread/WARN]: Unable to play unknown soundEvent: minecraft:random.bow
[13:27:39] [Client thread/WARN]: Unable to play unknown soundEvent: minecraft:random.bow
[13:27:39] [Client thread/WARN]: Unable to play unknown soundEvent: minecraft:random.bow
[13:27:39] [Client thread/WARN]: Unable to play unknown soundEvent: minecraft:random.bow
[13:27:40] [Client thread/WARN]: Unable to play unknown soundEvent: minecraft:random.bow
[13:27:40] [Client thread/WARN]: Unable to play unknown soundEvent: minecraft:random.bow
[13:27:40] [Client thread/WARN]: Unable to play unknown soundEvent: minecraft:random.bow
[13:27:40] [Client thread/WARN]: Unable to play unknown soundEvent: minecraft:random.bow
[13:27:40] [Client thread/WARN]: Unable to play unknown soundEvent: minecraft:mob.zombie.step
[13:27:40] [Client thread/WARN]: Unable to play unknown soundEvent: minecraft:random.bow
[13:27:40] [Client thread/WARN]: Unable to play unknown soundEvent: minecraft:random.bow
[13:27:40] [Client thread/WARN]: Unable to play unknown soundEvent: minecraft:random.bow
[13:27:40] [Client thread/WARN]: Unable to play unknown soundEvent: minecraft:random.bow
[13:27:40] [Client thread/WARN]: Unable to play unknown soundEvent: minecraft:random.bow
[13:27:40] [Client thread/WARN]: Unable to play unknown soundEvent: minecraft:random.bow
[13:27:40] [Client thread/WARN]: Unable to play unknown soundEvent: minecraft:random.bow
[13:27:40] [Client thread/WARN]: Unable to play unknown soundEvent: minecraft:random.bow
[13:27:40] [Client thread/WARN]: Unable to play unknown soundEvent: minecraft:mob.zombiepig.zpig
[13:27:40] [Client thread/WARN]: Unable to play unknown soundEvent: minecraft:random.bow
[13:27:40] [Client thread/WARN]: Unable to play unknown soundEvent: minecraft:random.bow
[13:27:40] [Client thread/WARN]: Unable to play unknown soundEvent: minecraft:random.bow
[13:27:40] [Client thread/WARN]: Unable to play unknown soundEvent: minecraft:random.bow
[13:27:40] [Client thread/WARN]: Unable to play unknown soundEvent: minecraft:random.orb
[13:27:40] [Client thread/WARN]: Unable to play unknown soundEvent: minecraft:random.bow
[13:27:40] [Client thread/WARN]: Unable to play unknown soundEvent: minecraft:random.bow
[13:27:40] [Client thread/WARN]: Unable to play unknown soundEvent: minecraft:random.bow
[13:27:40] [Client thread/WARN]: Unable to play unknown soundEvent: minecraft:random.bow
[13:27:41] [Client thread/WARN]: Unable to play unknown soundEvent: minecraft:random.bow
[13:27:41] [Client thread/WARN]: Unable to play unknown soundEvent: minecraft:random.bow
[13:27:41] [Client thread/WARN]: Unable to play unknown soundEvent: minecraft:random.bow
[13:27:41] [Client thread/WARN]: Unable to play unknown soundEvent: minecraft:random.bow
[13:27:41] [Client thread/WARN]: Unable to play unknown soundEvent: minecraft:random.bow
[13:27:41] [Client thread/WARN]: Unable to play unknown soundEvent: minecraft:random.bow
[13:27:41] [Client thread/WARN]: Unable to play unknown soundEvent: minecraft:mob.zombiepig.zpighurt
[13:27:41] [Client thread/WARN]: Unable to play unknown soundEvent: minecraft:random.bowhit
[13:27:41] [Client thread/WARN]: Unable to play unknown soundEvent: minecraft:random.bow
[13:27:41] [Client thread/WARN]: Unable to play unknown soundEvent: minecraft:random.bow
[13:27:41] [Client thread/WARN]: Unable to play unknown soundEvent: minecraft:mob.zombiepig.zpigangry
[13:27:41] [Client thread/WARN]: Unable to play unknown soundEvent: minecraft:random.bow
[13:27:41] [Client thread/WARN]: Unable to play unknown soundEvent: minecraft:random.bow
[13:27:41] [Client thread/WARN]: Unable to play unknown soundEvent: minecraft:random.bowhit
[13:27:41] [Client thread/WARN]: Unable to play unknown soundEvent: minecraft:random.bow
[13:27:41] [Client thread/WARN]: Unable to play unknown soundEvent: minecraft:mob.zombie.step
[13:27:41] [Client thread/WARN]: Unable to play unknown soundEvent: minecraft:random.bow
[13:27:41] [Client thread/WARN]: Unable to play unknown soundEvent: minecraft:random.bow
[13:27:41] [Client thread/WARN]: Unable to play unknown soundEvent: minecraft:mob.zombiepig.zpigangry
[13:27:41] [Client thread/WARN]: Unable to play unknown soundEvent: minecraft:random.bow
[13:27:41] [Client thread/WARN]: Unable to play unknown soundEvent: minecraft:random.bowhit
[13:27:41] [Client thread/WARN]: Unable to play unknown soundEvent: minecraft:random.bow
[13:27:41] [Client thread/WARN]: Unable to play unknown soundEvent: minecraft:random.bowhit
[13:27:41] [Client thread/WARN]: Unable to play unknown soundEvent: minecraft:random.bow
[13:27:41] [Client thread/WARN]: Unable to play unknown soundEvent: minecraft:random.bow
[13:27:41] [Client thread/WARN]: Unable to play unknown soundEvent: minecraft:random.bowhit
[13:27:41] [Client thread/WARN]: Unable to play unknown soundEvent: minecraft:random.bow
[13:27:41] [Client thread/WARN]: Unable to play unknown soundEvent: minecraft:random.bow
[13:27:41] [Client thread/WARN]: Unable to play unknown soundEvent: minecraft:mob.zombiepig.zpig
[13:27:41] [Client thread/WARN]: Unable to play unknown soundEvent: minecraft:random.bow
[13:27:42] [Client thread/WARN]: Unable to play unknown soundEvent: minecraft:random.bow
[13:27:42] [Client thread/WARN]: Unable to play unknown soundEvent: minecraft:random.pop
[13:27:42] [Client thread/WARN]: Unable to play unknown soundEvent: minecraft:random.bow
[13:27:42] [Client thread/WARN]: Unable to play unknown soundEvent: minecraft:mob.zombie.step
[13:27:42] [Client thread/WARN]: Unable to play unknown soundEvent: minecraft:random.pop
[13:27:42] [Client thread/WARN]: Unable to play unknown soundEvent: minecraft:random.bow
[13:27:42] [Client thread/WARN]: Unable to play unknown soundEvent: minecraft:game.hostile.hurt.fall.small
[13:27:42] [Client thread/WARN]: Unable to play unknown soundEvent: minecraft:mob.zombiepig.zpighurt
[13:27:42] [Client thread/WARN]: Unable to play unknown soundEvent: minecraft:step.sand
[13:27:42] [Client thread/WARN]: Unable to play unknown soundEvent: minecraft:mob.zombie.step
[13:27:42] [Client thread/WARN]: Unable to play unknown soundEvent: minecraft:random.pop
[13:27:42] [Client thread/WARN]: Unable to play unknown soundEvent: minecraft:random.bow
[13:27:42] [Client thread/WARN]: Unable to play unknown soundEvent: minecraft:random.bow
[13:27:42] [Client thread/WARN]: Unable to play unknown soundEvent: minecraft:random.bow
[13:27:42] [Client thread/WARN]: Unable to play unknown soundEvent: minecraft:random.bow
[13:27:42] [Client thread/WARN]: Unable to play unknown soundEvent: minecraft:mob.zombiepig.zpig
[13:27:42] [Client thread/WARN]: Unable to play unknown soundEvent: minecraft:random.bow
[13:27:42] [Client thread/WARN]: Unable to play unknown soundEvent: minecraft:random.orb
[13:27:42] [Client thread/WARN]: Unable to play unknown soundEvent: minecraft:random.bow
[13:27:42] [Client thread/WARN]: Unable to play unknown soundEvent: minecraft:random.bow
[13:27:42] [Client thread/WARN]: Unable to play unknown soundEvent: minecraft:random.bowhit
[13:27:42] [Client thread/WARN]: Unable to play unknown soundEvent: minecraft:random.bow
[13:27:42] [Client thread/WARN]: Unable to play unknown soundEvent: minecraft:random.bowhit
[13:27:42] [Client thread/WARN]: Unable to play unknown soundEvent: minecraft:random.bow
[13:27:42] [Client thread/WARN]: Unable to play unknown soundEvent: minecraft:random.bowhit
[13:27:42] [Client thread/WARN]: Unable to play unknown soundEvent: minecraft:random.bow
[13:27:42] [Client thread/WARN]: Unable to play unknown soundEvent: minecraft:random.bowhit
[13:27:42] [Client thread/WARN]: Unable to play unknown soundEvent: minecraft:random.bow
[13:27:42] [Client thread/WARN]: Unable to play unknown soundEvent: minecraft:random.bowhit
[13:27:42] [Client thread/WARN]: Unable to play unknown soundEvent: minecraft:random.bow
[13:27:42] [Client thread/WARN]: Unable to play unknown soundEvent: minecraft:random.bowhit
[13:27:42] [Client thread/WARN]: Unable to play unknown soundEvent: minecraft:random.bow
[13:27:42] [Client thread/WARN]: Unable to play unknown soundEvent: minecraft:random.bowhit
[13:27:42] [Client thread/WARN]: Unable to play unknown soundEvent: minecraft:random.bow
[13:27:42] [Client thread/WARN]: Unable to play unknown soundEvent: minecraft:random.bowhit
[13:27:42] [Client thread/WARN]: Unable to play unknown soundEvent: minecraft:random.bow
[13:27:42] [Client thread/WARN]: Unable to play unknown soundEvent: minecraft:random.bowhit
[13:27:42] [Client thread/WARN]: Unable to play unknown soundEvent: minecraft:random.bow
[13:27:42] [Client thread/WARN]: Unable to play unknown soundEvent: minecraft:random.bowhit
[13:27:42] [Client thread/WARN]: Unable to play unknown soundEvent: minecraft:random.bow
[13:27:42] [Client thread/WARN]: Unable to play unknown soundEvent: minecraft:mob.zombie.step
[13:27:42] [Client thread/WARN]: Unable to play unknown soundEvent: minecraft:random.bowhit
[13:27:43] [Client thread/WARN]: Unable to play unknown soundEvent: minecraft:random.bow
[13:27:43] [Client thread/WARN]: Unable to play unknown soundEvent: minecraft:random.bowhit
[13:27:43] [Client thread/WARN]: Unable to play unknown soundEvent: minecraft:random.bow
[13:27:43] [Client thread/WARN]: Unable to play unknown soundEvent: minecraft:random.bowhit
[13:27:43] [Client thread/WARN]: Unable to play unknown soundEvent: minecraft:random.bow
[13:27:43] [Client thread/WARN]: Unable to play unknown soundEvent: minecraft:random.bowhit
[13:27:43] [Client thread/WARN]: Unable to play unknown soundEvent: minecraft:random.bow
[13:27:43] [Client thread/WARN]: Unable to play unknown soundEvent: minecraft:random.bowhit
[13:27:43] [Client thread/WARN]: Unable to play unknown soundEvent: minecraft:random.bow
[13:27:43] [Client thread/WARN]: Unable to play unknown soundEvent: minecraft:random.bowhit
[13:27:43] [Client thread/WARN]: Unable to play unknown soundEvent: minecraft:random.bow
[13:27:43] [Client thread/WARN]: Unable to play unknown soundEvent: minecraft:random.bowhit
[13:27:43] [Client thread/WARN]: Unable to play unknown soundEvent: minecraft:random.bow
[13:27:43] [Client thread/WARN]: Unable to play unknown soundEvent: minecraft:random.bowhit
[13:27:43] [Client thread/WARN]: Unable to play unknown soundEvent: minecraft:random.bow
[13:27:43] [Client thread/WARN]: Unable to play unknown soundEvent: minecraft:mob.zombiepig.zpig
[13:27:43] [Client thread/WARN]: Unable to play unknown soundEvent: minecraft:random.bowhit
[13:27:43] [Client thread/WARN]: Unable to play unknown soundEvent: minecraft:random.bow
[13:27:43] [Client thread/WARN]: Unable to play unknown soundEvent: minecraft:random.bowhit
[13:27:43] [Client thread/WARN]: Unable to play unknown soundEvent: minecraft:random.bow
[13:27:43] [Client thread/WARN]: Unable to play unknown soundEvent: minecraft:random.bowhit
[13:27:43] [Client thread/WARN]: Unable to play unknown soundEvent: minecraft:random.bow
[13:27:43] [Client thread/WARN]: Unable to play unknown soundEvent: minecraft:random.bowhit
[13:27:43] [Client thread/WARN]: Unable to play unknown soundEvent: minecraft:random.bow
[13:27:43] [Client thread/WARN]: Unable to play unknown soundEvent: minecraft:mob.zombie.step
[13:27:43] [Client thread/WARN]: Unable to play unknown soundEvent: minecraft:random.bowhit
[13:27:43] [Client thread/WARN]: Unable to play unknown soundEvent: minecraft:random.bow
[13:27:43] [Client thread/WARN]: Unable to play unknown soundEvent: minecraft:random.bowhit
[13:27:43] [Client thread/WARN]: Unable to play unknown soundEvent: minecraft:random.bow
[13:27:43] [Client thread/WARN]: Unable to play unknown soundEvent: minecraft:random.bowhit
[13:27:43] [Client thread/WARN]: Unable to play unknown soundEvent: minecraft:random.bow
[13:27:43] [Client thread/WARN]: Unable to play unknown soundEvent: minecraft:random.bowhit
[13:27:43] [Client thread/WARN]: Unable to play unknown soundEvent: minecraft:random.bow
[13:27:43] [Client thread/WARN]: Unable to play unknown soundEvent: minecraft:random.bowhit
[13:27:43] [Client thread/WARN]: Unable to play unknown soundEvent: minecraft:random.bow
[13:27:43] [Client thread/WARN]: Unable to play unknown soundEvent: minecraft:random.bowhit
[13:27:43] [Client thread/WARN]: Unable to play unknown soundEvent: minecraft:random.bow
[13:27:43] [Client thread/WARN]: Unable to play unknown soundEvent: minecraft:random.bowhit
[13:27:43] [Client thread/WARN]: Unable to play unknown soundEvent: minecraft:random.bow
[13:27:43] [Client thread/WARN]: Unable to play unknown soundEvent: minecraft:random.bowhit
[13:27:43] [Client thread/WARN]: Unable to play unknown soundEvent: minecraft:random.bow
[13:27:43] [Client thread/WARN]: Unable to play unknown soundEvent: minecraft:random.bowhit
[13:27:44] [Client thread/WARN]: Unable to play unknown soundEvent: minecraft:random.bow
[13:27:44] [Client thread/WARN]: Unable to play unknown soundEvent: minecraft:random.bowhit
[13:27:44] [Client thread/WARN]: Unable to play unknown soundEvent: minecraft:random.bow
[13:27:44] [Client thread/WARN]: Unable to play unknown soundEvent: minecraft:random.bowhit
[13:27:44] [Client thread/WARN]: Unable to play unknown soundEvent: minecraft:random.bow
[13:27:44] [Client thread/WARN]: Unable to play unknown soundEvent: minecraft:random.bowhit
[13:27:44] [Client thread/WARN]: Unable to play unknown soundEvent: minecraft:random.bow
[13:27:44] [Client thread/WARN]: Unable to play unknown soundEvent: minecraft:random.bowhit
[13:27:44] [Client thread/WARN]: Unable to play unknown soundEvent: minecraft:random.bow
[13:27:44] [Client thread/WARN]: Unable to play unknown soundEvent: minecraft:random.bowhit
[13:27:44] [Client thread/WARN]: Unable to play unknown soundEvent: minecraft:random.bow
[13:27:44] [Client thread/WARN]: Unable to play unknown soundEvent: minecraft:random.bowhit
[13:27:44] [Client thread/WARN]: Unable to play unknown soundEvent: minecraft:random.bow
[13:27:44] [Client thread/WARN]: Unable to play unknown soundEvent: minecraft:mob.zombie.step
[13:27:44] [Client thread/WARN]: Unable to play unknown soundEvent: minecraft:random.bowhit
[13:27:44] [Client thread/WARN]: Unable to play unknown soundEvent: minecraft:random.bow
[13:27:44] [Client thread/WARN]: Unable to play unknown soundEvent: minecraft:random.bowhit
[13:27:44] [Client thread/WARN]: Unable to play unknown soundEvent: minecraft:random.bow
[13:27:44] [Client thread/WARN]: Unable to play unknown soundEvent: minecraft:random.bowhit
[13:27:44] [Client thread/WARN]: Unable to play unknown soundEvent: minecraft:random.bow
[13:27:44] [Client thread/WARN]: Unable to play unknown soundEvent: minecraft:random.bowhit
[13:27:44] [Client thread/WARN]: Unable to play unknown soundEvent: minecraft:random.bow
[13:27:44] [Client thread/WARN]: Unable to play unknown soundEvent: minecraft:random.bowhit
[13:27:44] [Client thread/WARN]: Unable to play unknown soundEvent: minecraft:random.bowhit
[13:27:44] [Client thread/WARN]: Unable to play unknown soundEvent: minecraft:mob.zombie.step
[13:27:44] [Client thread/WARN]: Unable to play unknown soundEvent: minecraft:mob.zombiepig.zpig
[13:27:45] [Client thread/WARN]: Unable to play unknown soundEvent: minecraft:mob.zombie.step
[13:27:45] [Client thread/WARN]: Unable to play unknown soundEvent: minecraft:mob.zombiepig.zpig
[13:27:45] [Client thread/WARN]: Unable to play unknown soundEvent: minecraft:random.pop
[13:27:45] [Client thread/WARN]: Unable to play unknown soundEvent: minecraft:random.pop
[13:27:45] [Client thread/WARN]: Unable to play unknown soundEvent: minecraft:random.pop
[13:27:45] [Client thread/WARN]: Unable to play unknown soundEvent: minecraft:random.pop
[13:27:45] [Client thread/WARN]: Unable to play unknown soundEvent: minecraft:random.pop
[13:27:45] [Client thread/WARN]: Unable to play unknown soundEvent: minecraft:random.pop
[13:27:45] [Client thread/WARN]: Unable to play unknown soundEvent: minecraft:random.pop
[13:27:45] [Client thread/WARN]: Unable to play unknown soundEvent: minecraft:random.pop
[13:27:45] [Client thread/WARN]: Unable to play unknown soundEvent: minecraft:random.pop
[13:27:45] [Client thread/WARN]: Unable to play unknown soundEvent: minecraft:random.pop
[13:27:45] [Client thread/WARN]: Unable to play unknown soundEvent: minecraft:random.pop
[13:27:45] [Client thread/WARN]: Unable to play unknown soundEvent: minecraft:random.pop
[13:27:45] [Client thread/WARN]: Unable to play unknown soundEvent: minecraft:random.pop
[13:27:45] [Client thread/WARN]: Unable to play unknown soundEvent: minecraft:random.pop
[13:27:45] [Client thread/WARN]: Unable to play unknown soundEvent: minecraft:random.pop
[13:27:45] [Client thread/WARN]: Unable to play unknown soundEvent: minecraft:random.pop
[13:27:45] [Client thread/WARN]: Unable to play unknown soundEvent: minecraft:random.pop
[13:27:45] [Client thread/WARN]: Unable to play unknown soundEvent: minecraft:random.pop
[13:27:45] [Client thread/WARN]: Unable to play unknown soundEvent: minecraft:random.pop
[13:27:45] [Client thread/WARN]: Unable to play unknown soundEvent: minecraft:random.pop
[13:27:45] [Client thread/WARN]: Unable to play unknown soundEvent: minecraft:random.pop
[13:27:45] [Client thread/WARN]: Unable to play unknown soundEvent: minecraft:random.pop
[13:27:45] [Client thread/WARN]: Unable to play unknown soundEvent: minecraft:random.pop
[13:27:45] [Client thread/WARN]: Unable to play unknown soundEvent: minecraft:random.pop
[13:27:45] [Client thread/WARN]: Unable to play unknown soundEvent: minecraft:random.pop
[13:27:45] [Client thread/WARN]: Unable to play unknown soundEvent: minecraft:random.pop
[13:27:45] [Client thread/WARN]: Unable to play unknown soundEvent: minecraft:random.pop
[13:27:45] [Client thread/WARN]: Unable to play unknown soundEvent: minecraft:random.pop
[13:27:45] [Client thread/WARN]: Unable to play unknown soundEvent: minecraft:random.pop
[13:27:45] [Client thread/WARN]: Unable to play unknown soundEvent: minecraft:random.pop
[13:27:45] [Client thread/WARN]: Unable to play unknown soundEvent: minecraft:random.pop
[13:27:45] [Client thread/WARN]: Unable to play unknown soundEvent: minecraft:random.pop
[13:27:45] [Client thread/WARN]: Unable to play unknown soundEvent: minecraft:random.pop
[13:27:45] [Client thread/WARN]: Unable to play unknown soundEvent: minecraft:random.pop
[13:27:45] [Client thread/WARN]: Unable to play unknown soundEvent: minecraft:random.pop
[13:27:45] [Client thread/WARN]: Unable to play unknown soundEvent: minecraft:random.pop
[13:27:45] [Client thread/WARN]: Unable to play unknown soundEvent: minecraft:random.pop
[13:27:45] [Client thread/WARN]: Unable to play unknown soundEvent: minecraft:random.pop
[13:27:45] [Client thread/WARN]: Unable to play unknown soundEvent: minecraft:random.pop
[13:27:45] [Client thread/WARN]: Unable to play unknown soundEvent: minecraft:random.pop
[13:27:45] [Client thread/WARN]: Unable to play unknown soundEvent: minecraft:random.pop
[13:27:45] [Client thread/WARN]: Unable to play unknown soundEvent: minecraft:random.pop
[13:27:45] [Client thread/WARN]: Unable to play unknown soundEvent: minecraft:random.pop
[13:27:45] [Client thread/WARN]: Unable to play unknown soundEvent: minecraft:random.pop
[13:27:45] [Client thread/WARN]: Unable to play unknown soundEvent: minecraft:random.pop
[13:27:45] [Client thread/WARN]: Unable to play unknown soundEvent: minecraft:random.pop
[13:27:45] [Client thread/WARN]: Unable to play unknown soundEvent: minecraft:random.pop
[13:27:45] [Client thread/WARN]: Unable to play unknown soundEvent: minecraft:random.pop
[13:27:45] [Client thread/WARN]: Unable to play unknown soundEvent: minecraft:random.bow
[13:27:45] [Client thread/WARN]: Unable to play unknown soundEvent: minecraft:random.bow
[13:27:45] [Client thread/WARN]: Unable to play unknown soundEvent: minecraft:random.bow
[13:27:45] [Client thread/WARN]: Unable to play unknown soundEvent: minecraft:mob.zombiepig.zpighurt
[13:27:45] [Client thread/WARN]: Unable to play unknown soundEvent: minecraft:random.bowhit
[13:27:45] [Client thread/WARN]: Unable to play unknown soundEvent: minecraft:random.bow
[13:27:45] [Client thread/WARN]: Unable to play unknown soundEvent: minecraft:random.bowhit
[13:27:45] [Client thread/WARN]: Unable to play unknown soundEvent: minecraft:random.bow
[13:27:45] [Client thread/WARN]: Unable to play unknown soundEvent: minecraft:random.bow
[13:27:45] [Client thread/WARN]: Unable to play unknown soundEvent: minecraft:random.bow
[13:27:45] [Client thread/WARN]: Unable to play unknown soundEvent: minecraft:random.bow
[13:27:45] [Client thread/WARN]: Unable to play unknown soundEvent: minecraft:random.bow
[13:27:45] [Client thread/WARN]: Unable to play unknown soundEvent: minecraft:random.bow
[13:27:45] [Client thread/WARN]: Unable to play unknown soundEvent: minecraft:random.bow
[13:27:45] [Client thread/WARN]: Unable to play unknown soundEvent: minecraft:random.bow
[13:27:45] [Client thread/WARN]: Unable to play unknown soundEvent: minecraft:mob.zombiepig.zpighurt
[13:27:45] [Client thread/WARN]: Unable to play unknown soundEvent: minecraft:random.bowhit
[13:27:45] [Client thread/WARN]: Unable to play unknown soundEvent: minecraft:random.bow
[13:27:45] [Client thread/WARN]: Unable to play unknown soundEvent: minecraft:random.bow
[13:27:45] [Client thread/WARN]: Unable to play unknown soundEvent: minecraft:random.bowhit
[13:27:45] [Client thread/WARN]: Unable to play unknown soundEvent: minecraft:mob.zombie.step
[13:27:45] [Client thread/WARN]: Unable to play unknown soundEvent: minecraft:random.bowhit
[13:27:45] [Client thread/WARN]: Unable to play unknown soundEvent: minecraft:random.bowhit
[13:27:46] [Client thread/WARN]: Unable to play unknown soundEvent: minecraft:random.bowhit
[13:27:46] [Client thread/WARN]: Unable to play unknown soundEvent: minecraft:random.bowhit
[13:27:46] [Client thread/WARN]: Unable to play unknown soundEvent: minecraft:random.orb
[13:27:46] [Client thread/WARN]: Unable to play unknown soundEvent: minecraft:mob.zombiepig.zpigangry
[13:27:46] [Client thread/WARN]: Unable to play unknown soundEvent: minecraft:mob.zombiepig.zpig
[13:27:47] [Client thread/WARN]: Unable to play unknown soundEvent: minecraft:mob.zombiepig.zpig
[13:27:48] [Client thread/WARN]: Unable to play unknown soundEvent: minecraft:random.orb
[13:27:48] [Client thread/WARN]: Unable to play unknown soundEvent: minecraft:mob.zombiepig.zpig
[13:27:49] [Client thread/WARN]: Unable to play unknown soundEvent: minecraft:mob.zombie.step
[13:27:50] [Client thread/WARN]: Unable to play unknown soundEvent: minecraft:mob.zombiepig.zpig
[13:27:50] [Client thread/WARN]: Unable to play unknown soundEvent: minecraft:mob.zombie.step
[13:27:51] [Client thread/WARN]: Unable to play unknown soundEvent: minecraft:mob.bat.takeoff
[13:27:51] [Client thread/WARN]: Unable to play unknown soundEvent: minecraft:mob.zombie.step
[13:27:51] [Client thread/WARN]: Unable to play unknown soundEvent: minecraft:mob.zombie.step
[13:27:52] [Client thread/WARN]: Unable to play unknown soundEvent: minecraft:mob.zombie.step
[13:27:53] [Client thread/WARN]: Unable to play unknown soundEvent: minecraft:mob.zombie.step
[13:27:53] [Client thread/WARN]: Unable to play unknown soundEvent: minecraft:mob.zombiepig.zpig
[13:27:54] [Client thread/WARN]: Unable to play unknown soundEvent: minecraft:mob.zombie.step
[13:27:54] [Client thread/WARN]: Unable to play unknown soundEvent: minecraft:mob.zombiepig.zpig
[13:27:55] [Client thread/WARN]: Unable to play unknown soundEvent: minecraft:mob.zombiepig.zpig
[13:27:55] [Client thread/WARN]: Unable to play unknown soundEvent: minecraft:mob.zombie.step
[13:27:55] [Client thread/WARN]: Unable to play unknown soundEvent: minecraft:mob.zombiepig.zpig
[13:27:59] [Client thread/WARN]: Unable to play unknown soundEvent: minecraft:mob.zombiepig.zpig
[13:28:00] [Client thread/WARN]: Unable to play unknown soundEvent: minecraft:mob.zombiepig.zpig
[13:28:00] [Client thread/WARN]: Unable to play unknown soundEvent: minecraft:mob.zombiepig.zpig
[13:28:01] [Client thread/WARN]: Unable to play unknown soundEvent: minecraft:mob.zombiepig.zpig
[13:28:04] [Client thread/WARN]: Failed to load texture: minecraft:textures/client/logo.png
java.io.FileNotFoundException: minecraft:textures/client/logo.png
	at net.minecraft.client.resources.FallbackResourceManager.getResource(FallbackResourceManager.java:64) ~[bin/:?]
	at net.minecraft.client.resources.SimpleReloadableResourceManager.getResource(SimpleReloadableResourceManager.java:61) ~[bin/:?]
	at net.minecraft.client.renderer.texture.SimpleTexture.loadTexture(SimpleTexture.java:34) ~[bin/:?]
	at net.minecraft.client.renderer.texture.TextureManager.loadTexture(TextureManager.java:83) [bin/:?]
	at net.minecraft.client.renderer.texture.TextureManager.bindTexture(TextureManager.java:50) [bin/:?]
	at mc.clpz.base.utils.RenderUtil.drawImage(RenderUtil.java:208) [bin/:?]
	at mc.clpz.base.gui.materialui.plane.impl.MainPlane.onDrawScreen(MainPlane.java:67) [bin/:?]
	at mc.clpz.base.gui.materialui.MaterialUI.drawScreen(MaterialUI.java:23) [bin/:?]
	at net.minecraft.client.renderer.EntityRenderer.func_181560_a(EntityRenderer.java:1396) [bin/:?]
	at net.minecraft.client.Minecraft.runGameLoop(Minecraft.java:1034) [bin/:?]
	at net.minecraft.client.Minecraft.run(Minecraft.java:451) [bin/:?]
	at net.minecraft.client.main.Main.main(Main.java:113) [bin/:?]
	at Start.main(Start.java:11) [bin/:?]
[13:28:05] [Client thread/WARN]: Unable to play unknown soundEvent: minecraft:mob.zombiepig.zpig
[13:28:07] [Client thread/WARN]: Unable to play unknown soundEvent: minecraft:mob.zombiepig.zpig
[13:28:07] [Client thread/WARN]: Unable to play unknown soundEvent: minecraft:mob.zombie.step
[13:28:07] [Client thread/WARN]: Unable to play unknown soundEvent: minecraft:mob.zombiepig.zpig
[13:28:07] [Client thread/WARN]: Unable to play unknown soundEvent: minecraft:mob.zombiepig.zpig
[13:28:08] [Client thread/WARN]: Unable to play unknown soundEvent: minecraft:mob.zombie.step
[13:28:09] [Client thread/WARN]: Unable to play unknown soundEvent: minecraft:mob.zombie.step
[13:28:10] [Client thread/WARN]: Unable to play unknown soundEvent: minecraft:mob.zombiepig.zpig
[13:28:11] [Client thread/WARN]: Unable to play unknown soundEvent: minecraft:mob.zombiepig.zpig
[13:28:12] [Client thread/WARN]: Unable to play unknown soundEvent: minecraft:mob.bat.takeoff
[13:28:12] [Client thread/WARN]: Unable to play unknown soundEvent: minecraft:mob.bat.takeoff
[13:28:12] [Client thread/WARN]: Unable to play unknown soundEvent: minecraft:mob.bat.takeoff
[13:28:12] [Client thread/WARN]: Unable to play unknown soundEvent: minecraft:mob.bat.takeoff
[13:28:12] [Client thread/WARN]: Unable to play unknown soundEvent: minecraft:mob.zombiepig.zpig
[13:28:16] [Client thread/WARN]: Unable to play unknown soundEvent: minecraft:mob.zombiepig.zpig
[13:28:16] [Client thread/WARN]: Unable to play unknown soundEvent: minecraft:mob.zombiepig.zpig
[13:28:18] [Client thread/WARN]: Unable to play unknown soundEvent: minecraft:mob.zombiepig.zpig
[13:28:18] [Client thread/WARN]: Unable to play unknown soundEvent: minecraft:mob.zombie.step
[13:28:19] [Client thread/WARN]: Unable to play unknown soundEvent: minecraft:mob.zombie.step
[13:28:20] [Client thread/WARN]: Unable to play unknown soundEvent: minecraft:mob.zombie.step
[13:28:20] [Client thread/WARN]: Unable to play unknown soundEvent: minecraft:step.sand
[13:28:20] [Client thread/WARN]: Unable to play unknown soundEvent: minecraft:random.bow
[13:28:20] [Client thread/WARN]: Unable to play unknown soundEvent: minecraft:random.bow
[13:28:20] [Client thread/WARN]: Unable to play unknown soundEvent: minecraft:random.bow
[13:28:20] [Client thread/WARN]: Unable to play unknown soundEvent: minecraft:mob.zombie.step
[13:28:20] [Client thread/WARN]: Unable to play unknown soundEvent: minecraft:random.bow
[13:28:21] [Client thread/WARN]: Unable to play unknown soundEvent: minecraft:random.bow
[13:28:21] [Client thread/WARN]: Unable to play unknown soundEvent: minecraft:random.bow
[13:28:21] [Client thread/WARN]: Unable to play unknown soundEvent: minecraft:random.bow
[13:28:21] [Client thread/WARN]: Unable to play unknown soundEvent: minecraft:random.bow
[13:28:21] [Client thread/WARN]: Unable to play unknown soundEvent: minecraft:random.bow
[13:28:21] [Client thread/WARN]: Unable to play unknown soundEvent: minecraft:mob.zombiepig.zpig
[13:28:21] [Client thread/WARN]: Unable to play unknown soundEvent: minecraft:mob.zombie.step
[13:28:21] [Client thread/WARN]: Unable to play unknown soundEvent: minecraft:random.bow
[13:28:21] [Client thread/WARN]: Unable to play unknown soundEvent: minecraft:random.bowhit
[13:28:21] [Client thread/WARN]: Unable to play unknown soundEvent: minecraft:random.bow
[13:28:21] [Client thread/WARN]: Unable to play unknown soundEvent: minecraft:random.bowhit
[13:28:21] [Client thread/WARN]: Unable to play unknown soundEvent: minecraft:random.bowhit
[13:28:21] [Client thread/WARN]: Unable to play unknown soundEvent: minecraft:random.bow
[13:28:21] [Client thread/WARN]: Unable to play unknown soundEvent: minecraft:random.bowhit
[13:28:21] [Client thread/WARN]: Unable to play unknown soundEvent: minecraft:random.bowhit
[13:28:21] [Client thread/WARN]: Unable to play unknown soundEvent: minecraft:random.bowhit
[13:28:21] [Client thread/WARN]: Unable to play unknown soundEvent: minecraft:random.bow
[13:28:21] [Client thread/WARN]: Unable to play unknown soundEvent: minecraft:random.bowhit
[13:28:21] [Client thread/WARN]: Unable to play unknown soundEvent: minecraft:random.bow
[13:28:21] [Client thread/WARN]: Unable to play unknown soundEvent: minecraft:random.bowhit
[13:28:21] [Client thread/WARN]: Unable to play unknown soundEvent: minecraft:random.bow
[13:28:21] [Client thread/WARN]: Unable to play unknown soundEvent: minecraft:random.bowhit
[13:28:21] [Client thread/WARN]: Unable to play unknown soundEvent: minecraft:random.bow
[13:28:22] [Client thread/WARN]: Unable to play unknown soundEvent: minecraft:random.bow
[13:28:22] [Client thread/WARN]: Unable to play unknown soundEvent: minecraft:random.bow
[13:28:22] [Client thread/WARN]: Unable to play unknown soundEvent: minecraft:random.bow
[13:28:22] [Client thread/WARN]: Unable to play unknown soundEvent: minecraft:mob.zombiepig.zpighurt
[13:28:22] [Client thread/WARN]: Unable to play unknown soundEvent: minecraft:random.bowhit
[13:28:22] [Client thread/WARN]: Unable to play unknown soundEvent: minecraft:random.pop
[13:28:22] [Client thread/WARN]: Unable to play unknown soundEvent: minecraft:random.bow
[13:28:22] [Client thread/WARN]: Unable to play unknown soundEvent: minecraft:random.pop
[13:28:22] [Client thread/WARN]: Unable to play unknown soundEvent: minecraft:random.bow
[13:28:22] [Client thread/WARN]: Unable to play unknown soundEvent: minecraft:random.pop
[13:28:22] [Client thread/WARN]: Unable to play unknown soundEvent: minecraft:random.bow
[13:28:22] [Client thread/WARN]: Unable to play unknown soundEvent: minecraft:random.pop
[13:28:22] [Client thread/WARN]: Unable to play unknown soundEvent: minecraft:random.bow
[13:28:22] [Client thread/WARN]: Unable to play unknown soundEvent: minecraft:mob.zombiepig.zpig
[13:28:22] [Client thread/WARN]: Unable to play unknown soundEvent: minecraft:random.bow
[13:28:22] [Client thread/WARN]: Unable to play unknown soundEvent: minecraft:random.bow
[13:28:22] [Client thread/WARN]: Unable to play unknown soundEvent: minecraft:random.bow
[13:28:22] [Client thread/WARN]: Unable to play unknown soundEvent: minecraft:mob.zombiepig.zpigangry
[13:28:22] [Client thread/WARN]: Unable to play unknown soundEvent: minecraft:random.bow
[13:28:22] [Client thread/WARN]: Unable to play unknown soundEvent: minecraft:random.bowhit
[13:28:22] [Client thread/WARN]: Unable to play unknown soundEvent: minecraft:random.bow
[13:28:22] [Client thread/WARN]: Unable to play unknown soundEvent: minecraft:mob.zombie.step
[13:28:22] [Client thread/WARN]: Unable to play unknown soundEvent: minecraft:random.bowhit
[13:28:22] [Client thread/WARN]: Unable to play unknown soundEvent: minecraft:random.bowhit
[13:28:22] [Client thread/WARN]: Unable to play unknown soundEvent: minecraft:random.bow
[13:28:22] [Client thread/WARN]: Unable to play unknown soundEvent: minecraft:random.bowhit
[13:28:22] [Client thread/WARN]: Unable to play unknown soundEvent: minecraft:mob.zombiepig.zpighurt
[13:28:22] [Client thread/WARN]: Unable to play unknown soundEvent: minecraft:random.bowhit
[13:28:22] [Client thread/WARN]: Unable to play unknown soundEvent: minecraft:random.bow
[13:28:22] [Client thread/WARN]: Unable to play unknown soundEvent: minecraft:random.bowhit
[13:28:22] [Client thread/WARN]: Unable to play unknown soundEvent: minecraft:random.bowhit
[13:28:22] [Client thread/WARN]: Unable to play unknown soundEvent: minecraft:random.bow
[13:28:22] [Client thread/WARN]: Unable to play unknown soundEvent: minecraft:random.bowhit
[13:28:22] [Client thread/WARN]: Unable to play unknown soundEvent: minecraft:random.bow
[13:28:22] [Client thread/WARN]: Unable to play unknown soundEvent: minecraft:random.bowhit
[13:28:22] [Client thread/WARN]: Unable to play unknown soundEvent: minecraft:random.bowhit
[13:28:23] [Client thread/WARN]: Unable to play unknown soundEvent: minecraft:random.bowhit
[13:28:23] [Client thread/WARN]: Unable to play unknown soundEvent: minecraft:random.bowhit
[13:28:23] [Client thread/WARN]: Unable to play unknown soundEvent: minecraft:random.bowhit
[13:28:23] [Client thread/WARN]: Unable to play unknown soundEvent: minecraft:random.bowhit
[13:28:23] [Client thread/WARN]: Unable to play unknown soundEvent: minecraft:random.bowhit
[13:28:23] [Client thread/WARN]: Unable to play unknown soundEvent: minecraft:random.bow
[13:28:23] [Client thread/WARN]: Unable to play unknown soundEvent: minecraft:mob.zombiepig.zpig
[13:28:23] [Client thread/WARN]: Unable to play unknown soundEvent: minecraft:random.bowhit
[13:28:23] [Client thread/WARN]: Unable to play unknown soundEvent: minecraft:step.sand
[13:28:23] [Client thread/WARN]: Unable to play unknown soundEvent: minecraft:random.bow
[13:28:23] [Client thread/WARN]: Unable to play unknown soundEvent: minecraft:random.bow
[13:28:23] [Client thread/WARN]: Unable to play unknown soundEvent: minecraft:mob.zombiepig.zpigdeath
[13:28:23] [Client thread/WARN]: Unable to play unknown soundEvent: minecraft:random.bowhit
[13:28:23] [Client thread/WARN]: Unable to play unknown soundEvent: minecraft:step.sand
[13:28:24] [Client thread/WARN]: Unable to play unknown soundEvent: minecraft:random.bowhit
[13:28:24] [Client thread/WARN]: Unable to play unknown soundEvent: minecraft:random.bowhit
[13:28:24] [Client thread/WARN]: Unable to play unknown soundEvent: minecraft:mob.zombiepig.zpig
[13:28:24] [Client thread/WARN]: Unable to play unknown soundEvent: minecraft:random.pop
[13:28:24] [Client thread/WARN]: Unable to play unknown soundEvent: minecraft:random.pop
[13:28:24] [Client thread/WARN]: Unable to play unknown soundEvent: minecraft:step.sand
[13:28:24] [Client thread/WARN]: Unable to play unknown soundEvent: minecraft:random.pop
[13:28:24] [Client thread/WARN]: Unable to play unknown soundEvent: minecraft:step.sand
[13:28:25] [Client thread/WARN]: Unable to play unknown soundEvent: minecraft:step.sand
[13:28:25] [Client thread/WARN]: Unable to play unknown soundEvent: minecraft:step.sand
[13:28:25] [Client thread/WARN]: Unable to play unknown soundEvent: minecraft:random.pop
[13:28:25] [Client thread/WARN]: Unable to play unknown soundEvent: minecraft:random.pop
[13:28:25] [Client thread/WARN]: Unable to play unknown soundEvent: minecraft:random.pop
[13:28:25] [Client thread/WARN]: Unable to play unknown soundEvent: minecraft:random.pop
[13:28:25] [Client thread/WARN]: Unable to play unknown soundEvent: minecraft:random.pop
[13:28:25] [Client thread/WARN]: Unable to play unknown soundEvent: minecraft:random.pop
[13:28:26] [Client thread/WARN]: Unable to play unknown soundEvent: minecraft:random.pop
[13:28:26] [Client thread/WARN]: Unable to play unknown soundEvent: minecraft:random.pop
[13:28:26] [Client thread/WARN]: Unable to play unknown soundEvent: minecraft:step.sand
[13:28:26] [Client thread/WARN]: Unable to play unknown soundEvent: minecraft:mob.zombie.step
[13:28:26] [Client thread/WARN]: Unable to play unknown soundEvent: minecraft:random.pop
[13:28:26] [Client thread/WARN]: Unable to play unknown soundEvent: minecraft:random.pop
[13:28:26] [Client thread/WARN]: Unable to play unknown soundEvent: minecraft:random.pop
[13:28:26] [Client thread/WARN]: Unable to play unknown soundEvent: minecraft:step.sand
[13:28:26] [Client thread/WARN]: Unable to play unknown soundEvent: minecraft:random.pop
[13:28:26] [Client thread/WARN]: Unable to play unknown soundEvent: minecraft:random.bow
[13:28:26] [Client thread/WARN]: Unable to play unknown soundEvent: minecraft:random.bow
[13:28:26] [Client thread/WARN]: Unable to play unknown soundEvent: minecraft:random.bow
[13:28:26] [Client thread/WARN]: Unable to play unknown soundEvent: minecraft:random.bow
[13:28:26] [Client thread/WARN]: Unable to play unknown soundEvent: minecraft:mob.zombiepig.zpig
[13:28:26] [Client thread/WARN]: Unable to play unknown soundEvent: minecraft:random.bowhit
[13:28:26] [Client thread/WARN]: Unable to play unknown soundEvent: minecraft:random.bow
[13:28:26] [Client thread/WARN]: Unable to play unknown soundEvent: minecraft:random.bowhit
[13:28:26] [Client thread/WARN]: Unable to play unknown soundEvent: minecraft:random.bow
[13:28:26] [Client thread/WARN]: Unable to play unknown soundEvent: minecraft:random.bowhit
[13:28:27] [Client thread/WARN]: Unable to play unknown soundEvent: minecraft:random.bow
[13:28:27] [Client thread/WARN]: Unable to play unknown soundEvent: minecraft:random.bowhit
[13:28:27] [Client thread/WARN]: Unable to play unknown soundEvent: minecraft:random.bow
[13:28:27] [Client thread/WARN]: Unable to play unknown soundEvent: minecraft:random.bowhit
[13:28:27] [Client thread/WARN]: Unable to play unknown soundEvent: minecraft:random.bow
[13:28:27] [Client thread/WARN]: Unable to play unknown soundEvent: minecraft:random.bowhit
[13:28:27] [Client thread/WARN]: Unable to play unknown soundEvent: minecraft:random.bow
[13:28:27] [Client thread/WARN]: Unable to play unknown soundEvent: minecraft:random.bowhit
[13:28:27] [Client thread/WARN]: Unable to play unknown soundEvent: minecraft:random.bow
[13:28:27] [Client thread/WARN]: Unable to play unknown soundEvent: minecraft:random.bowhit
[13:28:27] [Client thread/WARN]: Unable to play unknown soundEvent: minecraft:random.bow
[13:28:27] [Client thread/WARN]: Unable to play unknown soundEvent: minecraft:random.bowhit
[13:28:27] [Client thread/WARN]: Unable to play unknown soundEvent: minecraft:random.bow
[13:28:27] [Client thread/WARN]: Unable to play unknown soundEvent: minecraft:random.bowhit
[13:28:27] [Client thread/WARN]: Unable to play unknown soundEvent: minecraft:random.bow
[13:28:27] [Client thread/WARN]: Unable to play unknown soundEvent: minecraft:random.bowhit
[13:28:27] [Client thread/WARN]: Unable to play unknown soundEvent: minecraft:random.bow
[13:28:27] [Client thread/WARN]: Unable to play unknown soundEvent: minecraft:mob.zombie.step
[13:28:27] [Client thread/WARN]: Unable to play unknown soundEvent: minecraft:random.bowhit
[13:28:27] [Client thread/WARN]: Unable to play unknown soundEvent: minecraft:random.bow
[13:28:27] [Client thread/WARN]: Unable to play unknown soundEvent: minecraft:random.bowhit
[13:28:27] [Client thread/WARN]: Unable to play unknown soundEvent: minecraft:random.bow
[13:28:27] [Client thread/WARN]: Unable to play unknown soundEvent: minecraft:random.bowhit
[13:28:27] [Client thread/WARN]: Unable to play unknown soundEvent: minecraft:random.bow
[13:28:27] [Client thread/WARN]: Unable to play unknown soundEvent: minecraft:random.bowhit
[13:28:27] [Client thread/WARN]: Unable to play unknown soundEvent: minecraft:random.bow
[13:28:27] [Client thread/WARN]: Unable to play unknown soundEvent: minecraft:random.bow
[13:28:27] [Client thread/WARN]: Unable to play unknown soundEvent: minecraft:mob.zombiepig.zpighurt
[13:28:27] [Client thread/WARN]: Unable to play unknown soundEvent: minecraft:random.bowhit
[13:28:27] [Client thread/WARN]: Unable to play unknown soundEvent: minecraft:random.bowhit
[13:28:27] [Client thread/WARN]: Unable to play unknown soundEvent: minecraft:random.bow
[13:28:27] [Client thread/WARN]: Unable to play unknown soundEvent: minecraft:random.bowhit
[13:28:27] [Client thread/WARN]: Unable to play unknown soundEvent: minecraft:random.bow
[13:28:27] [Client thread/WARN]: Unable to play unknown soundEvent: minecraft:random.bowhit
[13:28:27] [Client thread/WARN]: Unable to play unknown soundEvent: minecraft:random.bow
[13:28:27] [Client thread/WARN]: Unable to play unknown soundEvent: minecraft:random.bowhit
[13:28:27] [Client thread/WARN]: Unable to play unknown soundEvent: minecraft:random.bow
[13:28:27] [Client thread/WARN]: Unable to play unknown soundEvent: minecraft:random.bowhit
[13:28:27] [Client thread/WARN]: Unable to play unknown soundEvent: minecraft:random.bow
[13:28:27] [Client thread/WARN]: Unable to play unknown soundEvent: minecraft:random.bowhit
[13:28:27] [Client thread/WARN]: Unable to play unknown soundEvent: minecraft:random.bow
[13:28:27] [Client thread/WARN]: Unable to play unknown soundEvent: minecraft:random.bowhit
[13:28:28] [Client thread/WARN]: Unable to play unknown soundEvent: minecraft:random.bow
[13:28:28] [Client thread/WARN]: Unable to play unknown soundEvent: minecraft:random.bow
[13:28:28] [Client thread/WARN]: Unable to play unknown soundEvent: minecraft:random.bow
[13:28:28] [Client thread/WARN]: Unable to play unknown soundEvent: minecraft:random.bow
[13:28:28] [Client thread/WARN]: Unable to play unknown soundEvent: minecraft:random.bowhit
[13:28:28] [Client thread/WARN]: Unable to play unknown soundEvent: minecraft:random.bow
[13:28:28] [Client thread/WARN]: Unable to play unknown soundEvent: minecraft:random.bow
[13:28:28] [Client thread/WARN]: Unable to play unknown soundEvent: minecraft:random.bow
[13:28:28] [Client thread/WARN]: Unable to play unknown soundEvent: minecraft:random.bowhit
[13:28:28] [Client thread/WARN]: Unable to play unknown soundEvent: minecraft:random.bow
[13:28:28] [Client thread/WARN]: Unable to play unknown soundEvent: minecraft:random.bow
[13:28:28] [Client thread/WARN]: Unable to play unknown soundEvent: minecraft:mob.zombiepig.zpig
[13:28:28] [Client thread/WARN]: Unable to play unknown soundEvent: minecraft:random.bow
[13:28:28] [Client thread/WARN]: Unable to play unknown soundEvent: minecraft:random.bow
[13:28:28] [Client thread/WARN]: Unable to play unknown soundEvent: minecraft:random.bowhit
[13:28:28] [Client thread/WARN]: Unable to play unknown soundEvent: minecraft:random.bowhit
[13:28:28] [Client thread/WARN]: Unable to play unknown soundEvent: minecraft:random.bow
[13:28:28] [Client thread/WARN]: Unable to play unknown soundEvent: minecraft:random.bowhit
[13:28:28] [Client thread/WARN]: Unable to play unknown soundEvent: minecraft:random.bow
[13:28:28] [Client thread/WARN]: Unable to play unknown soundEvent: minecraft:random.bow
[13:28:28] [Client thread/WARN]: Unable to play unknown soundEvent: minecraft:random.bowhit
[13:28:28] [Client thread/WARN]: Unable to play unknown soundEvent: minecraft:random.bow
[13:28:28] [Client thread/WARN]: Unable to play unknown soundEvent: minecraft:random.bowhit
[13:28:28] [Client thread/WARN]: Unable to play unknown soundEvent: minecraft:random.bow
[13:28:28] [Client thread/WARN]: Unable to play unknown soundEvent: minecraft:random.bowhit
[13:28:28] [Client thread/WARN]: Unable to play unknown soundEvent: minecraft:random.bow
[13:28:28] [Client thread/WARN]: Unable to play unknown soundEvent: minecraft:random.bowhit
[13:28:28] [Client thread/WARN]: Unable to play unknown soundEvent: minecraft:random.bow
[13:28:28] [Client thread/WARN]: Unable to play unknown soundEvent: minecraft:random.bowhit
[13:28:28] [Client thread/WARN]: Unable to play unknown soundEvent: minecraft:random.bowhit
[13:28:28] [Client thread/WARN]: Unable to play unknown soundEvent: minecraft:random.bow
[13:28:28] [Client thread/WARN]: Unable to play unknown soundEvent: minecraft:random.bowhit
[13:28:28] [Client thread/WARN]: Unable to play unknown soundEvent: minecraft:random.bow
[13:28:28] [Client thread/WARN]: Unable to play unknown soundEvent: minecraft:random.bowhit
[13:28:28] [Client thread/WARN]: Unable to play unknown soundEvent: minecraft:random.bowhit
[13:28:29] [Client thread/WARN]: Unable to play unknown soundEvent: minecraft:random.bow
[13:28:29] [Client thread/WARN]: Unable to play unknown soundEvent: minecraft:mob.zombiepig.zpighurt
[13:28:29] [Client thread/WARN]: Unable to play unknown soundEvent: minecraft:random.bowhit
[13:28:29] [Client thread/WARN]: Unable to play unknown soundEvent: minecraft:random.bowhit
[13:28:29] [Client thread/WARN]: Unable to play unknown soundEvent: minecraft:random.bow
[13:28:29] [Client thread/WARN]: Unable to play unknown soundEvent: minecraft:mob.zombiepig.zpigangry
[13:28:29] [Client thread/WARN]: Unable to play unknown soundEvent: minecraft:random.bowhit
[13:28:29] [Client thread/WARN]: Unable to play unknown soundEvent: minecraft:random.bow
[13:28:29] [Client thread/WARN]: Unable to play unknown soundEvent: minecraft:random.bow
[13:28:29] [Client thread/WARN]: Unable to play unknown soundEvent: minecraft:random.bowhit
[13:28:29] [Client thread/WARN]: Unable to play unknown soundEvent: minecraft:random.bowhit
[13:28:29] [Client thread/WARN]: Unable to play unknown soundEvent: minecraft:random.bowhit
[13:28:29] [Client thread/WARN]: Unable to play unknown soundEvent: minecraft:random.bow
[13:28:29] [Client thread/WARN]: Unable to play unknown soundEvent: minecraft:random.bowhit
[13:28:29] [Client thread/WARN]: Unable to play unknown soundEvent: minecraft:random.bow
[13:28:29] [Client thread/WARN]: Unable to play unknown soundEvent: minecraft:random.bowhit
[13:28:29] [Client thread/WARN]: Unable to play unknown soundEvent: minecraft:random.bowhit
[13:28:29] [Client thread/WARN]: Unable to play unknown soundEvent: minecraft:random.bow
[13:28:29] [Client thread/WARN]: Unable to play unknown soundEvent: minecraft:random.bow
[13:28:29] [Client thread/WARN]: Unable to play unknown soundEvent: minecraft:random.bowhit
[13:28:29] [Client thread/WARN]: Unable to play unknown soundEvent: minecraft:random.bow
[13:28:29] [Client thread/WARN]: Unable to play unknown soundEvent: minecraft:random.bowhit
[13:28:29] [Client thread/WARN]: Unable to play unknown soundEvent: minecraft:random.bow
[13:28:29] [Client thread/WARN]: Unable to play unknown soundEvent: minecraft:random.bowhit
[13:28:29] [Client thread/WARN]: Unable to play unknown soundEvent: minecraft:random.bow
[13:28:29] [Client thread/WARN]: Unable to play unknown soundEvent: minecraft:random.bowhit
[13:28:29] [Client thread/WARN]: Unable to play unknown soundEvent: minecraft:mob.zombiepig.zpighurt
[13:28:29] [Client thread/WARN]: Unable to play unknown soundEvent: minecraft:random.bowhit
[13:28:29] [Client thread/WARN]: Unable to play unknown soundEvent: minecraft:random.bow
[13:28:29] [Client thread/WARN]: Unable to play unknown soundEvent: minecraft:random.bow
[13:28:29] [Client thread/WARN]: Unable to play unknown soundEvent: minecraft:random.bowhit
[13:28:29] [Client thread/WARN]: Unable to play unknown soundEvent: minecraft:random.bow
[13:28:29] [Client thread/WARN]: Unable to play unknown soundEvent: minecraft:random.bow
[13:28:29] [Client thread/WARN]: Unable to play unknown soundEvent: minecraft:random.bowhit
[13:28:29] [Client thread/WARN]: Unable to play unknown soundEvent: minecraft:random.bowhit
[13:28:29] [Client thread/WARN]: Unable to play unknown soundEvent: minecraft:random.bow
[13:28:29] [Client thread/WARN]: Unable to play unknown soundEvent: minecraft:random.bow
[13:28:29] [Client thread/WARN]: Unable to play unknown soundEvent: minecraft:random.bowhit
[13:28:29] [Client thread/WARN]: Unable to play unknown soundEvent: minecraft:random.bow
[13:28:29] [Client thread/WARN]: Unable to play unknown soundEvent: minecraft:random.bow
[13:28:29] [Client thread/WARN]: Unable to play unknown soundEvent: minecraft:random.bow
[13:28:30] [Client thread/WARN]: Unable to play unknown soundEvent: minecraft:random.orb
[13:28:30] [Client thread/WARN]: Unable to play unknown soundEvent: minecraft:random.bow
[13:28:30] [Client thread/WARN]: Unable to play unknown soundEvent: minecraft:random.bowhit
[13:28:30] [Client thread/WARN]: Unable to play unknown soundEvent: minecraft:mob.zombiepig.zpigdeath
[13:28:30] [Client thread/WARN]: Unable to play unknown soundEvent: minecraft:random.bowhit
[13:28:30] [Client thread/WARN]: Unable to play unknown soundEvent: minecraft:random.bow
[13:28:30] [Client thread/WARN]: Unable to play unknown soundEvent: minecraft:random.bowhit
[13:28:30] [Client thread/WARN]: Unable to play unknown soundEvent: minecraft:random.bow
[13:28:30] [Client thread/WARN]: Unable to play unknown soundEvent: minecraft:random.bow
[13:28:30] [Client thread/WARN]: Unable to play unknown soundEvent: minecraft:random.bow
[13:28:30] [Client thread/WARN]: Unable to play unknown soundEvent: minecraft:random.bowhit
[13:28:30] [Client thread/WARN]: Unable to play unknown soundEvent: minecraft:random.bow
[13:28:30] [Client thread/WARN]: Unable to play unknown soundEvent: minecraft:random.bowhit
[13:28:30] [Client thread/WARN]: Unable to play unknown soundEvent: minecraft:random.bowhit
[13:28:30] [Client thread/WARN]: Unable to play unknown soundEvent: minecraft:random.bow
[13:28:30] [Client thread/WARN]: Unable to play unknown soundEvent: minecraft:random.bowhit
[13:28:30] [Client thread/WARN]: Unable to play unknown soundEvent: minecraft:random.bow
[13:28:30] [Client thread/WARN]: Unable to play unknown soundEvent: minecraft:random.bow
[13:28:30] [Client thread/WARN]: Unable to play unknown soundEvent: minecraft:random.bowhit
[13:28:30] [Client thread/WARN]: Unable to play unknown soundEvent: minecraft:random.bow
[13:28:30] [Client thread/WARN]: Unable to play unknown soundEvent: minecraft:random.bow
[13:28:30] [Client thread/WARN]: Unable to play unknown soundEvent: minecraft:random.bow
[13:28:30] [Client thread/WARN]: Unable to play unknown soundEvent: minecraft:random.bow
[13:28:30] [Client thread/WARN]: Unable to play unknown soundEvent: minecraft:random.bowhit
[13:28:30] [Client thread/WARN]: Unable to play unknown soundEvent: minecraft:random.bow
[13:28:30] [Client thread/WARN]: Unable to play unknown soundEvent: minecraft:random.bow
[13:28:30] [Client thread/WARN]: Unable to play unknown soundEvent: minecraft:random.bowhit
[13:28:30] [Client thread/WARN]: Unable to play unknown soundEvent: minecraft:random.bow
[13:28:30] [Client thread/WARN]: Unable to play unknown soundEvent: minecraft:random.bowhit
[13:28:30] [Client thread/WARN]: Unable to play unknown soundEvent: minecraft:random.bowhit
[13:28:30] [Client thread/WARN]: Unable to play unknown soundEvent: minecraft:random.bow
[13:28:30] [Client thread/WARN]: Unable to play unknown soundEvent: minecraft:random.bow
[13:28:30] [Client thread/WARN]: Unable to play unknown soundEvent: minecraft:random.bowhit
[13:28:30] [Client thread/WARN]: Unable to play unknown soundEvent: minecraft:random.bow
[13:28:30] [Client thread/WARN]: Unable to play unknown soundEvent: minecraft:random.bow
[13:28:31] [Client thread/WARN]: Unable to play unknown soundEvent: minecraft:random.bow
[13:28:31] [Client thread/WARN]: Unable to play unknown soundEvent: minecraft:random.bow
[13:28:31] [Client thread/WARN]: Unable to play unknown soundEvent: minecraft:random.bow
[13:28:31] [Client thread/WARN]: Unable to play unknown soundEvent: minecraft:random.pop
[13:28:31] [Client thread/WARN]: Unable to play unknown soundEvent: minecraft:random.pop
[13:28:31] [Client thread/WARN]: Unable to play unknown soundEvent: minecraft:random.pop
[13:28:31] [Client thread/WARN]: Unable to play unknown soundEvent: minecraft:step.sand
[13:28:32] [Client thread/WARN]: Unable to play unknown soundEvent: minecraft:random.orb
[13:28:33] [Client thread/WARN]: Unable to play unknown soundEvent: minecraft:random.bow
[13:28:33] [Client thread/WARN]: Unable to play unknown soundEvent: minecraft:random.bow
[13:28:33] [Client thread/WARN]: Unable to play unknown soundEvent: minecraft:random.bow
[13:28:33] [Client thread/WARN]: Unable to play unknown soundEvent: minecraft:random.bow
[13:28:33] [Client thread/WARN]: Unable to play unknown soundEvent: minecraft:random.bow
[13:28:33] [Client thread/WARN]: Unable to play unknown soundEvent: minecraft:random.bow
[13:28:34] [Client thread/WARN]: Unable to play unknown soundEvent: minecraft:random.bow
[13:28:34] [Client thread/WARN]: Unable to play unknown soundEvent: minecraft:random.bow
[13:28:34] [Client thread/WARN]: Unable to play unknown soundEvent: minecraft:random.bow
[13:28:34] [Client thread/WARN]: Unable to play unknown soundEvent: minecraft:random.bow
[13:28:34] [Client thread/WARN]: Unable to play unknown soundEvent: minecraft:random.bow
[13:28:34] [Client thread/WARN]: Unable to play unknown soundEvent: minecraft:random.bow
[13:28:34] [Client thread/WARN]: Unable to play unknown soundEvent: minecraft:random.bow
[13:28:34] [Client thread/WARN]: Unable to play unknown soundEvent: minecraft:random.bow
[13:28:34] [Client thread/WARN]: Unable to play unknown soundEvent: minecraft:random.bow
[13:28:35] [Client thread/WARN]: Unable to play unknown soundEvent: minecraft:random.bow
[13:28:35] [Client thread/WARN]: Unable to play unknown soundEvent: minecraft:random.bow
[13:28:35] [Client thread/WARN]: Unable to play unknown soundEvent: minecraft:random.bow
[13:28:35] [Client thread/WARN]: Unable to play unknown soundEvent: minecraft:random.bow
[13:28:36] [Client thread/WARN]: Unable to play unknown soundEvent: minecraft:random.bowhit
[13:28:36] [Client thread/WARN]: Unable to play unknown soundEvent: minecraft:mob.zombiepig.zpig
[13:28:38] [Client thread/WARN]: Unable to play unknown soundEvent: minecraft:step.sand
[13:28:39] [Client thread/WARN]: Unable to play unknown soundEvent: minecraft:step.sand
[13:28:39] [Client thread/WARN]: Unable to play unknown soundEvent: minecraft:step.sand
[13:28:40] [Client thread/WARN]: Unable to play unknown soundEvent: minecraft:step.sand
[13:28:40] [Client thread/WARN]: Unable to play unknown soundEvent: minecraft:step.sand
[13:28:41] [Client thread/WARN]: Unable to play unknown soundEvent: minecraft:step.sand
[13:28:41] [Client thread/WARN]: Unable to play unknown soundEvent: minecraft:step.sand
[13:28:42] [Client thread/WARN]: Unable to play unknown soundEvent: minecraft:step.sand
[13:28:42] [Client thread/WARN]: Unable to play unknown soundEvent: minecraft:step.sand
[13:28:44] [Client thread/WARN]: Unable to play unknown soundEvent: minecraft:random.bow
[13:28:44] [Client thread/WARN]: Unable to play unknown soundEvent: minecraft:random.bow
[13:28:44] [Client thread/WARN]: Unable to play unknown soundEvent: minecraft:mob.zombiepig.zpighurt
[13:28:44] [Client thread/WARN]: Unable to play unknown soundEvent: minecraft:random.bowhit
[13:28:46] [Client thread/WARN]: Unable to play unknown soundEvent: minecraft:random.bow
[13:28:46] [Client thread/WARN]: Unable to play unknown soundEvent: minecraft:random.bow
[13:28:46] [Client thread/WARN]: Unable to play unknown soundEvent: minecraft:random.bow
[13:28:46] [Client thread/WARN]: Unable to play unknown soundEvent: minecraft:mob.zombiepig.zpigangry
[13:28:49] [Client thread/WARN]: Unable to play unknown soundEvent: minecraft:step.sand
[13:28:50] [Client thread/WARN]: Unable to play unknown soundEvent: minecraft:random.bow
[13:28:50] [Client thread/WARN]: Unable to play unknown soundEvent: minecraft:mob.zombiepig.zpighurt
[13:28:50] [Client thread/WARN]: Unable to play unknown soundEvent: minecraft:random.bowhit
[13:28:51] [Client thread/WARN]: Unable to play unknown soundEvent: minecraft:random.bow
[13:28:51] [Client thread/WARN]: Unable to play unknown soundEvent: minecraft:random.bow
[13:28:51] [Client thread/WARN]: Unable to play unknown soundEvent: minecraft:random.bow
[13:28:51] [Client thread/WARN]: Unable to play unknown soundEvent: minecraft:mob.zombiepig.zpigangry
[13:28:52] [Client thread/WARN]: Unable to play unknown soundEvent: minecraft:mob.zombiepig.zpigangry
[13:28:53] [Client thread/WARN]: Unable to play unknown soundEvent: minecraft:step.sand
[13:28:54] [Client thread/WARN]: Unable to play unknown soundEvent: minecraft:random.bow
[13:28:54] [Client thread/WARN]: Unable to play unknown soundEvent: minecraft:random.bow
[13:28:54] [Client thread/WARN]: Unable to play unknown soundEvent: minecraft:random.bowhit
[13:28:54] [Client thread/WARN]: Unable to play unknown soundEvent: minecraft:random.bowhit
[13:28:54] [Client thread/WARN]: Unable to play unknown soundEvent: minecraft:random.bow
[13:28:54] [Client thread/WARN]: Unable to play unknown soundEvent: minecraft:random.bow
[13:28:54] [Client thread/WARN]: Unable to play unknown soundEvent: minecraft:random.bowhit
[13:28:54] [Client thread/WARN]: Unable to play unknown soundEvent: minecraft:mob.zombie.step
[13:28:54] [Client thread/WARN]: Unable to play unknown soundEvent: minecraft:mob.zombiepig.zpigdeath
[13:28:54] [Client thread/WARN]: Unable to play unknown soundEvent: minecraft:random.bowhit
[13:28:54] [Client thread/WARN]: Unable to play unknown soundEvent: minecraft:random.bow
[13:28:54] [Client thread/WARN]: Unable to play unknown soundEvent: minecraft:random.bow
[13:28:55] [Client thread/WARN]: Unable to play unknown soundEvent: minecraft:random.bowhit
[13:28:55] [Client thread/WARN]: Unable to play unknown soundEvent: minecraft:random.bowhit
[13:28:55] [Client thread/WARN]: Unable to play unknown soundEvent: minecraft:mob.zombiepig.zpig
[13:28:55] [Client thread/WARN]: Unable to play unknown soundEvent: minecraft:random.bow
[13:28:55] [Client thread/WARN]: Unable to play unknown soundEvent: minecraft:random.bowhit
[13:28:55] [Client thread/WARN]: Unable to play unknown soundEvent: minecraft:random.bow
[13:28:55] [Client thread/WARN]: Unable to play unknown soundEvent: minecraft:random.bow
[13:28:55] [Client thread/WARN]: Unable to play unknown soundEvent: minecraft:random.bow
[13:28:55] [Client thread/WARN]: Unable to play unknown soundEvent: minecraft:random.orb
[13:28:55] [Client thread/WARN]: Unable to play unknown soundEvent: minecraft:random.bow
[13:28:55] [Client thread/WARN]: Unable to play unknown soundEvent: minecraft:mob.zombiepig.zpigdeath
[13:28:55] [Client thread/WARN]: Unable to play unknown soundEvent: minecraft:random.bowhit
[13:28:56] [Client thread/WARN]: Unable to play unknown soundEvent: minecraft:random.bow
[13:28:56] [Client thread/WARN]: Unable to play unknown soundEvent: minecraft:random.bow
[13:28:56] [Client thread/WARN]: Unable to play unknown soundEvent: minecraft:random.bow
[13:28:56] [Client thread/WARN]: Unable to play unknown soundEvent: minecraft:random.bow
[13:28:56] [Client thread/WARN]: Unable to play unknown soundEvent: minecraft:random.bowhit
[13:28:56] [Client thread/WARN]: Unable to play unknown soundEvent: minecraft:random.bow
[13:28:56] [Client thread/WARN]: Unable to play unknown soundEvent: minecraft:random.bowhit
[13:28:56] [Client thread/WARN]: Unable to play unknown soundEvent: minecraft:random.orb
[13:28:56] [Client thread/WARN]: Unable to play unknown soundEvent: minecraft:random.bow
[13:28:56] [Client thread/WARN]: Unable to play unknown soundEvent: minecraft:random.bowhit
[13:28:56] [Client thread/WARN]: Unable to play unknown soundEvent: minecraft:random.bow
[13:28:56] [Client thread/WARN]: Unable to play unknown soundEvent: minecraft:random.bow
[13:28:56] [Client thread/WARN]: Unable to play unknown soundEvent: minecraft:random.bowhit
[13:28:58] [Client thread/WARN]: Unable to play unknown soundEvent: minecraft:step.sand
[13:28:58] [Client thread/WARN]: Unable to play unknown soundEvent: minecraft:random.pop
[13:28:58] [Client thread/WARN]: Unable to play unknown soundEvent: minecraft:mob.zombiepig.zpig
[13:28:58] [Client thread/WARN]: Unable to play unknown soundEvent: minecraft:mob.zombiepig.zpig
[13:28:59] [Client thread/WARN]: Unable to play unknown soundEvent: minecraft:step.sand
[13:28:59] [Client thread/WARN]: Unable to play unknown soundEvent: minecraft:mob.zombiepig.zpig
[13:28:59] [Client thread/WARN]: Unable to play unknown soundEvent: minecraft:random.orb
[13:29:00] [Client thread/WARN]: Unable to play unknown soundEvent: minecraft:step.sand
[13:29:00] [Client thread/WARN]: Unable to play unknown soundEvent: minecraft:random.orb
[13:29:00] [Client thread/WARN]: Unable to play unknown soundEvent: minecraft:random.orb
[13:29:00] [Client thread/WARN]: Unable to play unknown soundEvent: minecraft:mob.zombie.step
[13:29:00] [Client thread/WARN]: Unable to play unknown soundEvent: minecraft:random.bow
[13:29:01] [Client thread/WARN]: Unable to play unknown soundEvent: minecraft:random.bow
[13:29:01] [Client thread/WARN]: Unable to play unknown soundEvent: minecraft:mob.zombie.step
[13:29:01] [Client thread/WARN]: Unable to play unknown soundEvent: minecraft:mob.zombiepig.zpighurt
[13:29:01] [Client thread/WARN]: Unable to play unknown soundEvent: minecraft:random.bowhit
[13:29:01] [Client thread/WARN]: Unable to play unknown soundEvent: minecraft:mob.zombiepig.zpigdeath
[13:29:01] [Client thread/WARN]: Unable to play unknown soundEvent: minecraft:random.bowhit
[13:29:01] [Client thread/WARN]: Unable to play unknown soundEvent: minecraft:random.bow
[13:29:01] [Client thread/WARN]: Unable to play unknown soundEvent: minecraft:random.bowhit
[13:29:01] [Client thread/WARN]: Unable to play unknown soundEvent: minecraft:mob.zombie.step
[13:29:01] [Client thread/WARN]: Unable to play unknown soundEvent: minecraft:mob.zombie.step
[13:29:01] [Client thread/WARN]: Unable to play unknown soundEvent: minecraft:random.orb
[13:29:01] [Client thread/WARN]: Unable to play unknown soundEvent: minecraft:random.bow
[13:29:01] [Client thread/WARN]: Unable to play unknown soundEvent: minecraft:random.bow
[13:29:01] [Client thread/WARN]: Unable to play unknown soundEvent: minecraft:mob.zombiepig.zpighurt
[13:29:01] [Client thread/WARN]: Unable to play unknown soundEvent: minecraft:random.bowhit
[13:29:02] [Client thread/WARN]: Unable to play unknown soundEvent: minecraft:random.bowhit
[13:29:02] [Client thread/WARN]: Unable to play unknown soundEvent: minecraft:mob.zombiepig.zpigangry
[13:29:02] [Client thread/WARN]: Unable to play unknown soundEvent: minecraft:step.sand
[13:29:02] [Client thread/WARN]: Unable to play unknown soundEvent: minecraft:random.pop
[13:29:02] [Client thread/WARN]: Unable to play unknown soundEvent: minecraft:random.bow
[13:29:02] [Client thread/WARN]: Unable to play unknown soundEvent: minecraft:random.bow
[13:29:02] [Client thread/WARN]: Unable to play unknown soundEvent: minecraft:random.bowhit
[13:29:02] [Client thread/WARN]: Unable to play unknown soundEvent: minecraft:mob.zombiepig.zpigdeath
[13:29:02] [Client thread/WARN]: Unable to play unknown soundEvent: minecraft:random.bowhit
[13:29:02] [Client thread/WARN]: Unable to play unknown soundEvent: minecraft:step.sand
[13:29:02] [Client thread/WARN]: Unable to play unknown soundEvent: minecraft:step.sand
[13:29:02] [Client thread/WARN]: Unable to play unknown soundEvent: minecraft:random.pop
[13:29:03] [Client thread/WARN]: Unable to play unknown soundEvent: minecraft:random.orb
[13:29:03] [Client thread/WARN]: Unable to play unknown soundEvent: minecraft:random.pop
[13:29:03] [Client thread/WARN]: Unable to play unknown soundEvent: minecraft:random.pop
[13:29:03] [Client thread/WARN]: Unable to play unknown soundEvent: minecraft:random.pop
[13:29:03] [Client thread/WARN]: Unable to play unknown soundEvent: minecraft:random.orb
[13:29:03] [Client thread/WARN]: Unable to play unknown soundEvent: minecraft:mob.zombie.step
[13:29:03] [Client thread/WARN]: Unable to play unknown soundEvent: minecraft:step.sand
[13:29:03] [Client thread/WARN]: Unable to play unknown soundEvent: minecraft:random.orb
[13:29:03] [Client thread/WARN]: Unable to play unknown soundEvent: minecraft:random.pop
[13:29:03] [Client thread/WARN]: Unable to play unknown soundEvent: minecraft:random.pop
[13:29:03] [Client thread/WARN]: Unable to play unknown soundEvent: minecraft:random.orb
[13:29:03] [Client thread/WARN]: Unable to play unknown soundEvent: minecraft:step.sand
[13:29:04] [Client thread/WARN]: Unable to play unknown soundEvent: minecraft:random.orb
[13:29:12] [Client thread/WARN]: Unable to play unknown soundEvent: minecraft:step.sand
[13:29:13] [Client thread/WARN]: Unable to play unknown soundEvent: minecraft:mob.zombiepig.zpig
[13:29:13] [Client thread/WARN]: Unable to play unknown soundEvent: minecraft:step.sand
[13:29:13] [Client thread/WARN]: Unable to play unknown soundEvent: minecraft:mob.zombiepig.zpig
[13:29:13] [Client thread/WARN]: Unable to play unknown soundEvent: minecraft:step.sand
[13:29:13] [Client thread/WARN]: Unable to play unknown soundEvent: minecraft:mob.zombiepig.zpig
[13:29:13] [Client thread/WARN]: Unable to play unknown soundEvent: minecraft:mob.zombiepig.zpig
[13:29:13] [Client thread/WARN]: Unable to play unknown soundEvent: minecraft:step.sand
[13:29:13] [Client thread/WARN]: Unable to play unknown soundEvent: minecraft:mob.zombiepig.zpig
[13:29:14] [Client thread/WARN]: Unable to play unknown soundEvent: minecraft:mob.zombiepig.zpig
[13:29:14] [Client thread/WARN]: Unable to play unknown soundEvent: minecraft:mob.zombiepig.zpig
[13:29:14] [Client thread/WARN]: Unable to play unknown soundEvent: minecraft:mob.zombiepig.zpig
[13:29:14] [Client thread/WARN]: Unable to play unknown soundEvent: minecraft:mob.zombiepig.zpig
[13:29:14] [Client thread/WARN]: Unable to play unknown soundEvent: minecraft:mob.zombiepig.zpig
[13:29:14] [Client thread/WARN]: Unable to play unknown soundEvent: minecraft:mob.zombiepig.zpig
[13:29:14] [Client thread/WARN]: Unable to play unknown soundEvent: minecraft:mob.zombiepig.zpig
[13:29:14] [Client thread/WARN]: Unable to play unknown soundEvent: minecraft:mob.zombiepig.zpig
[13:29:14] [Client thread/WARN]: Unable to play unknown soundEvent: minecraft:mob.zombiepig.zpig
[13:29:15] [Client thread/WARN]: Unable to play unknown soundEvent: minecraft:mob.zombiepig.zpig
[13:29:15] [Client thread/WARN]: Unable to play unknown soundEvent: minecraft:mob.zombiepig.zpig
[13:29:15] [Client thread/WARN]: Unable to play unknown soundEvent: minecraft:mob.zombiepig.zpig
[13:29:15] [Client thread/WARN]: Unable to play unknown soundEvent: minecraft:mob.zombiepig.zpig
[13:29:15] [Client thread/WARN]: Unable to play unknown soundEvent: minecraft:mob.zombie.step
[13:29:15] [Client thread/WARN]: Unable to play unknown soundEvent: minecraft:mob.zombiepig.zpig
[13:29:15] [Client thread/WARN]: Unable to play unknown soundEvent: minecraft:mob.zombiepig.zpig
[13:29:16] [Client thread/WARN]: Unable to play unknown soundEvent: minecraft:mob.zombiepig.zpig
[13:29:16] [Client thread/WARN]: Unable to play unknown soundEvent: minecraft:mob.zombie.step
[13:29:16] [Client thread/WARN]: Unable to play unknown soundEvent: minecraft:mob.zombie.step
[13:29:16] [Client thread/WARN]: Unable to play unknown soundEvent: minecraft:mob.zombiepig.zpig
[13:29:16] [Client thread/WARN]: Unable to play unknown soundEvent: minecraft:mob.zombiepig.zpig
[13:29:16] [Client thread/WARN]: Unable to play unknown soundEvent: minecraft:mob.zombiepig.zpig
[13:29:16] [Client thread/WARN]: Unable to play unknown soundEvent: minecraft:mob.zombiepig.zpig
[13:29:16] [Client thread/WARN]: Unable to play unknown soundEvent: minecraft:mob.zombiepig.zpig
[13:29:16] [Client thread/WARN]: Unable to play unknown soundEvent: minecraft:mob.zombie.step
[13:29:16] [Client thread/WARN]: Unable to play unknown soundEvent: minecraft:mob.zombie.step
[13:29:16] [Client thread/WARN]: Unable to play unknown soundEvent: minecraft:mob.zombie.step
[13:29:17] [Client thread/WARN]: Unable to play unknown soundEvent: minecraft:mob.zombie.step
[13:29:17] [Client thread/WARN]: Unable to play unknown soundEvent: minecraft:step.sand
[13:29:17] [Client thread/WARN]: Unable to play unknown soundEvent: minecraft:mob.zombiepig.zpig
[13:29:17] [Client thread/WARN]: Unable to play unknown soundEvent: minecraft:mob.zombie.step
[13:29:17] [Client thread/WARN]: Unable to play unknown soundEvent: minecraft:mob.zombiepig.zpig
[13:29:17] [Client thread/WARN]: Unable to play unknown soundEvent: minecraft:mob.zombie.step
[13:29:17] [Client thread/WARN]: Unable to play unknown soundEvent: minecraft:mob.zombie.step
[13:29:17] [Client thread/WARN]: Unable to play unknown soundEvent: minecraft:mob.zombie.step
[13:29:18] [Client thread/WARN]: Unable to play unknown soundEvent: minecraft:mob.zombie.step
[13:29:18] [Client thread/WARN]: Unable to play unknown soundEvent: minecraft:mob.zombie.step
[13:29:18] [Client thread/WARN]: Unable to play unknown soundEvent: minecraft:mob.zombie.step
[13:29:18] [Client thread/WARN]: Unable to play unknown soundEvent: minecraft:mob.zombie.step
[13:29:18] [Client thread/WARN]: Unable to play unknown soundEvent: minecraft:random.bow
[13:29:18] [Client thread/WARN]: Unable to play unknown soundEvent: minecraft:random.bow
[13:29:18] [Client thread/WARN]: Unable to play unknown soundEvent: minecraft:random.bow
[13:29:18] [Client thread/WARN]: Unable to play unknown soundEvent: minecraft:mob.zombiepig.zpighurt
[13:29:18] [Client thread/WARN]: Unable to play unknown soundEvent: minecraft:random.bowhit
[13:29:18] [Client thread/WARN]: Unable to play unknown soundEvent: minecraft:random.bowhit
[13:29:18] [Client thread/WARN]: Unable to play unknown soundEvent: minecraft:mob.zombiepig.zpigangry
[13:29:19] [Client thread/WARN]: Unable to play unknown soundEvent: minecraft:mob.zombie.step
[13:29:19] [Client thread/WARN]: Unable to play unknown soundEvent: minecraft:random.bow
[13:29:19] [Client thread/WARN]: Unable to play unknown soundEvent: minecraft:mob.zombie.step
[13:29:19] [Client thread/WARN]: Unable to play unknown soundEvent: minecraft:random.bow
[13:29:19] [Client thread/WARN]: Unable to play unknown soundEvent: minecraft:mob.zombie.step
[13:29:19] [Client thread/WARN]: Unable to play unknown soundEvent: minecraft:random.bow
[13:29:19] [Client thread/WARN]: Unable to play unknown soundEvent: minecraft:mob.zombiepig.zpighurt
[13:29:19] [Client thread/WARN]: Unable to play unknown soundEvent: minecraft:random.bowhit
[13:29:19] [Client thread/WARN]: Unable to play unknown soundEvent: minecraft:mob.zombie.step
[13:29:19] [Client thread/WARN]: Unable to play unknown soundEvent: minecraft:mob.zombie.step
[13:29:19] [Client thread/WARN]: Unable to play unknown soundEvent: minecraft:mob.zombiepig.zpig
[13:29:19] [Client thread/WARN]: Unable to play unknown soundEvent: minecraft:mob.zombie.step
[13:29:19] [Client thread/WARN]: Unable to play unknown soundEvent: minecraft:mob.zombie.step
[13:29:19] [Client thread/WARN]: Unable to play unknown soundEvent: minecraft:random.bowhit
[13:29:19] [Client thread/WARN]: Unable to play unknown soundEvent: minecraft:random.bow
[13:29:19] [Client thread/WARN]: Unable to play unknown soundEvent: minecraft:mob.zombie.step
[13:29:19] [Client thread/WARN]: Unable to play unknown soundEvent: minecraft:random.bow
[13:29:19] [Client thread/WARN]: Unable to play unknown soundEvent: minecraft:random.bow
[13:29:19] [Client thread/WARN]: Unable to play unknown soundEvent: minecraft:mob.zombiepig.zpig
[13:29:19] [Client thread/WARN]: Unable to play unknown soundEvent: minecraft:mob.zombie.step
[13:29:19] [Client thread/WARN]: Unable to play unknown soundEvent: minecraft:mob.zombie.step
[13:29:19] [Client thread/WARN]: Unable to play unknown soundEvent: minecraft:random.bow
[13:29:19] [Client thread/WARN]: Unable to play unknown soundEvent: minecraft:mob.zombiepig.zpigdeath
[13:29:19] [Client thread/WARN]: Unable to play unknown soundEvent: minecraft:random.bowhit
[13:29:20] [Client thread/WARN]: Unable to play unknown soundEvent: minecraft:mob.zombie.step
[13:29:20] [Client thread/WARN]: Unable to play unknown soundEvent: minecraft:mob.zombie.step
[13:29:20] [Client thread/WARN]: Unable to play unknown soundEvent: minecraft:mob.zombiepig.zpighurt
[13:29:20] [Client thread/WARN]: Unable to play unknown soundEvent: minecraft:random.bowhit
[13:29:20] [Client thread/WARN]: Unable to play unknown soundEvent: minecraft:step.sand
[13:29:20] [Client thread/WARN]: Unable to play unknown soundEvent: minecraft:mob.zombie.step
[13:29:20] [Client thread/WARN]: Unable to play unknown soundEvent: minecraft:mob.zombie.step
[13:29:20] [Client thread/WARN]: Unable to play unknown soundEvent: minecraft:mob.zombie.step
[13:29:20] [Client thread/WARN]: Unable to play unknown soundEvent: minecraft:random.bowhit
[13:29:20] [Client thread/WARN]: Unable to play unknown soundEvent: minecraft:random.bowhit
[13:29:20] [Client thread/WARN]: Unable to play unknown soundEvent: minecraft:mob.zombie.step
[13:29:20] [Client thread/WARN]: Unable to play unknown soundEvent: minecraft:mob.zombiepig.zpigangry
[13:29:20] [Client thread/WARN]: Unable to play unknown soundEvent: minecraft:mob.zombie.step
[13:29:20] [Client thread/WARN]: Unable to play unknown soundEvent: minecraft:mob.zombiepig.zpig
[13:29:21] [Client thread/WARN]: Unable to play unknown soundEvent: minecraft:random.bow
[13:29:21] [Client thread/WARN]: Unable to play unknown soundEvent: minecraft:random.bow
[13:29:21] [Client thread/WARN]: Unable to play unknown soundEvent: minecraft:random.bow
[13:29:21] [Client thread/WARN]: Unable to play unknown soundEvent: minecraft:mob.zombiepig.zpig
[13:29:21] [Client thread/WARN]: Unable to play unknown soundEvent: minecraft:mob.zombie.step
[13:29:21] [Client thread/WARN]: Unable to play unknown soundEvent: minecraft:random.bowhit
[13:29:21] [Client thread/WARN]: Unable to play unknown soundEvent: minecraft:mob.zombie.step
[13:29:21] [Client thread/WARN]: Unable to play unknown soundEvent: minecraft:random.bowhit
[13:29:21] [Client thread/WARN]: Unable to play unknown soundEvent: minecraft:mob.zombiepig.zpig
[13:29:21] [Client thread/WARN]: Unable to play unknown soundEvent: minecraft:random.bowhit
[13:29:21] [Client thread/WARN]: Unable to play unknown soundEvent: minecraft:mob.zombiepig.zpig
[13:29:21] [Client thread/WARN]: Unable to play unknown soundEvent: minecraft:random.bow
[13:29:21] [Client thread/WARN]: Unable to play unknown soundEvent: minecraft:mob.zombie.step
[13:29:21] [Client thread/WARN]: Unable to play unknown soundEvent: minecraft:random.bow
[13:29:21] [Client thread/WARN]: Unable to play unknown soundEvent: minecraft:mob.zombie.step
[13:29:21] [Client thread/WARN]: Unable to play unknown soundEvent: minecraft:random.bow
[13:29:22] [Client thread/WARN]: Unable to play unknown soundEvent: minecraft:random.bowhit
[13:29:22] [Client thread/WARN]: Unable to play unknown soundEvent: minecraft:mob.zombie.step
[13:29:22] [Client thread/WARN]: Unable to play unknown soundEvent: minecraft:step.sand
[13:29:22] [Client thread/WARN]: Unable to play unknown soundEvent: minecraft:mob.zombie.step
[13:29:22] [Client thread/WARN]: Unable to play unknown soundEvent: minecraft:mob.zombiepig.zpig
[13:29:22] [Client thread/WARN]: Unable to play unknown soundEvent: minecraft:random.bowhit
[13:29:22] [Client thread/WARN]: Unable to play unknown soundEvent: minecraft:random.bowhit
[13:29:22] [Client thread/WARN]: Unable to play unknown soundEvent: minecraft:step.sand
[13:29:22] [Client thread/WARN]: Unable to play unknown soundEvent: minecraft:random.bow
[13:29:22] [Client thread/WARN]: Unable to play unknown soundEvent: minecraft:mob.zombie.step
[13:29:22] [Client thread/WARN]: Unable to play unknown soundEvent: minecraft:random.bow
[13:29:22] [Client thread/WARN]: Unable to play unknown soundEvent: minecraft:random.bow
[13:29:22] [Client thread/WARN]: Unable to play unknown soundEvent: minecraft:mob.zombiepig.zpig
[13:29:22] [Client thread/WARN]: Unable to play unknown soundEvent: minecraft:mob.zombiepig.zpighurt
[13:29:22] [Client thread/WARN]: Unable to play unknown soundEvent: minecraft:random.bowhit
[13:29:22] [Client thread/WARN]: Unable to play unknown soundEvent: minecraft:random.bowhit
[13:29:22] [Client thread/WARN]: Unable to play unknown soundEvent: minecraft:mob.zombie.step
[13:29:22] [Client thread/WARN]: Unable to play unknown soundEvent: minecraft:random.bowhit
[13:29:23] [Client thread/WARN]: Unable to play unknown soundEvent: minecraft:mob.zombiepig.zpigangry
[13:29:23] [Client thread/WARN]: Unable to play unknown soundEvent: minecraft:random.bow
[13:29:23] [Client thread/WARN]: Unable to play unknown soundEvent: minecraft:random.bow
[13:29:23] [Client thread/WARN]: Unable to play unknown soundEvent: minecraft:random.bow
[13:29:23] [Client thread/WARN]: Unable to play unknown soundEvent: minecraft:mob.zombie.step
[13:29:23] [Client thread/WARN]: Unable to play unknown soundEvent: minecraft:random.bow
[13:29:23] [Client thread/WARN]: Unable to play unknown soundEvent: minecraft:random.bowhit
[13:29:23] [Client thread/WARN]: Unable to play unknown soundEvent: minecraft:random.bow
[13:29:23] [Client thread/WARN]: Unable to play unknown soundEvent: minecraft:random.bowhit
[13:29:23] [Client thread/WARN]: Unable to play unknown soundEvent: minecraft:random.bow
[13:29:23] [Client thread/WARN]: Unable to play unknown soundEvent: minecraft:random.bow
[13:29:23] [Client thread/WARN]: Unable to play unknown soundEvent: minecraft:random.bow
[13:29:23] [Client thread/WARN]: Unable to play unknown soundEvent: minecraft:mob.zombiepig.zpighurt
[13:29:23] [Client thread/WARN]: Unable to play unknown soundEvent: minecraft:random.bowhit
[13:29:23] [Client thread/WARN]: Unable to play unknown soundEvent: minecraft:random.bow
[13:29:23] [Client thread/WARN]: Unable to play unknown soundEvent: minecraft:random.bow
[13:29:23] [Client thread/WARN]: Unable to play unknown soundEvent: minecraft:mob.zombiepig.zpig
[13:29:23] [Client thread/WARN]: Unable to play unknown soundEvent: minecraft:random.bow
[13:29:23] [Client thread/WARN]: Unable to play unknown soundEvent: minecraft:mob.zombiepig.zpig
[13:29:24] [Client thread/WARN]: Unable to play unknown soundEvent: minecraft:random.bow
[13:29:24] [Client thread/WARN]: Unable to play unknown soundEvent: minecraft:random.bow
[13:29:24] [Client thread/WARN]: Unable to play unknown soundEvent: minecraft:random.bow
[13:29:24] [Client thread/WARN]: Unable to play unknown soundEvent: minecraft:mob.zombie.step
[13:29:24] [Client thread/WARN]: Unable to play unknown soundEvent: minecraft:mob.zombiepig.zpighurt
[13:29:24] [Client thread/WARN]: Unable to play unknown soundEvent: minecraft:random.bowhit
[13:29:24] [Client thread/WARN]: Unable to play unknown soundEvent: minecraft:mob.zombie.step
[13:29:24] [Client thread/WARN]: Unable to play unknown soundEvent: minecraft:random.bowhit
[13:29:24] [Client thread/WARN]: Unable to play unknown soundEvent: minecraft:random.bowhit
[13:29:24] [Client thread/WARN]: Unable to play unknown soundEvent: minecraft:random.bowhit
[13:29:24] [Client thread/WARN]: Unable to play unknown soundEvent: minecraft:mob.zombiepig.zpigdeath
[13:29:24] [Client thread/WARN]: Unable to play unknown soundEvent: minecraft:random.bowhit
[13:29:24] [Client thread/WARN]: Unable to play unknown soundEvent: minecraft:random.bowhit
[13:29:24] [Client thread/WARN]: Unable to play unknown soundEvent: minecraft:random.bow
[13:29:24] [Client thread/WARN]: Unable to play unknown soundEvent: minecraft:random.bowhit
[13:29:24] [Client thread/WARN]: Unable to play unknown soundEvent: minecraft:random.bow
[13:29:24] [Client thread/WARN]: Unable to play unknown soundEvent: minecraft:mob.zombiepig.zpigangry
[13:29:24] [Client thread/WARN]: Unable to play unknown soundEvent: minecraft:random.bowhit
[13:29:24] [Client thread/WARN]: Unable to play unknown soundEvent: minecraft:mob.zombiepig.zpighurt
[13:29:24] [Client thread/WARN]: Unable to play unknown soundEvent: minecraft:random.bowhit
[13:29:24] [Client thread/WARN]: Unable to play unknown soundEvent: minecraft:random.bow
[13:29:24] [Client thread/WARN]: Unable to play unknown soundEvent: minecraft:mob.zombie.step
[13:29:24] [Client thread/WARN]: Unable to play unknown soundEvent: minecraft:mob.zombiepig.zpighurt
[13:29:24] [Client thread/WARN]: Unable to play unknown soundEvent: minecraft:random.bowhit
[13:29:24] [Client thread/WARN]: Unable to play unknown soundEvent: minecraft:random.bow
[13:29:24] [Client thread/WARN]: Unable to play unknown soundEvent: minecraft:random.bowhit
[13:29:24] [Client thread/WARN]: Unable to play unknown soundEvent: minecraft:random.bow
[13:29:24] [Client thread/WARN]: Unable to play unknown soundEvent: minecraft:mob.zombiepig.zpig
[13:29:24] [Client thread/WARN]: Unable to play unknown soundEvent: minecraft:mob.zombiepig.zpigangry
[13:29:24] [Client thread/WARN]: Unable to play unknown soundEvent: minecraft:mob.zombie.step
[13:29:24] [Client thread/WARN]: Unable to play unknown soundEvent: minecraft:random.bow
[13:29:24] [Client thread/WARN]: Unable to play unknown soundEvent: minecraft:random.bow
[13:29:24] [Client thread/WARN]: Unable to play unknown soundEvent: minecraft:random.bow
[13:29:25] [Client thread/WARN]: Unable to play unknown soundEvent: minecraft:random.bow
[13:29:25] [Client thread/WARN]: Unable to play unknown soundEvent: minecraft:mob.zombiepig.zpighurt
[13:29:25] [Client thread/WARN]: Unable to play unknown soundEvent: minecraft:random.bowhit
[13:29:25] [Client thread/WARN]: Unable to play unknown soundEvent: minecraft:random.bow
[13:29:25] [Client thread/WARN]: Unable to play unknown soundEvent: minecraft:mob.zombie.step
[13:29:25] [Client thread/WARN]: Unable to play unknown soundEvent: minecraft:mob.zombie.step
[13:29:25] [Client thread/WARN]: Unable to play unknown soundEvent: minecraft:random.bowhit
[13:29:25] [Client thread/WARN]: Unable to play unknown soundEvent: minecraft:random.bowhit
[13:29:25] [Client thread/WARN]: Unable to play unknown soundEvent: minecraft:random.bowhit
[13:29:25] [Client thread/WARN]: Unable to play unknown soundEvent: minecraft:mob.zombiepig.zpighurt
[13:29:25] [Client thread/WARN]: Unable to play unknown soundEvent: minecraft:random.bowhit
[13:29:25] [Client thread/WARN]: Unable to play unknown soundEvent: minecraft:random.bow
[13:29:25] [Client thread/WARN]: Unable to play unknown soundEvent: minecraft:random.bow
[13:29:25] [Client thread/WARN]: Unable to play unknown soundEvent: minecraft:random.bowhit
[13:29:25] [Client thread/WARN]: Unable to play unknown soundEvent: minecraft:random.bow
[13:29:25] [Client thread/WARN]: Unable to play unknown soundEvent: minecraft:random.bowhit
[13:29:25] [Client thread/WARN]: Unable to play unknown soundEvent: minecraft:random.bow
[13:29:25] [Client thread/WARN]: Unable to play unknown soundEvent: minecraft:random.bow
[13:29:25] [Client thread/WARN]: Unable to play unknown soundEvent: minecraft:mob.zombie.step
[13:29:25] [Client thread/WARN]: Unable to play unknown soundEvent: minecraft:mob.zombiepig.zpigangry
[13:29:25] [Client thread/WARN]: Unable to play unknown soundEvent: minecraft:random.bow
[13:29:25] [Client thread/WARN]: Unable to play unknown soundEvent: minecraft:random.bow
[13:29:25] [Client thread/WARN]: Unable to play unknown soundEvent: minecraft:mob.zombie.step
[13:29:25] [Client thread/WARN]: Unable to play unknown soundEvent: minecraft:mob.zombiepig.zpigdeath
[13:29:25] [Client thread/WARN]: Unable to play unknown soundEvent: minecraft:random.bowhit
[13:29:25] [Client thread/WARN]: Unable to play unknown soundEvent: minecraft:random.bow
[13:29:25] [Client thread/WARN]: Unable to play unknown soundEvent: minecraft:random.bow
[13:29:25] [Client thread/WARN]: Unable to play unknown soundEvent: minecraft:random.bow
[13:29:25] [Client thread/WARN]: Unable to play unknown soundEvent: minecraft:mob.zombiepig.zpighurt
[13:29:25] [Client thread/WARN]: Unable to play unknown soundEvent: minecraft:random.bowhit
[13:29:26] [Client thread/WARN]: Unable to play unknown soundEvent: minecraft:mob.zombie.step
[13:29:26] [Client thread/WARN]: Unable to play unknown soundEvent: minecraft:mob.zombiepig.zpigangry
[13:29:26] [Client thread/WARN]: Unable to play unknown soundEvent: minecraft:mob.zombiepig.zpighurt
[13:29:26] [Client thread/WARN]: Unable to play unknown soundEvent: minecraft:random.bowhit
[13:29:26] [Client thread/WARN]: Unable to play unknown soundEvent: minecraft:mob.zombie.step
[13:29:26] [Client thread/WARN]: Unable to play unknown soundEvent: minecraft:random.bowhit
[13:29:26] [Client thread/WARN]: Unable to play unknown soundEvent: minecraft:random.bowhit
[13:29:26] [Client thread/WARN]: Unable to play unknown soundEvent: minecraft:mob.zombie.step
[13:29:26] [Client thread/WARN]: Unable to play unknown soundEvent: minecraft:mob.zombie.step
[13:29:26] [Client thread/WARN]: Unable to play unknown soundEvent: minecraft:step.sand
[13:29:26] [Client thread/WARN]: Unable to play unknown soundEvent: minecraft:mob.zombiepig.zpig
[13:29:27] [Client thread/WARN]: Unable to play unknown soundEvent: minecraft:mob.zombiepig.zpigangry
[13:29:27] [Client thread/WARN]: Unable to play unknown soundEvent: minecraft:mob.zombie.step
[13:29:27] [Client thread/WARN]: Unable to play unknown soundEvent: minecraft:mob.zombiepig.zpigangry
[13:29:27] [Client thread/WARN]: Unable to play unknown soundEvent: minecraft:mob.zombiepig.zpig
[13:29:27] [Client thread/WARN]: Unable to play unknown soundEvent: minecraft:mob.zombie.step
[13:29:27] [Client thread/WARN]: Unable to play unknown soundEvent: minecraft:mob.zombiepig.zpig
[13:29:27] [Client thread/WARN]: Unable to play unknown soundEvent: minecraft:mob.zombiepig.zpig
[13:29:27] [Client thread/WARN]: Unable to play unknown soundEvent: minecraft:mob.zombiepig.zpig
[13:29:32] [Client thread/WARN]: Unable to play unknown soundEvent: minecraft:random.bow
[13:29:33] [Client thread/WARN]: Unable to play unknown soundEvent: minecraft:random.bowhit
[13:29:34] [Client thread/WARN]: Unable to play unknown soundEvent: minecraft:random.bow
[13:29:36] [Client thread/WARN]: Unable to play unknown soundEvent: minecraft:random.bow
[13:29:38] [Client thread/WARN]: Unable to play unknown soundEvent: minecraft:random.bow
[13:29:39] [Client thread/WARN]: Unable to play unknown soundEvent: minecraft:random.bow
[13:29:46] [Client thread/WARN]: Unable to play unknown soundEvent: minecraft:random.bow
[13:29:47] [Client thread/WARN]: Unable to play unknown soundEvent: minecraft:random.bow
[13:29:48] [Client thread/WARN]: Unable to play unknown soundEvent: minecraft:music.game.creative
[13:29:48] [Client thread/WARN]: Unable to play unknown soundEvent: minecraft:random.bow
[13:29:49] [Client thread/WARN]: Unable to play unknown soundEvent: minecraft:mob.zombiepig.zpigangry
[13:29:49] [Client thread/WARN]: Unable to play unknown soundEvent: minecraft:random.bow
[13:29:50] [Client thread/WARN]: Unable to play unknown soundEvent: minecraft:random.bow
[13:29:52] [Client thread/WARN]: Unable to play unknown soundEvent: minecraft:random.bow
[13:29:52] [Client thread/WARN]: Unable to play unknown soundEvent: minecraft:mob.zombie.step
[13:29:52] [Client thread/WARN]: Unable to play unknown soundEvent: minecraft:random.bow
[13:29:52] [Client thread/WARN]: Unable to play unknown soundEvent: minecraft:mob.zombie.step
[13:29:53] [Client thread/WARN]: Unable to play unknown soundEvent: minecraft:random.bow
[13:29:53] [Client thread/WARN]: Unable to play unknown soundEvent: minecraft:mob.zombiepig.zpig
[13:29:53] [Client thread/WARN]: Unable to play unknown soundEvent: minecraft:random.bowhit
[13:29:53] [Client thread/WARN]: Unable to play unknown soundEvent: minecraft:mob.zombiepig.zpig
[13:29:53] [Client thread/WARN]: Unable to play unknown soundEvent: minecraft:mob.zombie.step
[13:29:53] [Client thread/WARN]: Unable to play unknown soundEvent: minecraft:random.bowhit
[13:29:53] [Client thread/WARN]: Unable to play unknown soundEvent: minecraft:mob.zombiepig.zpig
[13:29:53] [Client thread/WARN]: Unable to play unknown soundEvent: minecraft:random.bow
[13:29:54] [Client thread/WARN]: Unable to play unknown soundEvent: minecraft:mob.zombiepig.zpig
[13:29:54] [Client thread/WARN]: Unable to play unknown soundEvent: minecraft:random.bowhit
[13:29:54] [Client thread/WARN]: Unable to play unknown soundEvent: minecraft:random.bow
[13:29:54] [Client thread/WARN]: Unable to play unknown soundEvent: minecraft:random.bowhit
[13:29:54] [Client thread/WARN]: Unable to play unknown soundEvent: minecraft:random.bow
[13:29:55] [Client thread/WARN]: Unable to play unknown soundEvent: minecraft:mob.zombiepig.zpighurt
[13:29:55] [Client thread/WARN]: Unable to play unknown soundEvent: minecraft:random.bowhit
[13:29:55] [Client thread/WARN]: Unable to play unknown soundEvent: minecraft:mob.zombie.step
[13:29:55] [Client thread/WARN]: Unable to play unknown soundEvent: minecraft:random.bow
[13:29:56] [Client thread/WARN]: Unable to play unknown soundEvent: minecraft:mob.zombiepig.zpigangry
[13:29:56] [Client thread/WARN]: Unable to play unknown soundEvent: minecraft:mob.zombiepig.zpighurt
[13:29:56] [Client thread/WARN]: Unable to play unknown soundEvent: minecraft:random.bowhit
[13:29:56] [Client thread/WARN]: Unable to play unknown soundEvent: minecraft:mob.zombiepig.zpigangry
[13:29:56] [Client thread/WARN]: Unable to play unknown soundEvent: minecraft:mob.zombiepig.zpig
[13:29:57] [Client thread/WARN]: Unable to play unknown soundEvent: minecraft:random.bow
[13:29:57] [Client thread/WARN]: Unable to play unknown soundEvent: minecraft:mob.zombiepig.zpighurt
[13:29:57] [Client thread/WARN]: Unable to play unknown soundEvent: minecraft:random.bowhit
[13:29:57] [Client thread/WARN]: Unable to play unknown soundEvent: minecraft:random.bow
[13:29:58] [Client thread/WARN]: Unable to play unknown soundEvent: minecraft:random.bowhit
[13:29:58] [Client thread/WARN]: Unable to play unknown soundEvent: minecraft:mob.zombiepig.zpigangry
[13:29:58] [Client thread/WARN]: Unable to play unknown soundEvent: minecraft:random.bow
[13:29:58] [Client thread/WARN]: Unable to play unknown soundEvent: minecraft:random.bowhit
[13:29:58] [Client thread/WARN]: Unable to play unknown soundEvent: minecraft:random.bow
[13:29:58] [Client thread/WARN]: Unable to play unknown soundEvent: minecraft:mob.zombiepig.zpig
[13:29:59] [Client thread/WARN]: Unable to play unknown soundEvent: minecraft:mob.zombiepig.zpig
[13:29:59] [Client thread/WARN]: Unable to play unknown soundEvent: minecraft:random.bowhit
[13:29:59] [Client thread/WARN]: Unable to play unknown soundEvent: minecraft:random.bow
[13:29:59] [Client thread/WARN]: Unable to play unknown soundEvent: minecraft:random.bowhit
[13:29:59] [Client thread/WARN]: Unable to play unknown soundEvent: minecraft:random.pop
[13:29:59] [Client thread/WARN]: Unable to play unknown soundEvent: minecraft:random.pop
[13:30:00] [Client thread/WARN]: Unable to play unknown soundEvent: minecraft:random.pop
[13:30:00] [Client thread/WARN]: Unable to play unknown soundEvent: minecraft:random.pop
[13:30:00] [Client thread/WARN]: Unable to play unknown soundEvent: minecraft:step.sand
[13:30:00] [Client thread/WARN]: Unable to play unknown soundEvent: minecraft:random.bow
[13:30:00] [Client thread/WARN]: Unable to play unknown soundEvent: minecraft:random.bow
[13:30:00] [Client thread/WARN]: Unable to play unknown soundEvent: minecraft:random.bow
[13:30:00] [Client thread/WARN]: Unable to play unknown soundEvent: minecraft:random.bowhit
[13:30:00] [Client thread/WARN]: Unable to play unknown soundEvent: minecraft:random.bow
[13:30:00] [Client thread/WARN]: Unable to play unknown soundEvent: minecraft:mob.zombiepig.zpigdeath
[13:30:00] [Client thread/WARN]: Unable to play unknown soundEvent: minecraft:random.bowhit
[13:30:01] [Client thread/WARN]: Unable to play unknown soundEvent: minecraft:random.bow
[13:30:01] [Client thread/WARN]: Unable to play unknown soundEvent: minecraft:random.bow
[13:30:01] [Client thread/WARN]: Unable to play unknown soundEvent: minecraft:random.bow
[13:30:01] [Client thread/WARN]: Unable to play unknown soundEvent: minecraft:mob.zombiepig.zpighurt
[13:30:01] [Client thread/WARN]: Unable to play unknown soundEvent: minecraft:random.bowhit
[13:30:01] [Client thread/WARN]: Unable to play unknown soundEvent: minecraft:random.bow
[13:30:01] [Client thread/WARN]: Unable to play unknown soundEvent: minecraft:random.bow
[13:30:01] [Client thread/WARN]: Unable to play unknown soundEvent: minecraft:random.bowhit
[13:30:01] [Client thread/WARN]: Unable to play unknown soundEvent: minecraft:random.bow
[13:30:01] [Client thread/WARN]: Unable to play unknown soundEvent: minecraft:random.bow
[13:30:01] [Client thread/WARN]: Unable to play unknown soundEvent: minecraft:random.bow
[13:30:01] [Client thread/WARN]: Unable to play unknown soundEvent: minecraft:random.bowhit
[13:30:01] [Client thread/WARN]: Unable to play unknown soundEvent: minecraft:random.bow
[13:30:01] [Client thread/WARN]: Unable to play unknown soundEvent: minecraft:random.bowhit
[13:30:01] [Client thread/WARN]: Unable to play unknown soundEvent: minecraft:random.bowhit
[13:30:01] [Client thread/WARN]: Unable to play unknown soundEvent: minecraft:random.bow
[13:30:01] [Client thread/WARN]: Unable to play unknown soundEvent: minecraft:random.bowhit
[13:30:01] [Client thread/WARN]: Unable to play unknown soundEvent: minecraft:random.bow
[13:30:01] [Client thread/WARN]: Unable to play unknown soundEvent: minecraft:mob.zombie.step
[13:30:01] [Client thread/WARN]: Unable to play unknown soundEvent: minecraft:random.bow
[13:30:01] [Client thread/WARN]: Unable to play unknown soundEvent: minecraft:random.bow
[13:30:01] [Client thread/WARN]: Unable to play unknown soundEvent: minecraft:mob.zombiepig.zpig
[13:30:01] [Client thread/WARN]: Unable to play unknown soundEvent: minecraft:mob.zombie.step
[13:30:01] [Client thread/WARN]: Unable to play unknown soundEvent: minecraft:random.bowhit
[13:30:01] [Client thread/WARN]: Unable to play unknown soundEvent: minecraft:mob.zombiepig.zpighurt
[13:30:01] [Client thread/WARN]: Unable to play unknown soundEvent: minecraft:random.bowhit
[13:30:01] [Client thread/WARN]: Unable to play unknown soundEvent: minecraft:random.bow
[13:30:01] [Client thread/WARN]: Unable to play unknown soundEvent: minecraft:random.bowhit
[13:30:01] [Client thread/WARN]: Unable to play unknown soundEvent: minecraft:random.bowhit
[13:30:01] [Client thread/WARN]: Unable to play unknown soundEvent: minecraft:random.bow
[13:30:01] [Client thread/WARN]: Unable to play unknown soundEvent: minecraft:random.bowhit
[13:30:01] [Client thread/WARN]: Unable to play unknown soundEvent: minecraft:random.bow
[13:30:01] [Client thread/WARN]: Unable to play unknown soundEvent: minecraft:random.bowhit
[13:30:01] [Client thread/WARN]: Unable to play unknown soundEvent: minecraft:random.pop
[13:30:01] [Client thread/WARN]: Unable to play unknown soundEvent: minecraft:random.bow
[13:30:01] [Client thread/WARN]: Unable to play unknown soundEvent: minecraft:random.bowhit
[13:30:01] [Client thread/WARN]: Unable to play unknown soundEvent: minecraft:random.bow
[13:30:01] [Client thread/WARN]: Unable to play unknown soundEvent: minecraft:random.bow
[13:30:01] [Client thread/WARN]: Unable to play unknown soundEvent: minecraft:random.bowhit
[13:30:01] [Client thread/WARN]: Unable to play unknown soundEvent: minecraft:random.bow
[13:30:02] [Client thread/WARN]: Unable to play unknown soundEvent: minecraft:random.bow
[13:30:02] [Client thread/WARN]: Unable to play unknown soundEvent: minecraft:random.bow
[13:30:02] [Client thread/WARN]: Unable to play unknown soundEvent: minecraft:mob.zombiepig.zpigangry
[13:30:02] [Client thread/WARN]: Unable to play unknown soundEvent: minecraft:random.bowhit
[13:30:02] [Client thread/WARN]: Unable to play unknown soundEvent: minecraft:random.bow
[13:30:02] [Client thread/WARN]: Unable to play unknown soundEvent: minecraft:mob.zombie.step
[13:30:02] [Client thread/WARN]: Unable to play unknown soundEvent: minecraft:random.bowhit
[13:30:02] [Client thread/WARN]: Unable to play unknown soundEvent: minecraft:mob.zombiepig.zpigdeath
[13:30:02] [Client thread/WARN]: Unable to play unknown soundEvent: minecraft:random.bowhit
[13:30:02] [Client thread/WARN]: Unable to play unknown soundEvent: minecraft:random.bow
[13:30:02] [Client thread/WARN]: Unable to play unknown soundEvent: minecraft:random.bowhit
[13:30:02] [Client thread/WARN]: Unable to play unknown soundEvent: minecraft:random.bowhit
[13:30:02] [Client thread/WARN]: Unable to play unknown soundEvent: minecraft:random.bow
[13:30:02] [Client thread/WARN]: Unable to play unknown soundEvent: minecraft:random.bowhit
[13:30:02] [Client thread/WARN]: Unable to play unknown soundEvent: minecraft:random.bow
[13:30:02] [Client thread/WARN]: Unable to play unknown soundEvent: minecraft:random.bowhit
[13:30:02] [Client thread/WARN]: Unable to play unknown soundEvent: minecraft:random.bow
[13:30:02] [Client thread/WARN]: Unable to play unknown soundEvent: minecraft:random.bow
[13:30:02] [Client thread/WARN]: Unable to play unknown soundEvent: minecraft:random.bow
[13:30:02] [Client thread/WARN]: Unable to play unknown soundEvent: minecraft:random.bowhit
[13:30:02] [Client thread/WARN]: Unable to play unknown soundEvent: minecraft:random.bow
[13:30:02] [Client thread/WARN]: Unable to play unknown soundEvent: minecraft:random.bowhit
[13:30:02] [Client thread/WARN]: Unable to play unknown soundEvent: minecraft:random.bow
[13:30:02] [Client thread/WARN]: Unable to play unknown soundEvent: minecraft:random.bowhit
[13:30:02] [Client thread/WARN]: Unable to play unknown soundEvent: minecraft:random.bow
[13:30:02] [Client thread/WARN]: Unable to play unknown soundEvent: minecraft:random.bow
[13:30:02] [Client thread/WARN]: Unable to play unknown soundEvent: minecraft:random.bowhit
[13:30:02] [Client thread/WARN]: Unable to play unknown soundEvent: minecraft:random.bow
[13:30:02] [Client thread/WARN]: Unable to play unknown soundEvent: minecraft:random.bowhit
[13:30:02] [Client thread/WARN]: Unable to play unknown soundEvent: minecraft:random.bow
[13:30:02] [Client thread/WARN]: Unable to play unknown soundEvent: minecraft:random.bowhit
[13:30:02] [Client thread/WARN]: Unable to play unknown soundEvent: minecraft:random.bow
[13:30:02] [Client thread/WARN]: Unable to play unknown soundEvent: minecraft:random.bow
[13:30:02] [Client thread/WARN]: Unable to play unknown soundEvent: minecraft:random.bow
[13:30:02] [Client thread/WARN]: Unable to play unknown soundEvent: minecraft:random.bowhit
[13:30:02] [Client thread/WARN]: Unable to play unknown soundEvent: minecraft:random.bow
[13:30:02] [Client thread/WARN]: Unable to play unknown soundEvent: minecraft:random.bowhit
[13:30:02] [Client thread/WARN]: Unable to play unknown soundEvent: minecraft:random.bowhit
[13:30:02] [Client thread/WARN]: Unable to play unknown soundEvent: minecraft:random.bow
[13:30:02] [Client thread/WARN]: Unable to play unknown soundEvent: minecraft:mob.zombiepig.zpig
[13:30:03] [Client thread/WARN]: Unable to play unknown soundEvent: minecraft:random.bow
[13:30:03] [Client thread/WARN]: Unable to play unknown soundEvent: minecraft:random.bow
[13:30:03] [Client thread/WARN]: Unable to play unknown soundEvent: minecraft:random.bow
[13:30:03] [Client thread/WARN]: Unable to play unknown soundEvent: minecraft:random.bowhit
[13:30:03] [Client thread/WARN]: Unable to play unknown soundEvent: minecraft:random.bowhit
[13:30:03] [Client thread/WARN]: Unable to play unknown soundEvent: minecraft:random.bow
[13:30:03] [Client thread/WARN]: Unable to play unknown soundEvent: minecraft:random.bowhit
[13:30:03] [Client thread/WARN]: Unable to play unknown soundEvent: minecraft:random.bow
[13:30:03] [Client thread/WARN]: Unable to play unknown soundEvent: minecraft:random.bowhit
[13:30:03] [Client thread/WARN]: Unable to play unknown soundEvent: minecraft:random.bow
[13:30:03] [Client thread/WARN]: Unable to play unknown soundEvent: minecraft:random.bow
[13:30:03] [Client thread/WARN]: Unable to play unknown soundEvent: minecraft:random.bowhit
[13:30:03] [Client thread/WARN]: Unable to play unknown soundEvent: minecraft:random.bow
[13:30:03] [Client thread/WARN]: Unable to play unknown soundEvent: minecraft:random.bow
[13:30:03] [Client thread/WARN]: Unable to play unknown soundEvent: minecraft:random.bowhit
[13:30:03] [Client thread/WARN]: Unable to play unknown soundEvent: minecraft:random.bow
[13:30:03] [Client thread/WARN]: Unable to play unknown soundEvent: minecraft:random.bow
[13:30:03] [Client thread/WARN]: Unable to play unknown soundEvent: minecraft:random.bowhit
[13:30:03] [Client thread/WARN]: Unable to play unknown soundEvent: minecraft:random.bow
[13:30:03] [Client thread/WARN]: Unable to play unknown soundEvent: minecraft:random.bowhit
[13:30:03] [Client thread/WARN]: Unable to play unknown soundEvent: minecraft:random.bow
[13:30:03] [Client thread/WARN]: Unable to play unknown soundEvent: minecraft:random.bowhit
[13:30:03] [Client thread/WARN]: Unable to play unknown soundEvent: minecraft:random.bow
[13:30:03] [Client thread/WARN]: Unable to play unknown soundEvent: minecraft:random.bowhit
[13:30:03] [Client thread/WARN]: Unable to play unknown soundEvent: minecraft:random.bow
[13:30:03] [Client thread/WARN]: Unable to play unknown soundEvent: minecraft:random.bowhit
[13:30:03] [Client thread/WARN]: Unable to play unknown soundEvent: minecraft:random.bow
[13:30:03] [Client thread/WARN]: Unable to play unknown soundEvent: minecraft:random.bowhit
[13:30:03] [Client thread/WARN]: Unable to play unknown soundEvent: minecraft:random.bowhit
[13:30:03] [Client thread/WARN]: Unable to play unknown soundEvent: minecraft:mob.zombiepig.zpighurt
[13:30:03] [Client thread/WARN]: Unable to play unknown soundEvent: minecraft:random.bowhit
[13:30:03] [Client thread/WARN]: Unable to play unknown soundEvent: minecraft:random.bow
[13:30:03] [Client thread/WARN]: Unable to play unknown soundEvent: minecraft:random.bowhit
[13:30:03] [Client thread/WARN]: Unable to play unknown soundEvent: minecraft:random.bow
[13:30:03] [Client thread/WARN]: Unable to play unknown soundEvent: minecraft:random.bowhit
[13:30:03] [Client thread/WARN]: Unable to play unknown soundEvent: minecraft:random.bow
[13:30:03] [Client thread/WARN]: Unable to play unknown soundEvent: minecraft:random.bow
[13:30:03] [Client thread/WARN]: Unable to play unknown soundEvent: minecraft:random.bowhit
[13:30:04] [Client thread/WARN]: Unable to play unknown soundEvent: minecraft:random.bow
[13:30:04] [Client thread/WARN]: Unable to play unknown soundEvent: minecraft:random.bow
[13:30:04] [Client thread/WARN]: Unable to play unknown soundEvent: minecraft:random.bow
[13:30:04] [Client thread/WARN]: Unable to play unknown soundEvent: minecraft:mob.zombiepig.zpigangry
[13:30:04] [Client thread/WARN]: Unable to play unknown soundEvent: minecraft:random.bow
[13:30:04] [Client thread/WARN]: Unable to play unknown soundEvent: minecraft:mob.zombiepig.zpig
[13:30:04] [Client thread/WARN]: Unable to play unknown soundEvent: minecraft:random.bow
[13:30:04] [Client thread/WARN]: Unable to play unknown soundEvent: minecraft:random.bow
[13:30:04] [Client thread/WARN]: Unable to play unknown soundEvent: minecraft:mob.zombie.step
[13:30:04] [Client thread/WARN]: Unable to play unknown soundEvent: minecraft:mob.zombiepig.zpighurt
[13:30:04] [Client thread/WARN]: Unable to play unknown soundEvent: minecraft:random.bowhit
[13:30:04] [Client thread/WARN]: Unable to play unknown soundEvent: minecraft:random.bow
[13:30:04] [Client thread/WARN]: Unable to play unknown soundEvent: minecraft:random.bowhit
[13:30:04] [Client thread/WARN]: Unable to play unknown soundEvent: minecraft:random.bowhit
[13:30:04] [Client thread/WARN]: Unable to play unknown soundEvent: minecraft:random.bow
[13:30:04] [Client thread/WARN]: Unable to play unknown soundEvent: minecraft:random.bowhit
[13:30:04] [Client thread/WARN]: Unable to play unknown soundEvent: minecraft:random.bow
[13:30:04] [Client thread/WARN]: Unable to play unknown soundEvent: minecraft:random.bowhit
[13:30:04] [Client thread/WARN]: Unable to play unknown soundEvent: minecraft:random.bow
[13:30:04] [Client thread/WARN]: Unable to play unknown soundEvent: minecraft:random.bow
[13:30:04] [Client thread/WARN]: Unable to play unknown soundEvent: minecraft:random.bowhit
[13:30:04] [Client thread/WARN]: Unable to play unknown soundEvent: minecraft:random.bow
[13:30:04] [Client thread/WARN]: Unable to play unknown soundEvent: minecraft:random.bowhit
[13:30:04] [Client thread/WARN]: Unable to play unknown soundEvent: minecraft:random.bow
[13:30:04] [Client thread/WARN]: Unable to play unknown soundEvent: minecraft:random.bowhit
[13:30:04] [Client thread/WARN]: Unable to play unknown soundEvent: minecraft:random.bow
[13:30:04] [Client thread/WARN]: Unable to play unknown soundEvent: minecraft:mob.zombie.step
[13:30:04] [Client thread/WARN]: Unable to play unknown soundEvent: minecraft:random.bow
[13:30:04] [Client thread/WARN]: Unable to play unknown soundEvent: minecraft:random.bow
[13:30:04] [Client thread/WARN]: Unable to play unknown soundEvent: minecraft:random.bowhit
[13:30:04] [Client thread/WARN]: Unable to play unknown soundEvent: minecraft:random.bow
[13:30:04] [Client thread/WARN]: Unable to play unknown soundEvent: minecraft:random.bowhit
[13:30:04] [Client thread/WARN]: Unable to play unknown soundEvent: minecraft:random.bow
[13:30:04] [Client thread/WARN]: Unable to play unknown soundEvent: minecraft:random.bowhit
[13:30:04] [Client thread/WARN]: Unable to play unknown soundEvent: minecraft:random.bow
[13:30:04] [Client thread/WARN]: Unable to play unknown soundEvent: minecraft:random.bowhit
[13:30:04] [Client thread/WARN]: Unable to play unknown soundEvent: minecraft:random.bowhit
[13:30:04] [Client thread/WARN]: Unable to play unknown soundEvent: minecraft:random.bow
[13:30:04] [Client thread/WARN]: Unable to play unknown soundEvent: minecraft:random.bowhit
[13:30:04] [Client thread/WARN]: Unable to play unknown soundEvent: minecraft:random.bowhit
[13:30:04] [Client thread/WARN]: Unable to play unknown soundEvent: minecraft:random.bow
[13:30:05] [Client thread/WARN]: Unable to play unknown soundEvent: minecraft:random.bowhit
[13:30:05] [Client thread/WARN]: Unable to play unknown soundEvent: minecraft:random.bowhit
[13:30:05] [Client thread/WARN]: Unable to play unknown soundEvent: minecraft:random.bowhit
[13:30:05] [Client thread/WARN]: Unable to play unknown soundEvent: minecraft:random.bow
[13:30:05] [Client thread/WARN]: Unable to play unknown soundEvent: minecraft:random.bowhit
[13:30:05] [Client thread/WARN]: Unable to play unknown soundEvent: minecraft:random.bowhit
[13:30:05] [Client thread/WARN]: Unable to play unknown soundEvent: minecraft:random.bow
[13:30:05] [Client thread/WARN]: Unable to play unknown soundEvent: minecraft:random.bowhit
[13:30:05] [Client thread/WARN]: Unable to play unknown soundEvent: minecraft:random.bowhit
[13:30:05] [Client thread/WARN]: Unable to play unknown soundEvent: minecraft:random.bow
[13:30:05] [Client thread/WARN]: Unable to play unknown soundEvent: minecraft:random.bowhit
[13:30:05] [Client thread/WARN]: Unable to play unknown soundEvent: minecraft:random.bow
[13:30:05] [Client thread/WARN]: Unable to play unknown soundEvent: minecraft:random.bowhit
[13:30:05] [Client thread/WARN]: Unable to play unknown soundEvent: minecraft:random.pop
[13:30:05] [Client thread/WARN]: Unable to play unknown soundEvent: minecraft:random.bow
[13:30:05] [Client thread/WARN]: Unable to play unknown soundEvent: minecraft:random.bowhit
[13:30:05] [Client thread/WARN]: Unable to play unknown soundEvent: minecraft:random.bowhit
[13:30:05] [Client thread/WARN]: Unable to play unknown soundEvent: minecraft:random.pop
[13:30:05] [Client thread/WARN]: Unable to play unknown soundEvent: minecraft:random.bow
[13:30:05] [Client thread/WARN]: Unable to play unknown soundEvent: minecraft:random.bowhit
[13:30:05] [Client thread/WARN]: Unable to play unknown soundEvent: minecraft:random.bowhit
[13:30:05] [Client thread/WARN]: Unable to play unknown soundEvent: minecraft:random.pop
[13:30:05] [Client thread/WARN]: Unable to play unknown soundEvent: minecraft:random.bow
[13:30:05] [Client thread/WARN]: Unable to play unknown soundEvent: minecraft:random.bowhit
[13:30:05] [Client thread/WARN]: Unable to play unknown soundEvent: minecraft:random.bowhit
[13:30:05] [Client thread/WARN]: Unable to play unknown soundEvent: minecraft:random.pop
[13:30:05] [Client thread/WARN]: Unable to play unknown soundEvent: minecraft:random.bow
[13:30:05] [Client thread/WARN]: Unable to play unknown soundEvent: minecraft:random.bowhit
[13:30:05] [Client thread/WARN]: Unable to play unknown soundEvent: minecraft:random.bowhit
[13:30:05] [Client thread/WARN]: Unable to play unknown soundEvent: minecraft:random.pop
[13:30:05] [Client thread/WARN]: Unable to play unknown soundEvent: minecraft:random.bow
[13:30:05] [Client thread/WARN]: Unable to play unknown soundEvent: minecraft:mob.zombie.step
[13:30:05] [Client thread/WARN]: Unable to play unknown soundEvent: minecraft:random.bowhit
[13:30:05] [Client thread/WARN]: Unable to play unknown soundEvent: minecraft:random.bowhit
[13:30:05] [Client thread/WARN]: Unable to play unknown soundEvent: minecraft:random.pop
[13:30:05] [Client thread/WARN]: Unable to play unknown soundEvent: minecraft:random.bow
[13:30:05] [Client thread/WARN]: Unable to play unknown soundEvent: minecraft:random.bowhit
[13:30:05] [Client thread/WARN]: Unable to play unknown soundEvent: minecraft:random.bowhit
[13:30:05] [Client thread/WARN]: Unable to play unknown soundEvent: minecraft:random.pop
[13:30:05] [Client thread/WARN]: Unable to play unknown soundEvent: minecraft:random.bow
[13:30:05] [Client thread/WARN]: Unable to play unknown soundEvent: minecraft:random.bowhit
[13:30:05] [Client thread/WARN]: Unable to play unknown soundEvent: minecraft:random.pop
[13:30:05] [Client thread/WARN]: Unable to play unknown soundEvent: minecraft:random.bow
[13:30:05] [Client thread/WARN]: Unable to play unknown soundEvent: minecraft:random.bowhit
[13:30:05] [Client thread/WARN]: Unable to play unknown soundEvent: minecraft:random.pop
[13:30:05] [Client thread/WARN]: Unable to play unknown soundEvent: minecraft:random.bow
[13:30:05] [Client thread/WARN]: Unable to play unknown soundEvent: minecraft:random.bowhit
[13:30:05] [Client thread/WARN]: Unable to play unknown soundEvent: minecraft:random.pop
[13:30:05] [Client thread/WARN]: Unable to play unknown soundEvent: minecraft:random.pop
[13:30:05] [Client thread/WARN]: Unable to play unknown soundEvent: minecraft:random.pop
[13:30:05] [Client thread/WARN]: Unable to play unknown soundEvent: minecraft:random.pop
[13:30:05] [Client thread/WARN]: Unable to play unknown soundEvent: minecraft:random.pop
[13:30:05] [Client thread/WARN]: Unable to play unknown soundEvent: minecraft:random.pop
[13:30:06] [Client thread/WARN]: Unable to play unknown soundEvent: minecraft:random.pop
[13:30:06] [Client thread/WARN]: Unable to play unknown soundEvent: minecraft:random.pop
[13:30:06] [Client thread/WARN]: Unable to play unknown soundEvent: minecraft:step.sand
[13:30:06] [Client thread/WARN]: Unable to play unknown soundEvent: minecraft:random.bow
[13:30:06] [Client thread/WARN]: Unable to play unknown soundEvent: minecraft:random.bowhit
[13:30:06] [Client thread/WARN]: Unable to play unknown soundEvent: minecraft:random.pop
[13:30:06] [Client thread/WARN]: Unable to play unknown soundEvent: minecraft:random.orb
[13:30:06] [Client thread/WARN]: Unable to play unknown soundEvent: minecraft:mob.zombie.step
[13:30:06] [Client thread/WARN]: Unable to play unknown soundEvent: minecraft:random.bow
[13:30:06] [Client thread/WARN]: Unable to play unknown soundEvent: minecraft:random.bowhit
[13:30:07] [Client thread/WARN]: Unable to play unknown soundEvent: minecraft:random.bow
[13:30:07] [Client thread/WARN]: Unable to play unknown soundEvent: minecraft:random.bow
[13:30:07] [Client thread/WARN]: Unable to play unknown soundEvent: minecraft:random.bow
[13:30:07] [Client thread/WARN]: Unable to play unknown soundEvent: minecraft:random.bowhit
[13:30:07] [Client thread/WARN]: Unable to play unknown soundEvent: minecraft:random.bow
[13:30:07] [Client thread/WARN]: Unable to play unknown soundEvent: minecraft:random.bow
[13:30:07] [Client thread/WARN]: Unable to play unknown soundEvent: minecraft:random.bow
[13:30:07] [Client thread/WARN]: Unable to play unknown soundEvent: minecraft:random.bow
[13:30:07] [Client thread/WARN]: Unable to play unknown soundEvent: minecraft:random.bowhit
[13:30:07] [Client thread/WARN]: Unable to play unknown soundEvent: minecraft:random.bowhit
[13:30:07] [Client thread/WARN]: Unable to play unknown soundEvent: minecraft:random.bow
[13:30:07] [Client thread/WARN]: Unable to play unknown soundEvent: minecraft:random.bowhit
[13:30:07] [Client thread/WARN]: Unable to play unknown soundEvent: minecraft:random.bow
[13:30:07] [Client thread/WARN]: Unable to play unknown soundEvent: minecraft:random.bow
[13:30:07] [Client thread/WARN]: Unable to play unknown soundEvent: minecraft:random.bowhit
[13:30:07] [Client thread/WARN]: Unable to play unknown soundEvent: minecraft:random.bow
[13:30:07] [Client thread/WARN]: Unable to play unknown soundEvent: minecraft:random.bowhit
[13:30:07] [Client thread/WARN]: Unable to play unknown soundEvent: minecraft:random.bow
[13:30:07] [Client thread/WARN]: Unable to play unknown soundEvent: minecraft:random.bowhit
[13:30:07] [Client thread/WARN]: Unable to play unknown soundEvent: minecraft:random.bowhit
[13:30:07] [Client thread/WARN]: Unable to play unknown soundEvent: minecraft:random.bow
[13:30:07] [Client thread/WARN]: Unable to play unknown soundEvent: minecraft:random.bowhit
[13:30:07] [Client thread/WARN]: Unable to play unknown soundEvent: minecraft:random.bowhit
[13:30:07] [Client thread/WARN]: Unable to play unknown soundEvent: minecraft:random.bow
[13:30:07] [Client thread/WARN]: Unable to play unknown soundEvent: minecraft:mob.zombie.step
[13:30:08] [Client thread/WARN]: Unable to play unknown soundEvent: minecraft:random.bow
[13:30:08] [Client thread/WARN]: Unable to play unknown soundEvent: minecraft:random.bow
[13:30:08] [Client thread/WARN]: Unable to play unknown soundEvent: minecraft:random.bow
[13:30:08] [Client thread/WARN]: Unable to play unknown soundEvent: minecraft:random.bowhit
[13:30:08] [Client thread/WARN]: Unable to play unknown soundEvent: minecraft:random.bowhit
[13:30:08] [Client thread/WARN]: Unable to play unknown soundEvent: minecraft:random.bow
[13:30:08] [Client thread/WARN]: Unable to play unknown soundEvent: minecraft:random.bow
[13:30:08] [Client thread/WARN]: Unable to play unknown soundEvent: minecraft:mob.zombiepig.zpig
[13:30:08] [Client thread/WARN]: Unable to play unknown soundEvent: minecraft:random.bow
[13:30:08] [Client thread/WARN]: Unable to play unknown soundEvent: minecraft:random.bow
[13:30:08] [Client thread/WARN]: Unable to play unknown soundEvent: minecraft:random.bow
[13:30:08] [Client thread/WARN]: Unable to play unknown soundEvent: minecraft:mob.zombiepig.zpigangry
[13:30:08] [Client thread/WARN]: Unable to play unknown soundEvent: minecraft:random.bow
[13:30:08] [Client thread/WARN]: Unable to play unknown soundEvent: minecraft:random.bow
[13:30:08] [Client thread/WARN]: Unable to play unknown soundEvent: minecraft:random.bow
[13:30:08] [Client thread/WARN]: Unable to play unknown soundEvent: minecraft:random.bow
[13:30:08] [Client thread/WARN]: Unable to play unknown soundEvent: minecraft:random.bow
[13:30:08] [Client thread/WARN]: Unable to play unknown soundEvent: minecraft:random.bow
[13:30:08] [Client thread/WARN]: Unable to play unknown soundEvent: minecraft:random.bow
[13:30:08] [Client thread/WARN]: Unable to play unknown soundEvent: minecraft:random.bow
[13:30:08] [Client thread/WARN]: Unable to play unknown soundEvent: minecraft:random.bowhit
[13:30:08] [Client thread/WARN]: Unable to play unknown soundEvent: minecraft:random.bow
[13:30:08] [Client thread/WARN]: Unable to play unknown soundEvent: minecraft:random.bowhit
[13:30:08] [Client thread/WARN]: Unable to play unknown soundEvent: minecraft:random.bow
[13:30:08] [Client thread/WARN]: Unable to play unknown soundEvent: minecraft:random.bowhit
[13:30:08] [Client thread/WARN]: Unable to play unknown soundEvent: minecraft:random.bow
[13:30:08] [Client thread/WARN]: Unable to play unknown soundEvent: minecraft:mob.zombie.step
[13:30:08] [Client thread/WARN]: Unable to play unknown soundEvent: minecraft:random.bowhit
[13:30:08] [Client thread/WARN]: Unable to play unknown soundEvent: minecraft:random.bowhit
[13:30:08] [Client thread/WARN]: Unable to play unknown soundEvent: minecraft:mob.zombiepig.zpighurt
[13:30:08] [Client thread/WARN]: Unable to play unknown soundEvent: minecraft:random.bowhit
[13:30:08] [Client thread/WARN]: Unable to play unknown soundEvent: minecraft:random.bow
[13:30:08] [Client thread/WARN]: Unable to play unknown soundEvent: minecraft:random.bowhit
[13:30:08] [Client thread/WARN]: Unable to play unknown soundEvent: minecraft:random.bowhit
[13:30:09] [Client thread/WARN]: Unable to play unknown soundEvent: minecraft:random.bow
[13:30:09] [Client thread/WARN]: Unable to play unknown soundEvent: minecraft:random.bowhit
[13:30:09] [Client thread/WARN]: Unable to play unknown soundEvent: minecraft:random.bow
[13:30:09] [Client thread/WARN]: Unable to play unknown soundEvent: minecraft:random.bowhit
[13:30:09] [Client thread/WARN]: Unable to play unknown soundEvent: minecraft:random.bow
[13:30:09] [Client thread/WARN]: Unable to play unknown soundEvent: minecraft:random.bowhit
[13:30:09] [Client thread/WARN]: Unable to play unknown soundEvent: minecraft:random.bowhit
[13:30:09] [Client thread/WARN]: Unable to play unknown soundEvent: minecraft:random.bow
[13:30:09] [Client thread/WARN]: Unable to play unknown soundEvent: minecraft:random.bow
[13:30:09] [Client thread/WARN]: Unable to play unknown soundEvent: minecraft:random.bow
[13:30:09] [Client thread/WARN]: Unable to play unknown soundEvent: minecraft:random.bow
[13:30:09] [Client thread/WARN]: Unable to play unknown soundEvent: minecraft:random.bow
[13:30:09] [Client thread/WARN]: Unable to play unknown soundEvent: minecraft:random.bow
[13:30:09] [Client thread/WARN]: Unable to play unknown soundEvent: minecraft:random.bowhit
[13:30:09] [Client thread/WARN]: Unable to play unknown soundEvent: minecraft:random.bow
[13:30:09] [Client thread/WARN]: Unable to play unknown soundEvent: minecraft:random.bow
[13:30:09] [Client thread/WARN]: Unable to play unknown soundEvent: minecraft:random.bowhit
[13:30:09] [Client thread/WARN]: Unable to play unknown soundEvent: minecraft:random.bow
[13:30:09] [Client thread/WARN]: Unable to play unknown soundEvent: minecraft:random.bowhit
[13:30:09] [Client thread/WARN]: Unable to play unknown soundEvent: minecraft:random.bow
[13:30:09] [Client thread/WARN]: Unable to play unknown soundEvent: minecraft:random.bowhit
[13:30:09] [Client thread/WARN]: Unable to play unknown soundEvent: minecraft:random.bow
[13:30:09] [Client thread/WARN]: Unable to play unknown soundEvent: minecraft:random.bowhit
[13:30:09] [Client thread/WARN]: Unable to play unknown soundEvent: minecraft:random.bow
[13:30:09] [Client thread/WARN]: Unable to play unknown soundEvent: minecraft:random.bowhit
[13:30:09] [Client thread/WARN]: Unable to play unknown soundEvent: minecraft:random.bow
[13:30:09] [Client thread/WARN]: Unable to play unknown soundEvent: minecraft:random.bowhit
[13:30:09] [Client thread/WARN]: Unable to play unknown soundEvent: minecraft:random.bow
[13:30:09] [Client thread/WARN]: Unable to play unknown soundEvent: minecraft:random.bowhit
[13:30:09] [Client thread/WARN]: Unable to play unknown soundEvent: minecraft:random.bow
[13:30:09] [Client thread/WARN]: Unable to play unknown soundEvent: minecraft:mob.zombiepig.zpigangry
[13:30:09] [Client thread/WARN]: Unable to play unknown soundEvent: minecraft:random.bow
[13:30:09] [Client thread/WARN]: Unable to play unknown soundEvent: minecraft:random.bow
[13:30:09] [Client thread/WARN]: Unable to play unknown soundEvent: minecraft:random.bowhit
[13:30:10] [Client thread/WARN]: Unable to play unknown soundEvent: minecraft:random.bow
[13:30:10] [Client thread/WARN]: Unable to play unknown soundEvent: minecraft:random.bowhit
[13:30:10] [Client thread/WARN]: Unable to play unknown soundEvent: minecraft:random.bow
[13:30:10] [Client thread/WARN]: Unable to play unknown soundEvent: minecraft:random.bowhit
[13:30:10] [Client thread/WARN]: Unable to play unknown soundEvent: minecraft:random.bow
[13:30:10] [Client thread/WARN]: Unable to play unknown soundEvent: minecraft:random.bowhit
[13:30:10] [Client thread/WARN]: Unable to play unknown soundEvent: minecraft:random.bowhit
[13:30:10] [Client thread/WARN]: Unable to play unknown soundEvent: minecraft:random.bow
[13:30:10] [Client thread/WARN]: Unable to play unknown soundEvent: minecraft:random.bowhit
[13:30:10] [Client thread/WARN]: Unable to play unknown soundEvent: minecraft:random.bowhit
[13:30:10] [Client thread/WARN]: Unable to play unknown soundEvent: minecraft:random.bow
[13:30:10] [Client thread/WARN]: Unable to play unknown soundEvent: minecraft:random.bowhit
[13:30:10] [Client thread/WARN]: Unable to play unknown soundEvent: minecraft:random.bow
[13:30:10] [Client thread/WARN]: Unable to play unknown soundEvent: minecraft:random.bowhit
[13:30:10] [Client thread/WARN]: Unable to play unknown soundEvent: minecraft:random.bowhit
[13:30:10] [Client thread/WARN]: Unable to play unknown soundEvent: minecraft:random.bow
[13:30:10] [Client thread/WARN]: Unable to play unknown soundEvent: minecraft:random.bowhit
[13:30:10] [Client thread/WARN]: Unable to play unknown soundEvent: minecraft:random.bow
[13:30:10] [Client thread/WARN]: Unable to play unknown soundEvent: minecraft:random.bowhit
[13:30:10] [Client thread/WARN]: Unable to play unknown soundEvent: minecraft:random.bowhit
[13:30:10] [Client thread/WARN]: Unable to play unknown soundEvent: minecraft:random.bowhit
[13:30:10] [Client thread/WARN]: Unable to play unknown soundEvent: minecraft:random.bowhit
[13:30:10] [Client thread/WARN]: Unable to play unknown soundEvent: minecraft:step.sand
[13:30:10] [Client thread/WARN]: Unable to play unknown soundEvent: minecraft:random.bowhit
[13:30:10] [Client thread/WARN]: Unable to play unknown soundEvent: minecraft:random.bowhit
[13:30:10] [Client thread/WARN]: Unable to play unknown soundEvent: minecraft:random.bowhit
[13:30:10] [Client thread/WARN]: Unable to play unknown soundEvent: minecraft:random.bowhit
[13:30:10] [Client thread/WARN]: Unable to play unknown soundEvent: minecraft:random.bowhit
[13:30:10] [Client thread/WARN]: Unable to play unknown soundEvent: minecraft:step.sand
[13:30:10] [Client thread/WARN]: Unable to play unknown soundEvent: minecraft:random.pop
[13:30:10] [Client thread/WARN]: Unable to play unknown soundEvent: minecraft:random.bowhit
[13:30:10] [Client thread/WARN]: Unable to play unknown soundEvent: minecraft:random.pop
[13:30:10] [Client thread/WARN]: Unable to play unknown soundEvent: minecraft:random.pop
[13:30:10] [Client thread/WARN]: Unable to play unknown soundEvent: minecraft:random.pop
[13:30:10] [Client thread/WARN]: Unable to play unknown soundEvent: minecraft:random.pop
[13:30:10] [Client thread/WARN]: Unable to play unknown soundEvent: minecraft:random.pop
[13:30:10] [Client thread/WARN]: Unable to play unknown soundEvent: minecraft:random.pop
[13:30:10] [Client thread/WARN]: Unable to play unknown soundEvent: minecraft:random.pop
[13:30:11] [Client thread/WARN]: Unable to play unknown soundEvent: minecraft:random.pop
[13:30:11] [Client thread/WARN]: Unable to play unknown soundEvent: minecraft:random.pop
[13:30:11] [Client thread/WARN]: Unable to play unknown soundEvent: minecraft:random.pop
[13:30:11] [Client thread/WARN]: Unable to play unknown soundEvent: minecraft:random.pop
[13:30:11] [Client thread/WARN]: Unable to play unknown soundEvent: minecraft:random.pop
[13:30:11] [Client thread/WARN]: Unable to play unknown soundEvent: minecraft:step.sand
[13:30:11] [Client thread/WARN]: Unable to play unknown soundEvent: minecraft:random.pop
[13:30:11] [Client thread/WARN]: Unable to play unknown soundEvent: minecraft:random.pop
[13:30:11] [Client thread/WARN]: Unable to play unknown soundEvent: minecraft:step.sand
[13:30:11] [Client thread/WARN]: Unable to play unknown soundEvent: minecraft:step.sand
[13:30:11] [Client thread/WARN]: Unable to play unknown soundEvent: minecraft:random.pop
[13:30:11] [Client thread/WARN]: Unable to play unknown soundEvent: minecraft:random.pop
[13:30:11] [Client thread/WARN]: Unable to play unknown soundEvent: minecraft:random.pop
[13:30:12] [Client thread/WARN]: Unable to play unknown soundEvent: minecraft:random.pop
[13:30:12] [Client thread/WARN]: Unable to play unknown soundEvent: minecraft:random.pop
[13:30:12] [Client thread/WARN]: Unable to play unknown soundEvent: minecraft:random.pop
[13:30:12] [Client thread/WARN]: Unable to play unknown soundEvent: minecraft:mob.zombie.step
[13:30:12] [Client thread/WARN]: Unable to play unknown soundEvent: minecraft:step.sand
[13:30:12] [Client thread/WARN]: Unable to play unknown soundEvent: minecraft:random.pop
[13:30:12] [Client thread/WARN]: Unable to play unknown soundEvent: minecraft:random.pop
[13:30:12] [Client thread/WARN]: Unable to play unknown soundEvent: minecraft:random.pop
[13:30:12] [Client thread/WARN]: Unable to play unknown soundEvent: minecraft:random.pop
[13:30:12] [Client thread/WARN]: Unable to play unknown soundEvent: minecraft:random.pop
[13:30:12] [Client thread/WARN]: Unable to play unknown soundEvent: minecraft:random.pop
[13:30:12] [Client thread/WARN]: Unable to play unknown soundEvent: minecraft:random.pop
[13:30:12] [Client thread/WARN]: Unable to play unknown soundEvent: minecraft:random.pop
[13:30:12] [Client thread/WARN]: Unable to play unknown soundEvent: minecraft:mob.zombie.step
[13:30:13] [Client thread/WARN]: Unable to play unknown soundEvent: minecraft:random.pop
[13:30:13] [Client thread/WARN]: Unable to play unknown soundEvent: minecraft:random.pop
[13:30:13] [Client thread/WARN]: Unable to play unknown soundEvent: minecraft:random.pop
[13:30:13] [Client thread/WARN]: Unable to play unknown soundEvent: minecraft:random.pop
[13:30:13] [Client thread/WARN]: Unable to play unknown soundEvent: minecraft:random.pop
[13:30:13] [Client thread/WARN]: Unable to play unknown soundEvent: minecraft:mob.zombie.step
[13:30:13] [Client thread/WARN]: Unable to play unknown soundEvent: minecraft:mob.zombie.step
[13:30:14] [Client thread/WARN]: Unable to play unknown soundEvent: minecraft:random.orb
[13:30:14] [Client thread/WARN]: Unable to play unknown soundEvent: minecraft:mob.zombie.step
[13:30:14] [Client thread/WARN]: Unable to play unknown soundEvent: minecraft:step.sand
[13:30:14] [Client thread/WARN]: Unable to play unknown soundEvent: minecraft:random.bow
[13:30:14] [Client thread/WARN]: Unable to play unknown soundEvent: minecraft:random.bow
[13:30:14] [Client thread/WARN]: Unable to play unknown soundEvent: minecraft:mob.zombie.step
[13:30:14] [Client thread/WARN]: Unable to play unknown soundEvent: minecraft:random.bowhit
[13:30:14] [Client thread/WARN]: Unable to play unknown soundEvent: minecraft:random.bow
[13:30:14] [Client thread/WARN]: Unable to play unknown soundEvent: minecraft:random.bowhit
[13:30:14] [Client thread/WARN]: Unable to play unknown soundEvent: minecraft:random.bow
[13:30:14] [Client thread/WARN]: Unable to play unknown soundEvent: minecraft:random.bow
[13:30:14] [Client thread/WARN]: Unable to play unknown soundEvent: minecraft:mob.zombie.step
[13:30:14] [Client thread/WARN]: Unable to play unknown soundEvent: minecraft:mob.zombiepig.zpighurt
[13:30:14] [Client thread/WARN]: Unable to play unknown soundEvent: minecraft:random.bowhit
[13:30:14] [Client thread/WARN]: Unable to play unknown soundEvent: minecraft:mob.zombiepig.zpighurt
[13:30:14] [Client thread/WARN]: Unable to play unknown soundEvent: minecraft:random.bowhit
[13:30:14] [Client thread/WARN]: Unable to play unknown soundEvent: minecraft:random.bow
[13:30:14] [Client thread/WARN]: Unable to play unknown soundEvent: minecraft:random.bowhit
[13:30:14] [Client thread/WARN]: Unable to play unknown soundEvent: minecraft:random.bow
[13:30:14] [Client thread/WARN]: Unable to play unknown soundEvent: minecraft:random.bow
[13:30:14] [Client thread/WARN]: Unable to play unknown soundEvent: minecraft:mob.zombiepig.zpig
[13:30:14] [Client thread/WARN]: Unable to play unknown soundEvent: minecraft:random.bow
[13:30:14] [Client thread/WARN]: Unable to play unknown soundEvent: minecraft:random.bow
[13:30:14] [Client thread/WARN]: Unable to play unknown soundEvent: minecraft:random.bowhit
[13:30:14] [Client thread/WARN]: Unable to play unknown soundEvent: minecraft:random.bow
[13:30:14] [Client thread/WARN]: Unable to play unknown soundEvent: minecraft:random.bow
[13:30:14] [Client thread/WARN]: Unable to play unknown soundEvent: minecraft:random.bow
[13:30:14] [Client thread/WARN]: Unable to play unknown soundEvent: minecraft:random.bowhit
[13:30:14] [Client thread/WARN]: Unable to play unknown soundEvent: minecraft:random.bow
[13:30:14] [Client thread/WARN]: Unable to play unknown soundEvent: minecraft:random.bow
[13:30:14] [Client thread/WARN]: Unable to play unknown soundEvent: minecraft:mob.zombie.step
[13:30:14] [Client thread/WARN]: Unable to play unknown soundEvent: minecraft:mob.zombiepig.zpighurt
[13:30:14] [Client thread/WARN]: Unable to play unknown soundEvent: minecraft:random.bowhit
[13:30:14] [Client thread/WARN]: Unable to play unknown soundEvent: minecraft:random.bow
[13:30:14] [Client thread/WARN]: Unable to play unknown soundEvent: minecraft:random.bowhit
[13:30:15] [Client thread/WARN]: Unable to play unknown soundEvent: minecraft:random.bow
[13:30:15] [Client thread/WARN]: Unable to play unknown soundEvent: minecraft:random.bowhit
[13:30:15] [Client thread/WARN]: Unable to play unknown soundEvent: minecraft:random.bow
[13:30:15] [Client thread/WARN]: Unable to play unknown soundEvent: minecraft:random.bowhit
[13:30:15] [Client thread/WARN]: Unable to play unknown soundEvent: minecraft:random.bow
[13:30:15] [Client thread/WARN]: Unable to play unknown soundEvent: minecraft:random.bow
[13:30:15] [Client thread/WARN]: Unable to play unknown soundEvent: minecraft:mob.zombie.step
[13:30:15] [Client thread/WARN]: Unable to play unknown soundEvent: minecraft:random.bow
[13:30:15] [Client thread/WARN]: Unable to play unknown soundEvent: minecraft:mob.zombiepig.zpigangry
[13:30:15] [Client thread/WARN]: Unable to play unknown soundEvent: minecraft:random.bowhit
[13:30:15] [Client thread/WARN]: Unable to play unknown soundEvent: minecraft:random.bowhit
[13:30:15] [Client thread/WARN]: Unable to play unknown soundEvent: minecraft:random.bow
[13:30:15] [Client thread/WARN]: Unable to play unknown soundEvent: minecraft:random.bowhit
[13:30:15] [Client thread/WARN]: Unable to play unknown soundEvent: minecraft:random.bow
[13:30:15] [Client thread/WARN]: Unable to play unknown soundEvent: minecraft:random.bowhit
[13:30:15] [Client thread/WARN]: Unable to play unknown soundEvent: minecraft:random.bow
[13:30:15] [Client thread/WARN]: Unable to play unknown soundEvent: minecraft:random.bowhit
[13:30:15] [Client thread/WARN]: Unable to play unknown soundEvent: minecraft:random.bowhit
[13:30:15] [Client thread/WARN]: Unable to play unknown soundEvent: minecraft:random.bow
[13:30:15] [Client thread/WARN]: Unable to play unknown soundEvent: minecraft:random.bowhit
[13:30:15] [Client thread/WARN]: Unable to play unknown soundEvent: minecraft:mob.zombiepig.zpigdeath
[13:30:15] [Client thread/WARN]: Unable to play unknown soundEvent: minecraft:random.bowhit
[13:30:15] [Client thread/WARN]: Unable to play unknown soundEvent: minecraft:random.bow
[13:30:15] [Client thread/WARN]: Unable to play unknown soundEvent: minecraft:random.bow
[13:30:15] [Client thread/WARN]: Unable to play unknown soundEvent: minecraft:random.bow
[13:30:15] [Client thread/WARN]: Unable to play unknown soundEvent: minecraft:mob.zombiepig.zpighurt
[13:30:15] [Client thread/WARN]: Unable to play unknown soundEvent: minecraft:random.bowhit
[13:30:15] [Client thread/WARN]: Unable to play unknown soundEvent: minecraft:random.bow
[13:30:15] [Client thread/WARN]: Unable to play unknown soundEvent: minecraft:random.bowhit
[13:30:15] [Client thread/WARN]: Unable to play unknown soundEvent: minecraft:random.bow
[13:30:15] [Client thread/WARN]: Unable to play unknown soundEvent: minecraft:random.bowhit
[13:30:15] [Client thread/WARN]: Unable to play unknown soundEvent: minecraft:random.bowhit
[13:30:15] [Client thread/WARN]: Unable to play unknown soundEvent: minecraft:random.bow
[13:30:15] [Client thread/WARN]: Unable to play unknown soundEvent: minecraft:random.bowhit
[13:30:15] [Client thread/WARN]: Unable to play unknown soundEvent: minecraft:random.bowhit
[13:30:15] [Client thread/WARN]: Unable to play unknown soundEvent: minecraft:random.bowhit
[13:30:15] [Client thread/WARN]: Unable to play unknown soundEvent: minecraft:random.bow
[13:30:15] [Client thread/WARN]: Unable to play unknown soundEvent: minecraft:random.bowhit
[13:30:15] [Client thread/WARN]: Unable to play unknown soundEvent: minecraft:random.bowhit
[13:30:15] [Client thread/WARN]: Unable to play unknown soundEvent: minecraft:random.bowhit
[13:30:15] [Client thread/WARN]: Unable to play unknown soundEvent: minecraft:random.orb
[13:30:15] [Client thread/WARN]: Unable to play unknown soundEvent: minecraft:random.bow
[13:30:15] [Client thread/WARN]: Unable to play unknown soundEvent: minecraft:random.bowhit
[13:30:15] [Client thread/WARN]: Unable to play unknown soundEvent: minecraft:random.bowhit
[13:30:15] [Client thread/WARN]: Unable to play unknown soundEvent: minecraft:random.bow
[13:30:15] [Client thread/WARN]: Unable to play unknown soundEvent: minecraft:random.bow
[13:30:15] [Client thread/WARN]: Unable to play unknown soundEvent: minecraft:random.bowhit
[13:30:15] [Client thread/WARN]: Unable to play unknown soundEvent: minecraft:random.bow
[13:30:16] [Client thread/WARN]: Unable to play unknown soundEvent: minecraft:random.bow
[13:30:16] [Client thread/WARN]: Unable to play unknown soundEvent: minecraft:mob.zombie.step
[13:30:16] [Client thread/WARN]: Unable to play unknown soundEvent: minecraft:mob.zombie.step
[13:30:16] [Client thread/WARN]: Unable to play unknown soundEvent: minecraft:random.bowhit
[13:30:16] [Client thread/WARN]: Unable to play unknown soundEvent: minecraft:random.bow
[13:30:16] [Client thread/WARN]: Unable to play unknown soundEvent: minecraft:mob.zombiepig.zpigdeath
[13:30:16] [Client thread/WARN]: Unable to play unknown soundEvent: minecraft:random.bowhit
[13:30:16] [Client thread/WARN]: Unable to play unknown soundEvent: minecraft:random.bow
[13:30:16] [Client thread/WARN]: Unable to play unknown soundEvent: minecraft:random.bow
[13:30:16] [Client thread/WARN]: Unable to play unknown soundEvent: minecraft:random.bow
[13:30:16] [Client thread/WARN]: Unable to play unknown soundEvent: minecraft:random.orb
[13:30:16] [Client thread/WARN]: Unable to play unknown soundEvent: minecraft:random.bow
[13:30:16] [Client thread/WARN]: Unable to play unknown soundEvent: minecraft:random.bowhit
[13:30:16] [Client thread/WARN]: Unable to play unknown soundEvent: minecraft:random.bow
[13:30:16] [Client thread/WARN]: Unable to play unknown soundEvent: minecraft:random.bowhit
[13:30:16] [Client thread/WARN]: Unable to play unknown soundEvent: minecraft:random.bow
[13:30:16] [Client thread/WARN]: Unable to play unknown soundEvent: minecraft:random.bowhit
[13:30:16] [Client thread/WARN]: Unable to play unknown soundEvent: minecraft:random.bowhit
[13:30:16] [Client thread/WARN]: Unable to play unknown soundEvent: minecraft:random.pop
[13:30:16] [Client thread/WARN]: Unable to play unknown soundEvent: minecraft:random.bow
[13:30:16] [Client thread/WARN]: Unable to play unknown soundEvent: minecraft:random.bowhit
[13:30:16] [Client thread/WARN]: Unable to play unknown soundEvent: minecraft:random.bow
[13:30:16] [Client thread/WARN]: Unable to play unknown soundEvent: minecraft:random.bowhit
[13:30:16] [Client thread/WARN]: Unable to play unknown soundEvent: minecraft:random.bowhit
[13:30:16] [Client thread/WARN]: Unable to play unknown soundEvent: minecraft:random.bow
[13:30:16] [Client thread/WARN]: Unable to play unknown soundEvent: minecraft:random.bowhit
[13:30:16] [Client thread/WARN]: Unable to play unknown soundEvent: minecraft:random.bowhit
[13:30:16] [Client thread/WARN]: Unable to play unknown soundEvent: minecraft:random.bow
[13:30:16] [Client thread/WARN]: Unable to play unknown soundEvent: minecraft:mob.zombie.step
[13:30:16] [Client thread/WARN]: Unable to play unknown soundEvent: minecraft:random.bowhit
[13:30:16] [Client thread/WARN]: Unable to play unknown soundEvent: minecraft:random.bow
[13:30:16] [Client thread/WARN]: Unable to play unknown soundEvent: minecraft:random.bowhit
[13:30:16] [Client thread/WARN]: Unable to play unknown soundEvent: minecraft:random.bowhit
[13:30:16] [Client thread/WARN]: Unable to play unknown soundEvent: minecraft:random.bow
[13:30:16] [Client thread/WARN]: Unable to play unknown soundEvent: minecraft:random.bowhit
[13:30:16] [Client thread/WARN]: Unable to play unknown soundEvent: minecraft:random.bow
[13:30:16] [Client thread/WARN]: Unable to play unknown soundEvent: minecraft:random.bowhit
[13:30:16] [Client thread/WARN]: Unable to play unknown soundEvent: minecraft:random.bow
[13:30:16] [Client thread/WARN]: Unable to play unknown soundEvent: minecraft:random.bowhit
[13:30:16] [Client thread/WARN]: Unable to play unknown soundEvent: minecraft:random.bow
[13:30:16] [Client thread/WARN]: Unable to play unknown soundEvent: minecraft:random.bowhit
[13:30:16] [Client thread/WARN]: Unable to play unknown soundEvent: minecraft:random.bow
[13:30:16] [Client thread/WARN]: Unable to play unknown soundEvent: minecraft:random.bowhit
[13:30:16] [Client thread/WARN]: Unable to play unknown soundEvent: minecraft:random.bow
[13:30:16] [Client thread/WARN]: Unable to play unknown soundEvent: minecraft:random.bowhit
[13:30:16] [Client thread/WARN]: Unable to play unknown soundEvent: minecraft:random.bow
[13:30:16] [Client thread/WARN]: Unable to play unknown soundEvent: minecraft:random.bowhit
[13:30:17] [Client thread/WARN]: Unable to play unknown soundEvent: minecraft:random.bow
[13:30:17] [Client thread/WARN]: Unable to play unknown soundEvent: minecraft:random.bowhit
[13:30:17] [Client thread/WARN]: Unable to play unknown soundEvent: minecraft:random.bow
[13:30:17] [Client thread/WARN]: Unable to play unknown soundEvent: minecraft:random.bowhit
[13:30:17] [Client thread/WARN]: Unable to play unknown soundEvent: minecraft:random.bow
[13:30:17] [Client thread/WARN]: Unable to play unknown soundEvent: minecraft:random.bowhit
[13:30:17] [Client thread/WARN]: Unable to play unknown soundEvent: minecraft:random.bow
[13:30:17] [Client thread/WARN]: Unable to play unknown soundEvent: minecraft:random.bowhit
[13:30:17] [Client thread/WARN]: Unable to play unknown soundEvent: minecraft:random.bow
[13:30:17] [Client thread/WARN]: Unable to play unknown soundEvent: minecraft:random.bowhit
[13:30:17] [Client thread/WARN]: Unable to play unknown soundEvent: minecraft:random.bowhit
[13:30:17] [Client thread/WARN]: Unable to play unknown soundEvent: minecraft:random.bowhit
[13:30:17] [Client thread/WARN]: Unable to play unknown soundEvent: minecraft:random.bowhit
[13:30:17] [Client thread/WARN]: Unable to play unknown soundEvent: minecraft:step.sand
[13:30:17] [Client thread/WARN]: Unable to play unknown soundEvent: minecraft:random.pop
[13:30:17] [Client thread/WARN]: Unable to play unknown soundEvent: minecraft:random.pop
[13:30:17] [Client thread/WARN]: Unable to play unknown soundEvent: minecraft:random.pop
[13:30:17] [Client thread/WARN]: Unable to play unknown soundEvent: minecraft:random.pop
[13:30:17] [Client thread/WARN]: Unable to play unknown soundEvent: minecraft:random.pop
[13:30:17] [Client thread/WARN]: Unable to play unknown soundEvent: minecraft:random.pop
[13:30:17] [Client thread/WARN]: Unable to play unknown soundEvent: minecraft:random.pop
[13:30:17] [Client thread/WARN]: Unable to play unknown soundEvent: minecraft:random.pop
[13:30:17] [Client thread/WARN]: Unable to play unknown soundEvent: minecraft:random.pop
[13:30:17] [Client thread/WARN]: Unable to play unknown soundEvent: minecraft:random.pop
[13:30:17] [Client thread/WARN]: Unable to play unknown soundEvent: minecraft:random.pop
[13:30:17] [Client thread/WARN]: Unable to play unknown soundEvent: minecraft:random.pop
[13:30:17] [Client thread/WARN]: Unable to play unknown soundEvent: minecraft:random.pop
[13:30:18] [Client thread/WARN]: Unable to play unknown soundEvent: minecraft:step.sand
[13:30:18] [Client thread/WARN]: Unable to play unknown soundEvent: minecraft:step.sand
[13:30:19] [Client thread/WARN]: Unable to play unknown soundEvent: minecraft:random.pop
[13:30:19] [Client thread/WARN]: Unable to play unknown soundEvent: minecraft:random.pop
[13:30:19] [Client thread/WARN]: Unable to play unknown soundEvent: minecraft:random.pop
[13:30:19] [Client thread/WARN]: Unable to play unknown soundEvent: minecraft:random.pop
[13:30:19] [Client thread/WARN]: Unable to play unknown soundEvent: minecraft:random.pop
[13:30:19] [Client thread/WARN]: Unable to play unknown soundEvent: minecraft:step.sand
[13:30:19] [Client thread/WARN]: Unable to play unknown soundEvent: minecraft:random.pop
[13:30:19] [Client thread/WARN]: Unable to play unknown soundEvent: minecraft:random.orb
[13:30:20] [Client thread/WARN]: Unable to play unknown soundEvent: minecraft:random.pop
[13:30:20] [Client thread/WARN]: Unable to play unknown soundEvent: minecraft:random.pop
[13:30:20] [Client thread/WARN]: Unable to play unknown soundEvent: minecraft:random.pop
[13:30:20] [Client thread/WARN]: Unable to play unknown soundEvent: minecraft:random.pop
[13:30:20] [Client thread/WARN]: Unable to play unknown soundEvent: minecraft:random.pop
[13:30:20] [Client thread/WARN]: Unable to play unknown soundEvent: minecraft:random.pop
[13:30:20] [Client thread/WARN]: Unable to play unknown soundEvent: minecraft:random.orb
[13:30:20] [Client thread/WARN]: Unable to play unknown soundEvent: minecraft:step.sand
[13:30:21] [Client thread/WARN]: Unable to play unknown soundEvent: minecraft:random.pop
[13:30:21] [Client thread/WARN]: Unable to play unknown soundEvent: minecraft:random.pop
[13:30:22] [Client thread/WARN]: Unable to play unknown soundEvent: minecraft:step.sand
[13:30:22] [Client thread/WARN]: Unable to play unknown soundEvent: minecraft:random.orb
[13:30:22] [Client thread/WARN]: Unable to play unknown soundEvent: minecraft:step.sand
[13:30:23] [Client thread/WARN]: Unable to play unknown soundEvent: minecraft:minecart.base
[13:30:24] [Client thread/WARN]: Unable to play unknown soundEvent: minecraft:random.orb
[13:30:24] [Client thread/WARN]: Unable to play unknown soundEvent: minecraft:step.sand
[13:30:24] [Client thread/WARN]: Unable to play unknown soundEvent: minecraft:minecart.base
[13:30:24] [Client thread/WARN]: Unable to play unknown soundEvent: minecraft:step.sand
[13:30:25] [Client thread/WARN]: Unable to play unknown soundEvent: minecraft:minecart.base
[13:30:25] [Client thread/WARN]: Unable to play unknown soundEvent: minecraft:step.sand
[13:30:26] [Client thread/WARN]: Unable to play unknown soundEvent: minecraft:step.sand
[13:30:26] [Client thread/WARN]: Unable to play unknown soundEvent: minecraft:step.sand
[13:30:27] [Client thread/WARN]: Unable to play unknown soundEvent: minecraft:minecart.base
[13:30:32] [Client thread/WARN]: Unable to play unknown soundEvent: minecraft:dig.grass
[13:30:35] [Client thread/WARN]: Unable to play unknown soundEvent: minecraft:dig.grass
[13:30:36] [Client thread/WARN]: Unable to play unknown soundEvent: minecraft:dig.grass
[13:30:39] [Client thread/WARN]: Unable to play unknown soundEvent: minecraft:dig.grass
[13:30:40] [Client thread/WARN]: Unable to play unknown soundEvent: minecraft:step.stone
[13:30:41] [Client thread/WARN]: Unable to play unknown soundEvent: minecraft:dig.grass
[13:30:41] [Client thread/WARN]: Unable to play unknown soundEvent: minecraft:mob.villager.idle
[13:30:41] [Client thread/WARN]: Unable to play unknown soundEvent: minecraft:step.stone
[13:30:42] [Client thread/WARN]: Unable to play unknown soundEvent: minecraft:step.sand
[13:30:42] [Client thread/WARN]: Unable to play unknown soundEvent: minecraft:step.sand
[13:30:42] [Client thread/WARN]: Unable to play unknown soundEvent: minecraft:mob.villager.hit
[13:30:43] [Client thread/WARN]: Unable to play unknown soundEvent: minecraft:step.sand
[13:30:43] [Client thread/WARN]: Unable to play unknown soundEvent: minecraft:step.sand
[13:30:43] [Client thread/WARN]: Unable to play unknown soundEvent: minecraft:step.sand
[13:30:44] [Client thread/WARN]: Unable to play unknown soundEvent: minecraft:dig.grass
[13:30:44] [Client thread/WARN]: Unable to play unknown soundEvent: minecraft:step.sand
[13:30:44] [Client thread/WARN]: Unable to play unknown soundEvent: minecraft:step.sand
[13:30:44] [Client thread/WARN]: Unable to play unknown soundEvent: minecraft:dig.grass
[13:30:44] [Client thread/WARN]: Unable to play unknown soundEvent: minecraft:step.gravel
[13:30:44] [Client thread/WARN]: Unable to play unknown soundEvent: minecraft:random.pop
[13:30:44] [Client thread/WARN]: Unable to play unknown soundEvent: minecraft:step.sand
[13:30:45] [Client thread/WARN]: Unable to play unknown soundEvent: minecraft:step.sand
[13:30:45] [Client thread/WARN]: Unable to play unknown soundEvent: minecraft:step.sand
[13:30:46] [Client thread/WARN]: Unable to play unknown soundEvent: minecraft:mob.villager.idle
[13:30:46] [Client thread/WARN]: Unable to play unknown soundEvent: minecraft:step.sand
[13:30:46] [Client thread/WARN]: Unable to play unknown soundEvent: minecraft:mob.villager.idle
[13:30:47] [Client thread/WARN]: Unable to play unknown soundEvent: minecraft:step.sand
[13:30:47] [Client thread/WARN]: Unable to play unknown soundEvent: minecraft:mob.villager.death
[13:30:47] [Client thread/WARN]: Unable to play unknown soundEvent: minecraft:step.sand
[13:30:48] [Client thread/WARN]: Unable to play unknown soundEvent: minecraft:step.sand
[13:30:48] [Client thread/WARN]: Unable to play unknown soundEvent: minecraft:dig.grass
[13:30:48] [Client thread/WARN]: Unable to play unknown soundEvent: minecraft:step.sand
[13:30:48] [Client thread/WARN]: Unable to play unknown soundEvent: minecraft:dig.grass
[13:30:48] [Client thread/WARN]: Unable to play unknown soundEvent: minecraft:step.sand
[13:30:49] [Client thread/WARN]: Unable to play unknown soundEvent: minecraft:step.sand
[13:30:49] [Client thread/WARN]: Unable to play unknown soundEvent: minecraft:mob.villager.hit
[13:30:49] [Client thread/WARN]: Unable to play unknown soundEvent: minecraft:step.grass
[13:30:49] [Client thread/WARN]: Unable to play unknown soundEvent: minecraft:step.sand
[13:30:49] [Client thread/WARN]: Unable to play unknown soundEvent: minecraft:step.sand
[13:30:50] [Client thread/WARN]: Unable to play unknown soundEvent: minecraft:random.pop
[13:30:50] [Client thread/WARN]: Unable to play unknown soundEvent: minecraft:random.pop
[13:30:50] [Client thread/WARN]: Unable to play unknown soundEvent: minecraft:mob.villager.death
[13:30:50] [Client thread/WARN]: Unable to play unknown soundEvent: minecraft:step.sand
[13:30:50] [Client thread/WARN]: Unable to play unknown soundEvent: minecraft:random.pop
[13:30:50] [Client thread/WARN]: Unable to play unknown soundEvent: minecraft:step.stone
[13:30:50] [Client thread/WARN]: Unable to play unknown soundEvent: minecraft:step.sand
[13:30:51] [Client thread/WARN]: Unable to play unknown soundEvent: minecraft:random.pop
[13:30:51] [Client thread/WARN]: Unable to play unknown soundEvent: minecraft:random.pop
[13:30:51] [Client thread/WARN]: Unable to play unknown soundEvent: minecraft:step.sand
[13:30:51] [Client thread/WARN]: Unable to play unknown soundEvent: minecraft:random.pop
[13:30:51] [Client thread/WARN]: Unable to play unknown soundEvent: minecraft:random.pop
[13:30:51] [Client thread/WARN]: Unable to play unknown soundEvent: minecraft:random.pop
[13:30:51] [Client thread/WARN]: Unable to play unknown soundEvent: minecraft:random.pop
[13:30:51] [Client thread/WARN]: Unable to play unknown soundEvent: minecraft:random.pop
[13:30:51] [Client thread/WARN]: Unable to play unknown soundEvent: minecraft:random.pop
[13:30:51] [Client thread/WARN]: Unable to play unknown soundEvent: minecraft:step.stone
[13:30:52] [Client thread/WARN]: Unable to play unknown soundEvent: minecraft:step.stone
[13:30:52] [Client thread/WARN]: Unable to play unknown soundEvent: minecraft:random.pop
[13:30:52] [Client thread/WARN]: Unable to play unknown soundEvent: minecraft:random.pop
[13:30:52] [Client thread/WARN]: Unable to play unknown soundEvent: minecraft:step.sand
[13:30:53] [Client thread/WARN]: Unable to play unknown soundEvent: minecraft:step.sand
[13:30:53] [Client thread/WARN]: Unable to play unknown soundEvent: minecraft:step.sand
[13:30:53] [Client thread/WARN]: Unable to play unknown soundEvent: minecraft:random.pop
[13:30:54] [Client thread/WARN]: Unable to play unknown soundEvent: minecraft:random.pop
[13:30:54] [Client thread/WARN]: Unable to play unknown soundEvent: minecraft:dig.grass
[13:30:54] [Client thread/WARN]: Unable to play unknown soundEvent: minecraft:step.sand
[13:30:54] [Client thread/WARN]: Unable to play unknown soundEvent: minecraft:random.pop
[13:30:54] [Client thread/WARN]: Unable to play unknown soundEvent: minecraft:random.pop
[13:30:54] [Client thread/WARN]: Unable to play unknown soundEvent: minecraft:random.pop
[13:30:54] [Client thread/WARN]: Unable to play unknown soundEvent: minecraft:random.pop
[13:30:54] [Client thread/WARN]: Unable to play unknown soundEvent: minecraft:step.sand
[13:30:55] [Client thread/WARN]: Unable to play unknown soundEvent: minecraft:random.pop
[13:30:55] [Client thread/WARN]: Unable to play unknown soundEvent: minecraft:random.pop
[13:30:55] [Client thread/WARN]: Unable to play unknown soundEvent: minecraft:random.pop
[13:30:55] [Client thread/WARN]: Unable to play unknown soundEvent: minecraft:step.sand
[13:30:55] [Client thread/WARN]: Unable to play unknown soundEvent: minecraft:step.sand
[13:30:56] [Client thread/WARN]: Unable to play unknown soundEvent: minecraft:step.sand
[13:30:56] [Client thread/WARN]: Unable to play unknown soundEvent: minecraft:step.sand
[13:30:56] [Client thread/WARN]: Unable to play unknown soundEvent: minecraft:random.pop
[13:30:56] [Client thread/WARN]: Unable to play unknown soundEvent: minecraft:random.pop
[13:30:56] [Client thread/WARN]: Unable to play unknown soundEvent: minecraft:random.pop
[13:30:56] [Client thread/WARN]: Unable to play unknown soundEvent: minecraft:random.pop
[13:30:56] [Client thread/WARN]: Unable to play unknown soundEvent: minecraft:random.pop
[13:30:56] [Client thread/WARN]: Unable to play unknown soundEvent: minecraft:random.pop
[13:30:57] [Client thread/WARN]: Unable to play unknown soundEvent: minecraft:random.pop
[13:30:57] [Client thread/WARN]: Unable to play unknown soundEvent: minecraft:random.pop
[13:30:57] [Client thread/WARN]: Unable to play unknown soundEvent: minecraft:random.pop
[13:30:57] [Client thread/WARN]: Unable to play unknown soundEvent: minecraft:random.pop
[13:30:57] [Client thread/WARN]: Unable to play unknown soundEvent: minecraft:random.pop
[13:30:57] [Client thread/WARN]: Unable to play unknown soundEvent: minecraft:random.pop
[13:30:57] [Client thread/WARN]: Unable to play unknown soundEvent: minecraft:random.pop
[13:30:57] [Client thread/WARN]: Unable to play unknown soundEvent: minecraft:random.pop
[13:30:57] [Client thread/WARN]: Unable to play unknown soundEvent: minecraft:random.pop
[13:30:57] [Client thread/WARN]: Unable to play unknown soundEvent: minecraft:random.pop
[13:30:57] [Client thread/WARN]: Unable to play unknown soundEvent: minecraft:step.sand
[13:30:57] [Client thread/WARN]: Unable to play unknown soundEvent: minecraft:random.pop
[13:30:57] [Client thread/WARN]: Unable to play unknown soundEvent: minecraft:random.pop
[13:30:57] [Client thread/WARN]: Unable to play unknown soundEvent: minecraft:random.pop
[13:30:57] [Client thread/WARN]: Unable to play unknown soundEvent: minecraft:step.sand
[13:30:57] [Client thread/WARN]: Unable to play unknown soundEvent: minecraft:random.pop
[13:30:57] [Client thread/WARN]: Unable to play unknown soundEvent: minecraft:random.pop
[13:30:57] [Client thread/WARN]: Unable to play unknown soundEvent: minecraft:random.pop
[13:30:57] [Client thread/WARN]: Unable to play unknown soundEvent: minecraft:random.pop
[13:30:57] [Client thread/WARN]: Unable to play unknown soundEvent: minecraft:step.sand
[13:30:58] [Client thread/WARN]: Unable to play unknown soundEvent: minecraft:dig.grass
[13:30:58] [Client thread/WARN]: Unable to play unknown soundEvent: minecraft:step.sand
[13:30:58] [Client thread/WARN]: Unable to play unknown soundEvent: minecraft:step.sand
[13:30:58] [Client thread/WARN]: Unable to play unknown soundEvent: minecraft:random.pop
[13:30:58] [Client thread/WARN]: Unable to play unknown soundEvent: minecraft:random.pop
[13:30:58] [Client thread/WARN]: Unable to play unknown soundEvent: minecraft:random.pop
[13:30:58] [Client thread/WARN]: Unable to play unknown soundEvent: minecraft:random.pop
[13:30:58] [Client thread/WARN]: Unable to play unknown soundEvent: minecraft:random.pop
[13:30:58] [Client thread/WARN]: Unable to play unknown soundEvent: minecraft:random.pop
[13:30:58] [Client thread/WARN]: Unable to play unknown soundEvent: minecraft:step.sand
[13:30:58] [Client thread/WARN]: Unable to play unknown soundEvent: minecraft:random.pop
[13:30:58] [Client thread/WARN]: Unable to play unknown soundEvent: minecraft:random.pop
[13:30:58] [Client thread/WARN]: Unable to play unknown soundEvent: minecraft:random.pop
[13:30:58] [Client thread/WARN]: Unable to play unknown soundEvent: minecraft:random.pop
[13:30:59] [Client thread/WARN]: Unable to play unknown soundEvent: minecraft:random.pop
[13:30:59] [Client thread/WARN]: Unable to play unknown soundEvent: minecraft:random.pop
[13:30:59] [Client thread/WARN]: Unable to play unknown soundEvent: minecraft:step.sand
[13:31:00] [Client thread/WARN]: Unable to play unknown soundEvent: minecraft:step.sand
[13:31:00] [Client thread/WARN]: Unable to play unknown soundEvent: minecraft:step.grass
[13:31:00] [Client thread/WARN]: Unable to play unknown soundEvent: minecraft:random.pop
[13:31:00] [Client thread/WARN]: Unable to play unknown soundEvent: minecraft:random.pop
[13:31:01] [Client thread/WARN]: Unable to play unknown soundEvent: minecraft:minecart.base
[13:31:01] [Client thread/WARN]: Unable to play unknown soundEvent: minecraft:dig.grass
[13:31:01] [Client thread/WARN]: Unable to play unknown soundEvent: minecraft:step.sand
[13:31:02] [Client thread/WARN]: Unable to play unknown soundEvent: minecraft:mob.zombiepig.zpig
[13:31:02] [Client thread/WARN]: Unable to play unknown soundEvent: minecraft:step.sand
[13:31:03] [Client thread/WARN]: Unable to play unknown soundEvent: minecraft:step.sand
[13:31:03] [Client thread/WARN]: Unable to play unknown soundEvent: minecraft:mob.zombiepig.zpighurt
[13:31:03] [Client thread/WARN]: Unable to play unknown soundEvent: minecraft:mob.zombiepig.zpigangry
[13:31:03] [Client thread/WARN]: Unable to play unknown soundEvent: minecraft:step.sand
[13:31:04] [Client thread/WARN]: Unable to play unknown soundEvent: minecraft:mob.zombiepig.zpig
[13:31:04] [Client thread/WARN]: Unable to play unknown soundEvent: minecraft:mob.zombie.step
[13:31:04] [Client thread/WARN]: Unable to play unknown soundEvent: minecraft:mob.zombie.step
[13:31:04] [Client thread/WARN]: Unable to play unknown soundEvent: minecraft:step.sand
[13:31:04] [Client thread/WARN]: Unable to play unknown soundEvent: minecraft:dig.grass
[13:31:05] [Client thread/WARN]: Unable to play unknown soundEvent: minecraft:step.stone
[13:31:05] [Client thread/WARN]: Unable to play unknown soundEvent: minecraft:liquid.water
[13:31:06] [Client thread/WARN]: Unable to play unknown soundEvent: minecraft:mob.zombiepig.zpighurt
[13:31:06] [Client thread/WARN]: Unable to play unknown soundEvent: minecraft:mob.zombie.step
[13:31:06] [Client thread/WARN]: Unable to play unknown soundEvent: minecraft:step.stone
[13:31:07] [Client thread/WARN]: Unable to play unknown soundEvent: minecraft:mob.zombiepig.zpigdeath
[13:31:07] [Client thread/WARN]: Unable to play unknown soundEvent: minecraft:mob.zombie.step
[13:31:07] [Client thread/WARN]: Unable to play unknown soundEvent: minecraft:random.pop
[13:31:08] [Client thread/WARN]: Unable to play unknown soundEvent: minecraft:dig.grass
[13:31:08] [Client thread/WARN]: Unable to play unknown soundEvent: minecraft:random.orb
[13:31:08] [Client thread/WARN]: Unable to play unknown soundEvent: minecraft:step.sand
[13:31:08] [Client thread/WARN]: Unable to play unknown soundEvent: minecraft:random.orb
[13:31:09] [Client thread/WARN]: Unable to play unknown soundEvent: minecraft:step.stone
[13:31:09] [Client thread/WARN]: Unable to play unknown soundEvent: minecraft:step.stone
[13:31:09] [Client thread/WARN]: Unable to play unknown soundEvent: minecraft:step.stone
[13:31:10] [Client thread/WARN]: Unable to play unknown soundEvent: minecraft:step.stone
[13:31:10] [Client thread/WARN]: Unable to play unknown soundEvent: minecraft:step.sand
[13:31:10] [Client thread/WARN]: Unable to play unknown soundEvent: minecraft:mob.zombiepig.zpig
[13:31:11] [Client thread/WARN]: Unable to play unknown soundEvent: minecraft:mob.zombiepig.zpig
[13:31:11] [Client thread/WARN]: Unable to play unknown soundEvent: minecraft:step.sand
[13:31:12] [Client thread/WARN]: Unable to play unknown soundEvent: minecraft:step.stone
[13:31:12] [Client thread/WARN]: Unable to play unknown soundEvent: minecraft:mob.zombiepig.zpighurt
[13:31:12] [Client thread/WARN]: Unable to play unknown soundEvent: minecraft:dig.grass
[13:31:13] [Client thread/WARN]: Unable to play unknown soundEvent: minecraft:mob.zombie.step
[13:31:13] [Client thread/WARN]: Unable to play unknown soundEvent: minecraft:mob.zombie.step
[13:31:13] [Client thread/WARN]: Unable to play unknown soundEvent: minecraft:mob.zombiepig.zpigangry
[13:31:13] [Client thread/WARN]: Unable to play unknown soundEvent: minecraft:step.stone
[13:31:13] [Client thread/WARN]: Unable to play unknown soundEvent: minecraft:step.stone
[13:31:14] [Client thread/WARN]: Unable to play unknown soundEvent: minecraft:liquid.water
[13:31:14] [Client thread/WARN]: Unable to play unknown soundEvent: minecraft:mob.zombiepig.zpighurt
[13:31:14] [Client thread/WARN]: Unable to play unknown soundEvent: minecraft:step.sand
[13:31:14] [Client thread/WARN]: Unable to play unknown soundEvent: minecraft:mob.zombie.step
[13:31:15] [Client thread/WARN]: Unable to play unknown soundEvent: minecraft:step.sand
[13:31:16] [Client thread/WARN]: Unable to play unknown soundEvent: minecraft:mob.zombiepig.zpigangry
[13:31:16] [Client thread/WARN]: Unable to play unknown soundEvent: minecraft:mob.zombiepig.zpigdeath
[13:31:16] [Client thread/WARN]: Unable to play unknown soundEvent: minecraft:dig.grass
[13:31:16] [Client thread/WARN]: Unable to play unknown soundEvent: minecraft:mob.zombie.step
[13:31:16] [Client thread/WARN]: Unable to play unknown soundEvent: minecraft:mob.bat.takeoff
[13:31:17] [Client thread/WARN]: Unable to play unknown soundEvent: minecraft:step.sand
[13:31:17] [Client thread/WARN]: Unable to play unknown soundEvent: minecraft:step.stone
[13:31:17] [Client thread/WARN]: Unable to play unknown soundEvent: minecraft:step.stone
[13:31:18] [Client thread/WARN]: Unable to play unknown soundEvent: minecraft:step.stone
[13:31:18] [Client thread/WARN]: Unable to play unknown soundEvent: minecraft:step.stone
[13:31:19] [Client thread/WARN]: Unable to play unknown soundEvent: minecraft:step.stone
[13:31:19] [Client thread/WARN]: Unable to play unknown soundEvent: minecraft:step.stone
[13:31:19] [Client thread/WARN]: Unable to play unknown soundEvent: minecraft:step.sand
[13:31:19] [Client thread/WARN]: Unable to play unknown soundEvent: minecraft:step.sand
[13:31:19] [Client thread/WARN]: Unable to play unknown soundEvent: minecraft:step.stone
[13:31:19] [Client thread/WARN]: Unable to play unknown soundEvent: minecraft:dig.grass
[13:31:20] [Client thread/WARN]: Unable to play unknown soundEvent: minecraft:step.sand
[13:31:20] [Client thread/WARN]: Unable to play unknown soundEvent: minecraft:mob.villager.idle
[13:31:20] [Client thread/WARN]: Unable to play unknown soundEvent: minecraft:step.stone
[13:31:20] [Client thread/WARN]: Unable to play unknown soundEvent: minecraft:step.stone
[13:31:21] [Client thread/WARN]: Unable to play unknown soundEvent: minecraft:mob.villager.idle
[13:31:21] [Client thread/WARN]: Unable to play unknown soundEvent: minecraft:step.stone
[13:31:21] [Client thread/WARN]: Unable to play unknown soundEvent: minecraft:step.stone
[13:31:21] [Client thread/WARN]: Unable to play unknown soundEvent: minecraft:mob.villager.hit
[13:31:22] [Client thread/WARN]: Unable to play unknown soundEvent: minecraft:mob.villager.idle
[13:31:22] [Client thread/WARN]: Unable to play unknown soundEvent: minecraft:step.stone
[13:31:22] [Client thread/WARN]: Unable to play unknown soundEvent: minecraft:step.stone
[13:31:23] [Client thread/WARN]: Unable to play unknown soundEvent: minecraft:step.stone
[13:31:23] [Client thread/WARN]: Unable to play unknown soundEvent: minecraft:step.stone
[13:31:23] [Client thread/WARN]: Unable to play unknown soundEvent: minecraft:mob.villager.hit
[13:31:23] [Client thread/WARN]: Unable to play unknown soundEvent: minecraft:step.stone
[13:31:24] [Client thread/WARN]: Unable to play unknown soundEvent: minecraft:step.sand
[13:31:24] [Client thread/WARN]: Unable to play unknown soundEvent: minecraft:step.sand
[13:31:24] [Client thread/WARN]: Unable to play unknown soundEvent: minecraft:step.stone
[13:31:24] [Client thread/WARN]: Unable to play unknown soundEvent: minecraft:mob.villager.death
[13:31:24] [Client thread/WARN]: Unable to play unknown soundEvent: minecraft:dig.grass
[13:31:24] [Client thread/WARN]: Unable to play unknown soundEvent: minecraft:step.sand
[13:31:25] [Client thread/WARN]: Unable to play unknown soundEvent: minecraft:step.sand
[13:31:25] [Client thread/WARN]: Unable to play unknown soundEvent: minecraft:step.stone
[13:31:25] [Client thread/WARN]: Unable to play unknown soundEvent: minecraft:step.stone
[13:31:25] [Client thread/WARN]: Unable to play unknown soundEvent: minecraft:step.sand
[13:31:26] [Client thread/WARN]: Unable to play unknown soundEvent: minecraft:step.stone
[13:31:26] [Client thread/WARN]: Unable to play unknown soundEvent: minecraft:mob.villager.hit
[13:31:26] [Client thread/WARN]: Unable to play unknown soundEvent: minecraft:step.sand
[13:31:26] [Client thread/WARN]: Unable to play unknown soundEvent: minecraft:mob.villager.idle
[13:31:26] [Client thread/WARN]: Unable to play unknown soundEvent: minecraft:step.sand
[13:31:26] [Client thread/WARN]: Unable to play unknown soundEvent: minecraft:step.stone
[13:31:27] [Client thread/WARN]: Unable to play unknown soundEvent: minecraft:mob.villager.idle
[13:31:27] [Client thread/WARN]: Unable to play unknown soundEvent: minecraft:step.sand
[13:31:27] [Client thread/WARN]: Unable to play unknown soundEvent: minecraft:step.stone
[13:31:27] [Client thread/WARN]: Unable to play unknown soundEvent: minecraft:step.stone
[13:31:28] [Client thread/WARN]: Unable to play unknown soundEvent: minecraft:step.stone
[13:31:28] [Client thread/WARN]: Unable to play unknown soundEvent: minecraft:mob.villager.hit
[13:31:28] [Client thread/WARN]: Unable to play unknown soundEvent: minecraft:step.sand
[13:31:28] [Client thread/WARN]: Unable to play unknown soundEvent: minecraft:step.sand
[13:31:29] [Client thread/WARN]: Unable to play unknown soundEvent: minecraft:step.stone
[13:31:29] [Client thread/WARN]: Unable to play unknown soundEvent: minecraft:step.sand
[13:31:29] [Client thread/WARN]: Unable to play unknown soundEvent: minecraft:step.sand
[13:31:30] [Client thread/WARN]: Unable to play unknown soundEvent: minecraft:mob.villager.death
[13:31:31] [Client thread/WARN]: Unable to play unknown soundEvent: minecraft:step.sand
[13:31:32] [Client thread/WARN]: Unable to play unknown soundEvent: minecraft:minecart.base
[13:31:33] [Client thread/WARN]: Unable to play unknown soundEvent: minecraft:step.stone
[13:31:33] [Client thread/WARN]: Unable to play unknown soundEvent: minecraft:mob.zombiepig.zpig
[13:31:33] [Client thread/WARN]: Unable to play unknown soundEvent: minecraft:step.stone
[13:31:34] [Client thread/WARN]: Unable to play unknown soundEvent: minecraft:mob.villager.idle
[13:31:35] [Client thread/WARN]: Unable to play unknown soundEvent: minecraft:mob.zombiepig.zpig
[13:31:36] [Client thread/WARN]: Unable to play unknown soundEvent: minecraft:step.stone
[13:31:36] [Client thread/WARN]: Unable to play unknown soundEvent: minecraft:mob.zombiepig.zpighurt
[13:31:36] [Client thread/WARN]: Unable to play unknown soundEvent: minecraft:mob.zombie.step
[13:31:37] [Client thread/WARN]: Unable to play unknown soundEvent: minecraft:step.stone
[13:31:37] [Client thread/WARN]: Unable to play unknown soundEvent: minecraft:mob.zombie.step
[13:31:37] [Client thread/WARN]: Unable to play unknown soundEvent: minecraft:mob.zombiepig.zpigangry
[13:31:37] [Client thread/WARN]: Unable to play unknown soundEvent: minecraft:step.stone
[13:31:37] [Client thread/WARN]: Unable to play unknown soundEvent: minecraft:mob.zombie.step
[13:31:37] [Client thread/WARN]: Unable to play unknown soundEvent: minecraft:step.stone
[13:31:37] [Client thread/WARN]: Unable to play unknown soundEvent: minecraft:mob.zombiepig.zpighurt
[13:31:37] [Client thread/WARN]: Unable to play unknown soundEvent: minecraft:step.sand
[13:31:38] [Client thread/WARN]: Unable to play unknown soundEvent: minecraft:random.orb
[13:31:38] [Client thread/WARN]: Unable to play unknown soundEvent: minecraft:random.orb
[13:31:38] [Client thread/WARN]: Unable to play unknown soundEvent: minecraft:step.sand
[13:31:38] [Client thread/WARN]: Unable to play unknown soundEvent: minecraft:mob.zombiepig.zpighurt
[13:31:38] [Client thread/WARN]: Unable to play unknown soundEvent: minecraft:minecart.base
[13:31:38] [Client thread/WARN]: Unable to play unknown soundEvent: minecraft:minecart.base
[13:31:38] [Client thread/WARN]: Unable to play unknown soundEvent: minecraft:step.sand
[13:31:38] [Client thread/WARN]: Unable to play unknown soundEvent: minecraft:step.sand
[13:31:39] [Client thread/WARN]: Unable to play unknown soundEvent: minecraft:mob.zombie.step
[13:31:39] [Client thread/WARN]: Unable to play unknown soundEvent: minecraft:minecart.base
[13:31:39] [Client thread/WARN]: Unable to play unknown soundEvent: minecraft:step.sand
[13:31:39] [Client thread/WARN]: Unable to play unknown soundEvent: minecraft:mob.zombie.step
[13:31:39] [Client thread/WARN]: Unable to play unknown soundEvent: minecraft:step.sand
[13:31:39] [Client thread/WARN]: Unable to play unknown soundEvent: minecraft:mob.zombiepig.zpigangry
[13:31:39] [Client thread/WARN]: Unable to play unknown soundEvent: minecraft:step.sand
[13:31:40] [Client thread/WARN]: Unable to play unknown soundEvent: minecraft:mob.zombie.step
[13:31:40] [Client thread/WARN]: Unable to play unknown soundEvent: minecraft:step.sand
[13:31:40] [Client thread/WARN]: Unable to play unknown soundEvent: minecraft:mob.zombiepig.zpighurt
[13:31:40] [Client thread/WARN]: Unable to play unknown soundEvent: minecraft:step.sand
[13:31:40] [Client thread/WARN]: Unable to play unknown soundEvent: minecraft:step.sand
[13:31:41] [Client thread/WARN]: Unable to play unknown soundEvent: minecraft:mob.zombie.step
[13:31:41] [Client thread/WARN]: Unable to play unknown soundEvent: minecraft:mob.zombiepig.zpighurt
[13:31:41] [Client thread/WARN]: Unable to play unknown soundEvent: minecraft:mob.zombiepig.zpig
[13:31:41] [Client thread/WARN]: Unable to play unknown soundEvent: minecraft:step.sand
[13:31:41] [Client thread/WARN]: Unable to play unknown soundEvent: minecraft:mob.zombie.step
[13:31:41] [Client thread/WARN]: Unable to play unknown soundEvent: minecraft:mob.zombiepig.zpigangry
[13:31:41] [Client thread/WARN]: Unable to play unknown soundEvent: minecraft:mob.zombiepig.zpighurt
[13:31:42] [Client thread/WARN]: Unable to play unknown soundEvent: minecraft:step.sand
[13:31:42] [Client thread/WARN]: Unable to play unknown soundEvent: minecraft:step.sand
[13:31:42] [Client thread/WARN]: Unable to play unknown soundEvent: minecraft:mob.zombie.step
[13:31:42] [Client thread/WARN]: Unable to play unknown soundEvent: minecraft:step.sand
[13:31:42] [Client thread/WARN]: Unable to play unknown soundEvent: minecraft:mob.zombie.step
[13:31:43] [Client thread/WARN]: Unable to play unknown soundEvent: minecraft:step.sand
[13:31:43] [Client thread/WARN]: Unable to play unknown soundEvent: minecraft:step.sand
[13:31:43] [Client thread/WARN]: Unable to play unknown soundEvent: minecraft:mob.zombiepig.zpighurt
[13:31:43] [Client thread/WARN]: Unable to play unknown soundEvent: minecraft:mob.zombiepig.zpigangry
[13:31:43] [Client thread/WARN]: Unable to play unknown soundEvent: minecraft:mob.zombie.step
[13:31:43] [Client thread/WARN]: Unable to play unknown soundEvent: minecraft:step.sand
[13:31:44] [Client thread/WARN]: Unable to play unknown soundEvent: minecraft:mob.zombie.step
[13:31:44] [Client thread/WARN]: Unable to play unknown soundEvent: minecraft:step.sand
[13:31:44] [Client thread/WARN]: Unable to play unknown soundEvent: minecraft:mob.zombiepig.zpighurt
[13:31:44] [Client thread/WARN]: Unable to play unknown soundEvent: minecraft:step.sand
[13:31:45] [Client thread/WARN]: Unable to play unknown soundEvent: minecraft:step.sand
[13:31:45] [Client thread/WARN]: Unable to play unknown soundEvent: minecraft:mob.zombie.step
[13:31:45] [Client thread/WARN]: Unable to play unknown soundEvent: minecraft:step.sand
[13:31:45] [Client thread/WARN]: Unable to play unknown soundEvent: minecraft:mob.zombiepig.zpighurt
[13:31:45] [Client thread/WARN]: Unable to play unknown soundEvent: minecraft:step.sand
[13:31:46] [Client thread/WARN]: Unable to play unknown soundEvent: minecraft:dig.sand
[13:31:46] [Client thread/WARN]: Unable to play unknown soundEvent: minecraft:mob.zombie.step
[13:31:46] [Client thread/WARN]: Unable to play unknown soundEvent: minecraft:mob.zombie.step
[13:31:46] [Client thread/WARN]: Unable to play unknown soundEvent: minecraft:step.sand
[13:31:46] [Client thread/WARN]: Unable to play unknown soundEvent: minecraft:step.sand
[13:31:46] [Client thread/WARN]: Unable to play unknown soundEvent: minecraft:step.sand
[13:31:47] [Client thread/WARN]: Unable to play unknown soundEvent: minecraft:mob.zombie.step
[13:31:47] [Client thread/WARN]: Unable to play unknown soundEvent: minecraft:step.sand
[13:31:47] [Client thread/WARN]: Unable to play unknown soundEvent: minecraft:mob.zombiepig.zpigangry
[13:31:47] [Client thread/WARN]: Unable to play unknown soundEvent: minecraft:mob.zombiepig.zpig
[13:31:47] [Client thread/WARN]: Unable to play unknown soundEvent: minecraft:dig.sand
[13:31:47] [Client thread/WARN]: Unable to play unknown soundEvent: minecraft:mob.zombie.step
[13:31:47] [Client thread/WARN]: Unable to play unknown soundEvent: minecraft:step.sand
[13:31:48] [Client thread/WARN]: Unable to play unknown soundEvent: minecraft:step.sand
[13:31:48] [Client thread/WARN]: Unable to play unknown soundEvent: minecraft:step.sand
[13:31:49] [Client thread/INFO]: Stopping!
[13:31:49] [Client thread/INFO]: SoundSystem shutting down...
[13:31:49] [Server thread/INFO]: Stopping server
[13:31:49] [Server thread/INFO]: Saving players
[13:31:49] [Server thread/INFO]: Saving worlds
[13:31:49] [Server thread/INFO]: Saving chunks for level 'mcpworld'/Overworld
[13:31:49] [Server thread/INFO]: Saving chunks for level 'mcpworld'/Nether
[13:31:49] [Server thread/INFO]: Saving chunks for level 'mcpworld'/The End
[13:31:49] [Client thread/WARN]: Author: Paul Lamb, www.paulscode.com
